,faithfulness,naturalness,score,motion,motion_index,selected
0,0.2922,0.3175,0.0928,An_individual_goes_down_to_touch_their_toes_and_then_stands_back_up,63,False
1,0.2791,0.3489,0.0974,An_individual_touches_their_toes_and_returns_to_a_standing_position,45,False
2,0.2901,0.3385,0.0982,A_person_lifts_their_knee_to_their_chest,73,False
3,0.237,0.4216,0.0999,A_person_raises_a_knee_to_their_chest,43,False
4,0.2546,0.3967,0.101,A_person_raises_a_knee_to_their_chest,95,False
5,0.2491,0.4177,0.1041,A_person_raises_a_knee_to_their_chest,85,False
6,0.3597,0.2893,0.1041,Someone_leans_down_to_touch_their_toes_and_stands_back_up,68,False
7,0.3582,0.2993,0.1072,Someone_rolls_forward_and_gets_up,97,False
8,0.3058,0.3512,0.1074,A_person_lifts_their_knee_to_their_chest,4,False
9,0.2995,0.3586,0.1074,A_person_lifts_their_knee_to_their_chest,70,False
10,0.3353,0.3208,0.1076,Someone_rolls_forward_and_gets_up,8,False
11,0.3025,0.3581,0.1083,Someone_touches_their_toes_and_stands_back_up,89,False
12,0.2552,0.4248,0.1084,A_person_raises_a_knee_to_their_chest,72,False
13,0.3262,0.3356,0.1095,Someone_rolls_forward_and_gets_up,85,False
14,0.3187,0.3451,0.11,An_individual_touches_their_toes_and_returns_to_a_standing_position,29,False
15,0.2872,0.3835,0.1101,An_individual_goes_down_to_touch_their_toes_and_then_stands_back_up,83,False
16,0.2453,0.449,0.1101,A_person_raises_a_knee_to_their_chest,82,False
17,0.3392,0.3297,0.1118,An_individual_brings_their_knee_close_to_their_chest,63,False
18,0.2691,0.4164,0.1121,A_person_raises_a_knee_to_their_chest,51,False
19,0.2557,0.4386,0.1121,A_person_raises_a_knee_to_their_chest,49,False
20,0.2712,0.4151,0.1126,An_individual_rolls_forward_and_rises,10,False
21,0.4047,0.2793,0.113,A_person_brings_their_knee_in_towards_their_chest,0,False
22,0.252,0.4511,0.1137,A_person_raises_a_knee_to_their_chest,30,False
23,0.2645,0.431,0.114,A_person_raises_a_knee_to_their_chest,84,False
24,0.2698,0.4235,0.1143,A_person_brings_their_knee_in_towards_their_chest,27,False
25,0.2618,0.4406,0.1154,A_person_raises_a_knee_to_their_chest,77,False
26,0.2743,0.4237,0.1162,A_person_raises_a_knee_to_their_chest,69,False
27,0.3827,0.3045,0.1165,An_individual_reaches_down_to_their_toes_and_stands_up_straight,21,False
28,0.2905,0.4018,0.1167,A_person_raises_a_knee_to_their_chest,29,False
29,0.4053,0.2882,0.1168,Someone_rolls_forward_and_gets_up,95,False
30,0.2899,0.4044,0.1173,A_person_raises_a_knee_to_their_chest,46,False
31,0.3551,0.3309,0.1175,An_individual_goes_down_to_touch_their_toes_and_then_stands_back_up,1,False
32,0.2616,0.4511,0.118,An_individual_raises_a_knee_towards_their_chest,22,False
33,0.4382,0.2696,0.1181,Someone_springs_up_off_the_ground,76,False
34,0.3042,0.3885,0.1182,Someone_springs_up_off_the_ground,1,False
35,0.3394,0.3486,0.1183,Someone_springs_up_off_the_ground,15,False
36,0.3152,0.3754,0.1183,An_individual_reaches_down_to_their_toes_and_stands_up_straight,31,False
37,0.315,0.3756,0.1183,A_person_raises_a_knee_to_their_chest,56,False
38,0.3783,0.3135,0.1186,A_person_bends_their_leg_and_raises_their_knee_to_their_chest,25,False
39,0.3575,0.3323,0.1188,Someone_rolls_forward_and_gets_up,76,False
40,0.2648,0.4489,0.1189,A_person_raises_a_knee_to_their_chest,36,False
41,0.2883,0.4136,0.1193,A_person_raises_a_knee_to_their_chest,76,False
42,0.3834,0.3113,0.1193,Someone_rolls_forward_and_gets_up,2,False
43,0.5176,0.2309,0.1195,Someone_springs_up_off_the_ground,33,False
44,0.2731,0.4383,0.1197,A_person_lifts_their_knee_to_their_chest,83,False
45,0.2706,0.4432,0.1199,An_individual_raises_a_knee_towards_their_chest,36,False
46,0.3257,0.3706,0.1207,A_person_lifts_their_knee_to_their_chest,85,False
47,0.3028,0.3997,0.121,An_individual_touches_their_toes_and_returns_to_a_standing_position,34,False
48,0.3065,0.3964,0.1215,A_person_raises_a_knee_to_their_chest,1,False
49,0.4614,0.2639,0.1218,An_individual_reaches_down_to_their_toes_and_stands_up_straight,74,False
50,0.2832,0.4321,0.1224,A_person_raises_a_knee_to_their_chest,48,False
51,0.3167,0.3869,0.1226,Someone_moves_forward_by_rolling_and_then_stands,51,False
52,0.3759,0.3266,0.1228,An_individual_lifts_a_knee_up_to_their_chest,91,False
53,0.3462,0.3548,0.1228,Someone_rolls_forward_and_gets_up,93,False
54,0.2768,0.4443,0.123,A_person_raises_a_knee_to_their_chest,70,False
55,0.3359,0.3664,0.123,A_person_lifts_their_knee_to_their_chest,0,False
56,0.2901,0.4259,0.1235,A_person_raises_a_knee_to_their_chest,24,False
57,0.2986,0.4135,0.1235,A_person_stretches_to_touch_their_toes_and_then_rises,54,False
58,0.2751,0.4494,0.1236,A_person_raises_a_knee_to_their_chest,47,False
59,0.3944,0.314,0.1238,A_person_brings_their_knee_in_towards_their_chest,56,False
60,0.322,0.3858,0.1242,A_person_reaches_for_their_toes_and_gets_back_up,57,False
61,0.2935,0.4237,0.1244,A_person_stretches_to_touch_their_toes_and_then_rises,64,False
62,0.3165,0.3933,0.1245,A_person_lifts_their_knee_to_their_chest,75,False
63,0.3891,0.3212,0.125,Someone_elevates_their_knee_to_their_chest,57,False
64,0.3292,0.3801,0.1251,Someone_moves_forward_by_rolling_and_then_stands,37,False
65,0.4365,0.2872,0.1254,Someone_springs_up_off_the_ground,67,False
66,0.3072,0.4084,0.1255,A_person_lifts_their_knee_to_their_chest,16,False
67,0.2871,0.4388,0.126,A_person_raises_a_knee_to_their_chest,73,False
68,0.3307,0.3826,0.1265,Someone_moves_forward_by_rolling_and_then_stands,21,False
69,0.3064,0.4132,0.1266,An_individual_touches_their_toes_and_returns_to_a_standing_position,27,False
70,0.3769,0.3362,0.1267,Someone_rolls_forward_and_stands_up,74,False
71,0.2797,0.4534,0.1268,A_person_raises_a_knee_to_their_chest,33,False
72,0.2978,0.4278,0.1274,A_person_lifts_their_knee_to_their_chest,3,False
73,0.3831,0.3326,0.1274,Someone_springs_up_off_the_ground,12,False
74,0.289,0.4407,0.1274,A_person_raises_a_knee_to_their_chest,18,False
75,0.2972,0.4295,0.1276,A_person_raises_a_knee_to_their_chest,9,False
76,0.2917,0.4381,0.1278,An_individual_touches_their_toes_and_returns_to_a_standing_position,59,False
77,0.3815,0.3361,0.1282,Someone_moves_forward_by_rolling_and_then_stands,61,False
78,0.3046,0.4221,0.1286,A_person_raises_a_knee_to_their_chest,16,False
79,0.3139,0.4099,0.1287,An_individual_goes_down_to_touch_their_toes_and_then_stands_back_up,89,False
80,0.2955,0.4358,0.1288,Someone_pushes_a_large_object,9,False
81,0.3299,0.3903,0.1288,A_person_does_a_forward_roll_and_gets_up,83,False
82,0.335,0.3854,0.1291,An_individual_goes_down_to_touch_their_toes_and_then_stands_back_up,24,False
83,0.411,0.3143,0.1292,Someone_rolls_forward_and_stands_up,7,False
84,0.3318,0.3901,0.1294,A_person_pulls_their_knee_up_to_their_chest,89,False
85,0.3756,0.3451,0.1296,Someone_rolls_forward_and_gets_up,46,False
86,0.3472,0.3737,0.1297,A_person_pulls_their_knee_up_to_their_chest,85,False
87,0.2856,0.455,0.1299,An_individual_goes_down_to_touch_their_toes_and_then_stands_back_up,42,False
88,0.4015,0.3239,0.13,Someone_rolls_forward_and_gets_up,27,False
89,0.3637,0.3583,0.1303,A_person_pulls_their_knee_up_to_their_chest,14,False
90,0.2896,0.4499,0.1303,A_person_claps,54,False
91,0.3633,0.3596,0.1306,Someone_moves_forward_by_rolling_and_then_stands,77,False
92,0.3457,0.3786,0.1308,A_person_pulls_their_knee_up_to_their_chest,22,False
93,0.2904,0.4502,0.1308,A_person_raises_a_knee_to_their_chest,87,False
94,0.2833,0.4618,0.1309,A_person_raises_a_knee_to_their_chest,97,False
95,0.3243,0.4044,0.1311,A_person_raises_a_knee_to_their_chest,37,False
96,0.3792,0.3461,0.1312,Someone_rolls_forward_and_gets_up,24,False
97,0.3249,0.4039,0.1312,An_individual_lifts_a_knee_up_to_their_chest,0,False
98,0.3154,0.4164,0.1313,A_person_raises_a_knee_to_their_chest,41,False
99,0.3254,0.4036,0.1313,Someone_pushes_off_the_ground_and_rises,52,False
100,0.3147,0.4174,0.1313,A_person_rolls_ahead_and_gets_back_on_their_feet,85,False
101,0.2773,0.4735,0.1313,A_person_performs_a_clap,79,False
102,0.3906,0.3366,0.1315,A_person_lifts_their_knee_to_their_chest,55,False
103,0.3601,0.3652,0.1315,Someone_springs_up_off_the_ground,45,False
104,0.3867,0.3404,0.1316,Someone_rolls_forward_and_gets_up,80,False
105,0.3761,0.3503,0.1317,Someone_springs_up_off_the_ground,29,False
106,0.3271,0.4034,0.1319,An_individual_touches_their_toes_and_returns_to_a_standing_position,2,False
107,0.3626,0.3641,0.132,An_individual_touches_their_toes_and_returns_to_a_standing_position,63,False
108,0.317,0.417,0.1322,An_individual_goes_down_to_touch_their_toes_and_then_stands_back_up,27,False
109,0.3148,0.4199,0.1322,A_person_lifts_their_knee_to_their_chest,87,False
110,0.3098,0.427,0.1323,A_person_raises_a_knee_to_their_chest,42,False
111,0.3133,0.4222,0.1323,Someone_elevates_their_knee_to_their_chest,37,False
112,0.325,0.4073,0.1324,A_person_lifts_their_knee_to_their_chest,98,False
113,0.2661,0.4977,0.1324,An_individual_raises_a_knee_towards_their_chest,26,False
114,0.3848,0.3445,0.1325,Someone_rolls_forward_and_gets_up,38,False
115,0.2866,0.4632,0.1327,An_individual_raises_a_knee_towards_their_chest,88,False
116,0.3532,0.3764,0.1329,A_person_brings_their_knee_in_towards_their_chest,3,False
117,0.3207,0.4155,0.1332,Someone_springs_up_off_the_ground,64,False
118,0.4889,0.273,0.1334,An_individual_reaches_down_to_their_toes_and_stands_up_straight,20,False
119,0.3227,0.4134,0.1334,An_individual_lifts_a_knee_up_to_their_chest,23,False
120,0.4034,0.3311,0.1336,Someone_rolls_forward_and_gets_up,48,False
121,0.3594,0.3732,0.1341,A_person_pulls_their_knee_up_to_their_chest,63,False
122,0.3709,0.3616,0.1341,Someone_rolls_forward_and_gets_up,59,False
123,0.2864,0.4698,0.1345,An_individual_goes_down_to_touch_their_toes_and_then_stands_back_up,9,False
124,0.3664,0.3671,0.1345,Someone_moves_forward_by_rolling_and_then_stands,13,False
125,0.2986,0.4508,0.1346,A_person_raises_a_knee_to_their_chest,21,False
126,0.336,0.4004,0.1346,A_person_pushes_an_object_that_is_hard_to_lift,30,False
127,0.3566,0.3779,0.1347,Someone_moves_forward_by_rolling_and_then_stands,40,False
128,0.307,0.4391,0.1348,A_person_raises_a_knee_to_their_chest,61,False
129,0.3494,0.3867,0.1351,A_person_rotates_in_a_pirouette,48,False
130,0.3016,0.4483,0.1352,A_person_raises_a_knee_to_their_chest,54,False
131,0.449,0.3012,0.1352,A_person_reaches_for_their_toes_and_gets_back_up,61,False
132,0.3627,0.3729,0.1352,An_individual_lifts_a_knee_up_to_their_chest,79,False
133,0.3568,0.3799,0.1356,An_individual_goes_down_to_touch_their_toes_and_then_stands_back_up,47,False
134,0.2747,0.4935,0.1356,A_person_raises_a_knee_to_their_chest,94,False
135,0.3003,0.4529,0.136,A_person_raises_a_knee_to_their_chest,31,False
136,0.3961,0.3433,0.136,Someone_springs_up_off_the_ground,6,False
137,0.3811,0.3572,0.1361,A_person_lifts_their_knee_to_their_chest,21,False
138,0.3783,0.36,0.1362,A_person_stretches_to_touch_their_toes_and_then_rises,57,False
139,0.3333,0.4088,0.1363,A_person_lifts_their_knee_to_their_chest,27,False
140,0.3914,0.3486,0.1365,A_person_reaches_for_their_toes_and_gets_back_up,20,False
141,0.3134,0.4357,0.1365,A_person_raises_a_knee_to_their_chest,75,False
142,0.4431,0.3083,0.1366,An_individual_completes_a_pirouette,67,False
143,0.3524,0.3875,0.1366,A_person_lifts_their_knee_to_their_chest,23,False
144,0.3562,0.3841,0.1368,A_person_pulls_their_knee_up_to_their_chest,30,False
145,0.2963,0.4623,0.137,A_person_raises_a_knee_to_their_chest,50,False
146,0.3474,0.395,0.1372,A_person_reaches_for_their_toes_and_gets_back_up,84,False
147,0.3673,0.3738,0.1373,Someone_rolls_forward_and_gets_up,58,False
148,0.443,0.3109,0.1377,An_individual_reaches_down_to_their_toes_and_stands_up_straight,92,False
149,0.3429,0.4015,0.1377,A_person_stretches_to_touch_their_toes_and_then_rises,46,False
150,0.3371,0.4085,0.1377,An_individual_reaches_down_to_their_toes_and_stands_up_straight,75,False
151,0.3922,0.3513,0.1378,Someone_springs_up_off_the_ground,18,False
152,0.4143,0.3326,0.1378,A_person_brings_their_knee_in_towards_their_chest,48,False
153,0.2903,0.4746,0.1378,An_individual_raises_a_knee_towards_their_chest,25,False
154,0.2905,0.4746,0.1379,A_person_raises_a_knee_to_their_chest,20,False
155,0.3368,0.41,0.1381,Someone_pushes_off_the_ground_and_rises,24,False
156,0.336,0.4109,0.1381,A_person_stretches_to_touch_their_toes_and_then_rises,6,False
157,0.2907,0.4753,0.1382,A_person_raises_a_knee_to_their_chest,98,False
158,0.3904,0.3539,0.1382,An_individual_goes_down_to_touch_their_toes_and_then_stands_back_up,52,False
159,0.3183,0.4344,0.1383,A_person_goes_up_into_the_air,2,False
160,0.4791,0.2888,0.1384,Someone_rolls_forward_and_gets_up,41,False
161,0.2813,0.4925,0.1385,An_individual_raises_a_knee_towards_their_chest,8,False
162,0.3775,0.3676,0.1388,A_person_lifts_their_knee_to_their_chest,90,False
163,0.2851,0.487,0.1389,An_individual_raises_a_knee_towards_their_chest,2,False
164,0.3883,0.3579,0.139,An_individual_touches_their_toes_and_returns_to_a_standing_position,48,False
165,0.3926,0.354,0.139,An_individual_reaches_down_to_their_toes_and_stands_up_straight,27,False
166,0.3401,0.409,0.1391,A_person_claps,43,False
167,0.3604,0.3863,0.1392,An_individual_touches_their_toes_and_returns_to_a_standing_position,28,False
168,0.353,0.3946,0.1393,An_individual_touches_their_toes_and_returns_to_a_standing_position,18,False
169,0.3183,0.4375,0.1393,A_person_lifts_their_knee_to_their_chest,2,False
170,0.3826,0.3644,0.1394,Someone_rolls_forward_and_gets_up,68,False
171,0.3641,0.3829,0.1394,Someone_elevates_their_knee_to_their_chest,93,False
172,0.3902,0.3581,0.1397,Someone_touches_their_toes_and_stands_back_up,94,False
173,0.3503,0.399,0.1398,A_person_goes_up_into_the_air,77,False
174,0.3051,0.4587,0.1399,A_person_raises_a_knee_to_their_chest,89,False
175,0.3017,0.4641,0.14,An_individual_raises_a_knee_towards_their_chest,74,False
176,0.4234,0.3313,0.1402,Someone_springs_up_off_the_ground,75,False
177,0.3802,0.3693,0.1404,Someone_springs_up_off_the_ground,58,False
178,0.3257,0.4311,0.1404,A_person_raises_a_knee_to_their_chest,93,False
179,0.3602,0.39,0.1405,A_person_rotates_in_a_pirouette,84,False
180,0.3177,0.4424,0.1406,A_person_lifts_their_knee_to_their_chest,92,False
181,0.3526,0.3989,0.1407,A_person_stretches_to_touch_their_toes_and_then_rises,37,False
182,0.4016,0.3507,0.1408,Someone_rolls_forward_and_gets_up,36,False
183,0.2948,0.4782,0.141,A_person_raises_a_knee_to_their_chest,14,False
184,0.3817,0.3697,0.1411,Someone_performs_a_pirouette,97,False
185,0.3997,0.353,0.1411,Someone_rolls_forward_and_gets_up,0,False
186,0.322,0.4387,0.1412,A_person_raises_a_knee_to_their_chest,13,False
187,0.3497,0.4037,0.1412,A_person_lifts_their_knee_to_their_chest,47,False
188,0.3667,0.3852,0.1412,An_individual_goes_down_to_touch_their_toes_and_then_stands_back_up,33,False
189,0.3699,0.3819,0.1413,A_person_raises_a_knee_to_their_chest,91,False
190,0.4799,0.2946,0.1414,Someone_performs_a_pirouette,77,False
191,0.3497,0.4045,0.1414,An_individual_goes_down_to_touch_their_toes_and_then_stands_back_up,0,False
192,0.3406,0.415,0.1414,Someone_touches_their_toes_and_stands_back_up,10,False
193,0.3811,0.3711,0.1414,A_person_bends_their_leg_and_raises_their_knee_to_their_chest,65,False
194,0.3935,0.3597,0.1415,Someone_moves_forward_by_rolling_and_then_stands,80,False
195,0.3166,0.4476,0.1417,Someone_elevates_their_knee_to_their_chest,40,False
196,0.4114,0.3447,0.1418,Someone_rolls_forward_and_gets_up,4,False
197,0.3503,0.4049,0.1418,An_individual_lifts_a_knee_up_to_their_chest,99,False
198,0.3243,0.4373,0.1418,Someone_moves_forward_by_rolling_and_then_stands,96,False
199,0.3941,0.3601,0.1419,A_person_pushes_an_object_that_is_hard_to_lift,67,False
200,0.4426,0.3208,0.142,Someone_springs_up_off_the_ground,22,False
201,0.3557,0.4002,0.1424,Someone_moves_forward_by_rolling_and_then_stands,70,False
202,0.4704,0.3027,0.1424,Someone_rolls_forward_and_gets_up,34,False
203,0.3504,0.4067,0.1425,Someone_touches_their_toes_and_stands_back_up,6,False
204,0.3772,0.378,0.1426,A_person_pulls_their_knee_up_to_their_chest,77,False
205,0.2803,0.5098,0.1429,An_individual_raises_a_knee_towards_their_chest,75,False
206,0.28,0.5105,0.1429,An_individual_raises_a_knee_towards_their_chest,20,False
207,0.3116,0.4587,0.1429,A_person_raises_a_knee_to_their_chest,35,False
208,0.3592,0.3979,0.1429,Someone_moves_forward_by_rolling_and_then_stands,8,False
209,0.3826,0.374,0.1431,Someone_rolls_forward_and_gets_up,53,False
210,0.3269,0.4377,0.1431,A_person_raises_a_knee_to_their_chest,32,False
211,0.3743,0.3827,0.1432,Someone_springs_up_off_the_ground,44,False
212,0.3612,0.3972,0.1434,Someone_touches_their_toes_and_stands_back_up,83,False
213,0.4293,0.3343,0.1435,Someone_rolls_forward_and_gets_up,73,False
214,0.368,0.3899,0.1435,A_person_brings_their_knee_in_towards_their_chest,23,False
215,0.4118,0.3488,0.1436,Someone_rolls_forward_and_gets_up,30,False
216,0.354,0.4059,0.1437,Someone_leans_down_to_touch_their_toes_and_stands_back_up,0,False
217,0.3542,0.4056,0.1437,A_person_pulls_their_knee_up_to_their_chest,41,False
218,0.3242,0.444,0.1439,Someone_leans_down_to_touch_their_toes_and_stands_back_up,98,False
219,0.4638,0.3108,0.1441,Someone_rolls_forward_and_gets_up,1,False
220,0.304,0.4744,0.1442,An_individual_raises_a_knee_towards_their_chest,54,False
221,0.457,0.3157,0.1443,An_individual_reaches_down_to_their_toes_and_stands_up_straight,97,False
222,0.3409,0.424,0.1445,An_individual_goes_down_to_touch_their_toes_and_then_stands_back_up,44,False
223,0.305,0.4742,0.1446,A_person_performs_a_clap,87,False
224,0.3548,0.4076,0.1446,A_person_lifts_their_knee_to_their_chest,14,False
225,0.3175,0.4562,0.1448,A_person_claps,55,False
226,0.3278,0.4421,0.1449,An_individual_touches_their_toes_and_returns_to_a_standing_position,41,False
227,0.3574,0.4056,0.1449,Someone_leans_down_to_touch_their_toes_and_stands_back_up,20,False
228,0.4139,0.3503,0.145,Someone_springs_up_off_the_ground,47,False
229,0.4691,0.3091,0.145,Someone_springs_up_off_the_ground,2,False
230,0.3901,0.3721,0.1451,An_individual_reaches_down_to_their_toes_and_stands_up_straight,98,False
231,0.3498,0.4159,0.1455,A_person_lifts_their_knee_to_their_chest,66,False
232,0.3181,0.4578,0.1456,A_person_raises_a_knee_to_their_chest,71,False
233,0.3754,0.3879,0.1456,Someone_springs_up_off_the_ground,68,False
234,0.3062,0.4757,0.1457,A_person_lifts_their_knee_to_their_chest,11,False
235,0.3076,0.4744,0.1459,An_individual_claps_in_celebration,27,False
236,0.3689,0.3959,0.146,Someone_rolls_forward_and_gets_up,54,False
237,0.2875,0.5083,0.1461,An_individual_tumbles_forward_and_then_gets_up,94,False
238,0.3654,0.3999,0.1461,Someone_rolls_in_a_forward_motion_and_stands_up,48,False
239,0.3947,0.371,0.1464,Someone_rolls_forward_and_gets_up,77,False
240,0.3037,0.4821,0.1464,A_person_raises_a_knee_to_their_chest,65,False
241,0.3229,0.4538,0.1465,A_person_raises_a_knee_to_their_chest,92,False
242,0.3705,0.3953,0.1465,A_person_lifts_their_knee_to_their_chest,37,False
243,0.2789,0.5253,0.1465,An_individual_claps_in_celebration,87,False
244,0.3974,0.3686,0.1465,Someone_rolls_forward_and_gets_up,69,False
245,0.3934,0.3728,0.1467,Someone_rolls_forward_and_gets_up,98,False
246,0.3622,0.405,0.1467,A_person_jumps_straight_up,63,False
247,0.3054,0.4802,0.1467,A_person_raises_a_knee_to_their_chest,45,False
248,0.3332,0.4407,0.1468,A_person_raises_a_knee_to_their_chest,83,False
249,0.4146,0.3542,0.1468,A_person_brings_their_knee_in_towards_their_chest,2,False
250,0.3102,0.4735,0.1469,A_person_raises_a_knee_to_their_chest,64,False
251,0.2952,0.4981,0.147,An_individual_raises_a_knee_towards_their_chest,62,False
252,0.2735,0.5375,0.147,An_individual_claps_in_celebration,47,False
253,0.343,0.4288,0.1471,A_person_pulls_their_knee_up_to_their_chest,72,False
254,0.3289,0.4474,0.1471,Someone_pushes_a_large_object,45,False
255,0.4131,0.3563,0.1472,Someone_executes_a_pirouette,65,False
256,0.3933,0.3743,0.1472,Someone_springs_up_off_the_ground,27,False
257,0.3151,0.4678,0.1474,A_person_raises_a_knee_to_their_chest,52,False
258,0.2953,0.4992,0.1474,An_individual_raises_a_knee_towards_their_chest,45,False
259,0.3045,0.4849,0.1477,A_person_raises_a_knee_to_their_chest,3,False
260,0.3847,0.3839,0.1477,A_person_lifts_their_knee_to_their_chest,22,False
261,0.2893,0.5107,0.1478,A_person_claps,62,False
262,0.3333,0.4435,0.1478,An_individual_lifts_a_knee_up_to_their_chest,52,False
263,0.4545,0.3253,0.1478,An_individual_reaches_down_to_their_toes_and_stands_up_straight,35,False
264,0.3836,0.3856,0.1479,Someone_springs_up_off_the_ground,8,False
265,0.4516,0.3286,0.1484,Someone_bends_down_to_touch_their_toes_and_then_stands_up,97,False
266,0.3655,0.406,0.1484,A_person_bends_their_leg_and_raises_their_knee_to_their_chest,82,False
267,0.3447,0.4307,0.1485,An_individual_goes_down_to_touch_their_toes_and_then_stands_back_up,6,False
268,0.425,0.3495,0.1485,An_individual_goes_down_to_touch_their_toes_and_then_stands_back_up,76,False
269,0.4838,0.3074,0.1487,An_individual_reaches_down_to_their_toes_and_stands_up_straight,72,False
270,0.291,0.5111,0.1487,An_individual_raises_a_knee_towards_their_chest,58,False
271,0.3084,0.4823,0.1487,An_individual_raises_a_knee_towards_their_chest,0,False
272,0.4168,0.3571,0.1488,An_individual_rolls_forward_and_quickly_gets_up,72,False
273,0.3631,0.4099,0.1488,An_individual_reaches_down_to_their_toes_and_stands_up_straight,25,False
274,0.3612,0.4121,0.1488,An_individual_tumbles_forward_and_then_gets_up,61,False
275,0.3256,0.4573,0.1489,A_person_raises_a_knee_to_their_chest,10,False
276,0.3473,0.4291,0.149,Someone_pushes_a_large_object,0,False
277,0.3424,0.4355,0.1491,A_person_stretches_to_touch_their_toes_and_then_rises,80,False
278,0.3511,0.4247,0.1491,An_individual_rolls_forward_and_rises,45,False
279,0.3357,0.4448,0.1493,An_individual_goes_down_to_touch_their_toes_and_then_stands_back_up,62,False
280,0.4099,0.3642,0.1493,Someone_rolls_forward_and_gets_up,81,False
281,0.3016,0.4948,0.1493,An_individual_raises_a_knee_towards_their_chest,49,False
282,0.3749,0.3983,0.1494,Someone_rolls_in_a_forward_motion_and_stands_up,90,False
283,0.3327,0.4495,0.1495,A_person_raises_a_knee_to_their_chest,27,False
284,0.3274,0.4571,0.1496,A_person_raises_a_knee_to_their_chest,11,False
285,0.4402,0.3398,0.1496,Someone_bends_down_to_touch_their_toes_and_then_stands_up,60,False
286,0.3272,0.4578,0.1498,A_person_raises_a_knee_to_their_chest,74,False
287,0.4166,0.3595,0.1498,Someone_springs_up_off_the_ground,7,False
288,0.2897,0.5176,0.1499,An_individual_raises_a_knee_towards_their_chest,50,False
289,0.3161,0.4742,0.1499,An_individual_claps_in_celebration,3,False
290,0.3993,0.3755,0.1499,A_person_brings_their_knee_in_towards_their_chest,21,False
291,0.3786,0.3962,0.15,Someone_rolls_forward_and_stands_up,40,False
292,0.3104,0.4833,0.15,An_individual_claps_in_celebration,65,False
293,0.3542,0.4234,0.15,A_person_raises_a_knee_to_their_chest,23,False
294,0.3158,0.475,0.15,An_individual_tumbles_forward_and_then_gets_up,63,False
295,0.3708,0.4048,0.1501,Someone_touches_their_toes_and_stands_back_up,65,False
296,0.4156,0.3614,0.1502,A_person_lifts_their_knee_to_their_chest,62,False
297,0.3739,0.4016,0.1502,A_person_rotates_in_a_pirouette,17,False
298,0.3545,0.424,0.1503,A_person_stretches_to_touch_their_toes_and_then_rises,27,False
299,0.3815,0.3944,0.1504,An_individual_goes_down_to_touch_their_toes_and_then_stands_back_up,16,False
300,0.3991,0.3768,0.1504,An_individual_goes_down_to_touch_their_toes_and_then_stands_back_up,96,False
301,0.3093,0.4868,0.1506,A_person_raises_a_knee_to_their_chest,68,False
302,0.3523,0.4276,0.1507,Someone_touches_their_toes_and_stands_back_up,51,False
303,0.4636,0.3252,0.1508,Someone_springs_up_off_the_ground,95,False
304,0.3468,0.435,0.1508,An_individual_lifts_a_knee_up_to_their_chest,28,False
305,0.3904,0.3862,0.1508,A_person_pulls_their_knee_up_to_their_chest,24,False
306,0.3673,0.4108,0.1509,Someone_moves_forward_by_rolling_and_then_stands,27,False
307,0.4617,0.3268,0.1509,A_person_pushes_an_object_that_is_hard_to_lift,76,False
308,0.3735,0.4039,0.1509,Someone_moves_forward_by_rolling_and_then_stands,7,False
309,0.3491,0.4326,0.151,A_person_claps,49,False
310,0.3452,0.4375,0.151,A_person_reaches_for_their_toes_and_gets_back_up,36,False
311,0.3754,0.4024,0.1511,Someone_springs_up_off_the_ground,94,False
312,0.3858,0.3918,0.1511,Someone_touches_their_toes_and_stands_back_up,72,False
313,0.439,0.3445,0.1512,A_person_brings_their_knee_in_towards_their_chest,5,False
314,0.4719,0.3203,0.1512,Someone_rolls_forward_and_gets_up,47,False
315,0.3767,0.4015,0.1512,An_individual_touches_their_toes_and_returns_to_a_standing_position,69,False
316,0.3594,0.4209,0.1513,Someone_moves_forward_by_rolling_and_then_stands,74,False
317,0.3539,0.4276,0.1513,Someone_elevates_their_knee_to_their_chest,42,False
318,0.3171,0.4774,0.1514,A_person_goes_up_into_the_air,79,False
319,0.2937,0.5156,0.1514,An_individual_raises_a_knee_towards_their_chest,65,False
320,0.2894,0.5232,0.1514,An_individual_raises_a_knee_towards_their_chest,27,False
321,0.3541,0.428,0.1515,An_individual_brings_their_knee_close_to_their_chest,79,False
322,0.4601,0.3293,0.1515,Someone_bends_down_to_touch_their_toes_and_then_stands_up,64,False
323,0.5142,0.2948,0.1516,A_person_brings_their_knee_in_towards_their_chest,39,False
324,0.3342,0.4539,0.1517,Someone_touches_their_toes_and_stands_back_up,52,False
325,0.297,0.5109,0.1517,An_individual_raises_a_knee_towards_their_chest,86,False
326,0.393,0.3859,0.1517,Someone_moves_forward_by_rolling_and_then_stands,1,False
327,0.3309,0.4584,0.1517,A_person_performs_a_clap,44,False
328,0.3519,0.4314,0.1518,A_person_goes_up_into_the_air,15,False
329,0.4216,0.36,0.1518,A_person_lifts_their_knee_to_their_chest,31,False
330,0.3558,0.4271,0.1519,Someone_pushes_off_the_ground_and_rises,46,False
331,0.3968,0.3827,0.1519,A_person_pulls_their_knee_up_to_their_chest,47,False
332,0.3047,0.4987,0.152,A_person_raises_a_knee_to_their_chest,39,False
333,0.3011,0.5048,0.152,An_individual_raises_a_knee_towards_their_chest,94,False
334,0.39,0.3897,0.152,Someone_springs_up_off_the_ground,40,False
335,0.4462,0.3407,0.152,An_individual_reaches_down_to_their_toes_and_stands_up_straight,29,False
336,0.281,0.5412,0.1521,An_individual_raises_a_knee_towards_their_chest,40,False
337,0.33,0.4617,0.1524,A_person_claps,60,False
338,0.4318,0.353,0.1524,An_individual_touches_their_toes_and_returns_to_a_standing_position,55,False
339,0.4626,0.3297,0.1525,A_person_bends_to_touch_their_toes_and_stands_again,19,False
340,0.3653,0.4177,0.1526,Someone_moves_forward_by_rolling_and_then_stands,64,False
341,0.366,0.4184,0.1531,Someone_moves_forward_by_rolling_and_then_stands,0,False
342,0.4361,0.3511,0.1531,Someone_moves_forward_by_rolling_and_then_stands,18,False
343,0.3842,0.3985,0.1531,Someone_moves_forward_by_rolling_and_then_stands,84,False
344,0.3464,0.4423,0.1532,A_person_claps_their_hands,55,False
345,0.2983,0.5139,0.1533,An_individual_raises_a_knee_towards_their_chest,23,False
346,0.335,0.4579,0.1534,An_individual_goes_down_to_touch_their_toes_and_then_stands_back_up,36,False
347,0.377,0.4069,0.1534,Someone_touches_their_toes_and_stands_back_up,14,False
348,0.3062,0.5014,0.1535,An_individual_raises_a_knee_towards_their_chest,96,False
349,0.3239,0.4742,0.1536,Someone_leaps_up_high,11,False
350,0.3479,0.4416,0.1536,A_person_raises_a_knee_to_their_chest,81,False
351,0.4135,0.3715,0.1536,Someone_rolls_forward_and_gets_up,31,False
352,0.3436,0.4476,0.1538,A_person_stretches_to_touch_their_toes_and_then_rises,65,False
353,0.3685,0.4176,0.1539,Someone_rolls_forward_and_gets_up,86,False
354,0.3502,0.4394,0.1539,A_person_lifts_their_knee_to_their_chest,20,False
355,0.3044,0.5056,0.1539,An_individual_raises_a_knee_towards_their_chest,5,False
356,0.4232,0.3638,0.154,A_person_rolls_ahead_and_gets_back_on_their_feet,56,False
357,0.2882,0.5342,0.154,A_person_raises_a_knee_to_their_chest,40,False
358,0.3159,0.4874,0.154,A_person_reaches_for_their_toes_and_gets_back_up,78,False
359,0.4069,0.3788,0.1541,A_person_lifts_their_knee_to_their_chest,56,False
360,0.4554,0.3385,0.1541,Someone_springs_up_off_the_ground,70,False
361,0.3368,0.4578,0.1542,A_person_raises_a_knee_to_their_chest,96,False
362,0.3737,0.413,0.1543,A_person_rotates_in_a_pirouette,7,False
363,0.4876,0.3167,0.1544,An_individual_reaches_down_to_their_toes_and_stands_up_straight,50,False
364,0.3762,0.4106,0.1545,An_individual_goes_down_to_touch_their_toes_and_then_stands_back_up,5,False
365,0.4085,0.3785,0.1546,A_person_reaches_for_their_toes_and_gets_back_up,30,False
366,0.3017,0.5129,0.1547,An_individual_raises_a_knee_towards_their_chest,47,False
367,0.3373,0.4588,0.1547,An_individual_jumps_up_into_the_air,18,False
368,0.3622,0.4271,0.1547,A_person_raises_a_knee_to_their_chest,55,False
369,0.37,0.4184,0.1548,An_individual_goes_down_to_touch_their_toes_and_then_stands_back_up,12,False
370,0.2853,0.5425,0.1548,An_individual_raises_a_knee_towards_their_chest,39,False
371,0.4153,0.373,0.1549,Someone_pushes_a_large_object,67,False
372,0.3287,0.4716,0.155,A_person_raises_a_knee_to_their_chest,0,False
373,0.415,0.3734,0.155,A_person_gives_a_round_of_applause,74,False
374,0.445,0.3482,0.155,Someone_rolls_forward_and_gets_up,79,False
375,0.4053,0.3829,0.1552,A_person_reaches_for_their_toes_and_gets_back_up,43,False
376,0.3848,0.4032,0.1552,An_individual_goes_down_to_touch_their_toes_and_then_stands_back_up,41,False
377,0.4966,0.3128,0.1553,Someone_bends_down_to_touch_their_toes_and_then_stands_up,46,False
378,0.3289,0.4724,0.1553,An_individual_touches_their_toes_and_returns_to_a_standing_position,43,False
379,0.3762,0.413,0.1554,A_person_pulls_their_knee_up_to_their_chest,76,False
380,0.3446,0.4514,0.1555,An_individual_goes_down_to_touch_their_toes_and_then_stands_back_up,81,False
381,0.3289,0.4729,0.1555,A_person_lifts_their_knee_to_their_chest,77,False
382,0.4149,0.3748,0.1555,Someone_elevates_their_knee_to_their_chest,98,False
383,0.3602,0.432,0.1556,Someone_pushes_a_large_object,61,False
384,0.3228,0.4819,0.1556,A_person_reaches_for_their_toes_and_gets_back_up,2,False
385,0.437,0.356,0.1556,A_person_rolls_ahead_and_gets_back_on_their_feet,52,False
386,0.3761,0.4141,0.1557,A_person_stretches_to_touch_their_toes_and_then_rises,35,False
387,0.4308,0.3614,0.1557,A_person_pulls_their_knee_up_to_their_chest,2,False
388,0.4312,0.3614,0.1558,Someone_rolls_forward_and_gets_up,45,False
389,0.3932,0.3964,0.1558,Someone_performs_a_forward_roll_and_then_stands,20,False
390,0.3659,0.4256,0.1558,Someone_performs_a_pirouette,93,False
391,0.3377,0.4615,0.1559,An_individual_touches_their_toes_and_returns_to_a_standing_position,72,False
392,0.3562,0.4375,0.1559,A_person_claps,18,False
393,0.4789,0.3256,0.1559,An_individual_reaches_down_to_their_toes_and_stands_up_straight,36,False
394,0.3126,0.499,0.156,An_individual_claps_in_celebration,26,False
395,0.4447,0.351,0.1561,Someone_leans_down_to_touch_their_toes_and_stands_back_up,65,False
396,0.3276,0.4766,0.1561,A_person_goes_up_into_the_air,54,False
397,0.4423,0.3532,0.1562,Someone_springs_up_off_the_ground,28,False
398,0.3297,0.4737,0.1562,An_individual_raises_a_knee_towards_their_chest,81,False
399,0.4662,0.3352,0.1563,Someone_springs_up_off_the_ground,35,False
400,0.4776,0.3272,0.1563,Someone_springs_up_off_the_ground,4,False
401,0.3989,0.3921,0.1564,Someone_rolls_forward_and_stands_up,93,False
402,0.3787,0.4129,0.1564,Someone_pushes_a_large_object,97,False
403,0.3921,0.3989,0.1564,Someone_leans_down_to_touch_their_toes_and_stands_back_up,37,False
404,0.3892,0.4019,0.1564,A_person_brings_their_knee_in_towards_their_chest,90,False
405,0.3085,0.5072,0.1565,An_individual_raises_a_knee_towards_their_chest,61,False
406,0.3718,0.421,0.1565,A_person_lifts_their_knee_to_their_chest,94,False
407,0.3258,0.4805,0.1565,A_person_claps,65,False
408,0.4366,0.359,0.1567,Someone_rolls_forward_and_gets_up,40,False
409,0.4478,0.3501,0.1568,An_individual_rolls_forward_and_quickly_gets_up,42,False
410,0.3159,0.4966,0.1568,A_person_rolls_forward_and_returns_to_a_standing_position,69,False
411,0.3254,0.482,0.1568,An_individual_goes_down_to_touch_their_toes_and_then_stands_back_up,97,False
412,0.3846,0.4077,0.1568,Someone_rolls_in_a_forward_motion_and_stands_up,59,False
413,0.3991,0.3934,0.157,Someone_leans_down_to_touch_their_toes_and_stands_back_up,35,False
414,0.3098,0.507,0.157,A_person_raises_a_knee_to_their_chest,34,False
415,0.3698,0.4247,0.1571,Someone_applauds_by_clapping,78,False
416,0.3527,0.446,0.1573,A_person_stretches_to_touch_their_toes_and_then_rises,12,False
417,0.3246,0.485,0.1574,An_individual_raises_a_knee_towards_their_chest,19,False
418,0.4212,0.3738,0.1575,Someone_performs_a_forward_roll_and_then_stands,4,False
419,0.4843,0.3253,0.1575,An_individual_reaches_down_to_their_toes_and_stands_up_straight,65,False
420,0.4302,0.3665,0.1576,A_person_rotates_in_a_pirouette,97,False
421,0.3369,0.4677,0.1576,An_individual_goes_down_to_touch_their_toes_and_then_stands_back_up,48,False
422,0.3942,0.4006,0.1579,Someone_moves_forward_by_rolling_and_then_stands,49,False
423,0.41,0.3851,0.1579,Someone_rolls_forward_and_gets_up,15,False
424,0.3513,0.4497,0.1579,A_person_claps,59,False
425,0.3279,0.4816,0.1579,A_person_lifts_their_knee_to_their_chest,74,False
426,0.3325,0.4752,0.158,A_person_raises_a_knee_to_their_chest,25,False
427,0.3395,0.4658,0.1581,A_person_lifts_their_knee_to_their_chest,97,False
428,0.3656,0.4325,0.1581,Someone_performs_a_pirouette,1,False
429,0.332,0.4765,0.1582,Someone_leans_down_to_touch_their_toes_and_stands_back_up,6,False
430,0.3016,0.5249,0.1583,A_person_raises_a_knee_to_their_chest,88,False
431,0.3376,0.4691,0.1584,An_individual_tumbles_forward_and_then_gets_up,20,False
432,0.4176,0.3796,0.1585,An_individual_reaches_down_to_their_toes_and_stands_up_straight,87,False
433,0.4556,0.348,0.1586,Someone_rolls_forward_and_gets_up,5,False
434,0.3767,0.4213,0.1587,An_individual_goes_down_to_touch_their_toes_and_then_stands_back_up,46,False
435,0.343,0.4626,0.1587,A_person_raises_a_knee_to_their_chest,58,False
436,0.3822,0.4154,0.1587,A_person_lifts_their_knee_to_their_chest,30,False
437,0.3617,0.4386,0.1587,An_individual_rolls_forward_and_quickly_gets_up,33,False
438,0.4346,0.3654,0.1588,Someone_rolls_forward_and_gets_up,89,False
439,0.3263,0.4868,0.1588,An_individual_raises_a_knee_towards_their_chest,17,False
440,0.3705,0.4288,0.1589,A_person_rolls_ahead_and_gets_back_on_their_feet,5,False
441,0.4073,0.3904,0.159,Someone_rolls_forward_and_gets_up,18,False
442,0.4405,0.3612,0.1591,An_individual_lifts_a_knee_up_to_their_chest,89,False
443,0.3534,0.4501,0.1591,An_individual_touches_their_toes_and_returns_to_a_standing_position,6,False
444,0.3878,0.4102,0.1591,A_person_brings_their_knee_in_towards_their_chest,28,False
445,0.4344,0.3664,0.1592,Someone_springs_up_off_the_ground,41,False
446,0.3954,0.403,0.1593,Someone_elevates_their_knee_to_their_chest,21,False
447,0.3737,0.4262,0.1593,A_person_bends_their_leg_and_raises_their_knee_to_their_chest,43,False
448,0.3491,0.4563,0.1593,A_person_raises_a_knee_to_their_chest,28,False
449,0.4052,0.393,0.1593,Someone_moves_forward_by_rolling_and_then_stands,31,False
450,0.4447,0.3585,0.1594,Someone_springs_up_off_the_ground,30,False
451,0.379,0.4206,0.1594,A_person_rolls_ahead_and_gets_back_on_their_feet,81,False
452,0.3635,0.4386,0.1594,A_person_stretches_to_touch_their_toes_and_then_rises,50,False
453,0.3343,0.4768,0.1594,A_person_gives_a_round_of_applause,64,False
454,0.4504,0.3539,0.1594,Someone_pushes_off_the_ground_and_rises,61,False
455,0.3478,0.4586,0.1595,Someone_moves_forward_by_rolling_and_then_stands,86,False
456,0.4049,0.3938,0.1595,An_individual_reaches_down_to_their_toes_and_stands_up_straight,59,False
457,0.4139,0.3854,0.1595,Someone_touches_their_toes_and_stands_back_up,16,False
458,0.3998,0.399,0.1595,An_individual_rolls_forward_and_quickly_gets_up,48,False
459,0.3939,0.4052,0.1596,A_person_pulls_their_knee_up_to_their_chest,60,False
460,0.3299,0.4846,0.1599,An_individual_claps_in_celebration,85,False
461,0.4017,0.3984,0.16,A_person_rolls_forward_and_returns_to_a_standing_position,95,False
462,0.379,0.4222,0.16,An_individual_touches_their_toes_and_returns_to_a_standing_position,12,False
463,0.424,0.3774,0.16,Someone_rolls_forward_and_gets_up,55,False
464,0.4067,0.3936,0.1601,Someone_moves_forward_by_rolling_and_then_stands,45,False
465,0.3241,0.4944,0.1602,A_person_raises_a_knee_to_their_chest,63,False
466,0.4488,0.3572,0.1603,Someone_bends_down_to_touch_their_toes_and_then_stands_up,93,False
467,0.4028,0.3979,0.1603,A_person_rotates_in_a_pirouette,54,False
468,0.4276,0.3752,0.1605,Someone_rolls_forward_and_gets_up,32,False
469,0.4124,0.3894,0.1606,A_person_brings_their_knee_in_towards_their_chest,66,False
470,0.3959,0.4059,0.1607,A_person_goes_up_into_the_air,24,False
471,0.3987,0.4031,0.1607,Someone_executes_a_pirouette,83,False
472,0.3986,0.4033,0.1608,Someone_elevates_their_knee_to_their_chest,67,False
473,0.3947,0.4074,0.1608,A_person_lifts_their_knee_to_their_chest,32,False
474,0.3956,0.4064,0.1608,Someone_rolls_forward_and_gets_up,62,False
475,0.3769,0.4269,0.1609,Someone_touches_their_toes_and_stands_back_up,62,False
476,0.4126,0.3901,0.161,Someone_positions_their_knee_at_chest_height,62,False
477,0.3917,0.4111,0.161,Someone_performs_a_pirouette,6,False
478,0.3905,0.4123,0.161,A_person_pulls_their_knee_up_to_their_chest,87,False
479,0.3285,0.4901,0.161,A_person_goes_up_into_the_air,70,False
480,0.3836,0.4198,0.161,Someone_performs_a_pirouette,49,False
481,0.4837,0.333,0.1611,An_individual_reaches_down_to_their_toes_and_stands_up_straight,23,False
482,0.3508,0.4594,0.1611,An_individual_touches_their_toes_and_returns_to_a_standing_position,74,False
483,0.4105,0.3925,0.1611,Someone_touches_their_toes_and_stands_back_up,24,False
484,0.3051,0.5285,0.1612,An_individual_raises_a_knee_towards_their_chest,44,False
485,0.4005,0.4026,0.1612,Someone_executes_a_pirouette,80,False
486,0.3271,0.4928,0.1612,A_person_claps,50,False
487,0.3919,0.4113,0.1612,Someone_pushes_a_large_object,73,False
488,0.469,0.344,0.1613,Someone_elevates_their_knee_to_their_chest,4,False
489,0.427,0.3777,0.1613,Someone_elevates_their_knee_to_their_chest,8,False
490,0.3931,0.4105,0.1614,Someone_rolls_forward_and_stands_up,0,False
491,0.4093,0.3943,0.1614,Someone_moves_forward_by_rolling_and_then_stands,90,False
492,0.4026,0.4012,0.1615,Someone_springs_up_off_the_ground,93,False
493,0.4436,0.3643,0.1616,Someone_rolls_forward_and_gets_up,14,False
494,0.3738,0.4323,0.1616,A_person_stretches_to_touch_their_toes_and_then_rises,20,False
495,0.3446,0.4692,0.1617,Someone_touches_their_toes_and_stands_back_up,81,False
496,0.3345,0.4832,0.1617,A_person_claps,32,False
497,0.3905,0.4145,0.1618,An_individual_touches_their_toes_and_returns_to_a_standing_position,36,False
498,0.4726,0.3424,0.1618,An_individual_reaches_down_to_their_toes_and_stands_up_straight,32,False
499,0.3425,0.4729,0.162,Someone_moves_forward_by_rolling_and_then_stands,76,False
500,0.4201,0.3857,0.162,A_person_goes_up_into_the_air,80,False
501,0.2963,0.5472,0.1621,An_individual_raises_a_knee_towards_their_chest,98,False
502,0.3859,0.4201,0.1621,Someone_moves_forward_by_rolling_and_then_stands,99,False
503,0.4226,0.3839,0.1622,Someone_moves_forward_by_rolling_and_then_stands,36,False
504,0.3509,0.4622,0.1622,A_person_stretches_to_touch_their_toes_and_then_rises,34,False
505,0.4799,0.338,0.1622,An_individual_brings_their_knee_close_to_their_chest,42,False
506,0.3589,0.4519,0.1622,An_individual_lifts_a_knee_up_to_their_chest,10,False
507,0.2993,0.542,0.1622,An_individual_claps_in_celebration,34,False
508,0.396,0.4098,0.1623,A_person_lifts_their_knee_to_their_chest,15,False
509,0.3876,0.4191,0.1624,Someone_leans_down_to_touch_their_toes_and_stands_back_up,63,False
510,0.3812,0.426,0.1624,A_person_lifts_their_knee_to_their_chest,8,False
511,0.3764,0.4315,0.1624,Someone_performs_a_pirouette,99,False
512,0.435,0.3733,0.1624,Someone_springs_up_off_the_ground,43,False
513,0.4444,0.3657,0.1625,Someone_springs_up_off_the_ground,13,False
514,0.3267,0.4977,0.1626,A_person_performs_a_clap,85,False
515,0.4147,0.392,0.1626,Someone_springs_up_off_the_ground,48,False
516,0.5481,0.2966,0.1626,An_individual_brings_their_knee_close_to_their_chest,39,False
517,0.3939,0.4129,0.1626,A_person_lifts_their_knee_to_their_chest,38,False
518,0.3381,0.4811,0.1627,An_individual_rolls_forward_and_rises,20,False
519,0.3793,0.4288,0.1627,Someone_springs_up_off_the_ground,86,False
520,0.3877,0.4196,0.1627,Someone_springs_up_off_the_ground,90,False
521,0.412,0.3949,0.1627,Someone_elevates_their_knee_to_their_chest,14,False
522,0.3833,0.4245,0.1627,An_individual_brings_their_knee_close_to_their_chest,3,False
523,0.3997,0.4073,0.1628,An_individual_rolls_forward_and_quickly_gets_up,59,False
524,0.3679,0.4424,0.1628,Someone_pushes_off_the_ground_and_rises,10,False
525,0.3573,0.4558,0.1628,A_person_lifts_their_knee_to_their_chest,93,False
526,0.3607,0.4513,0.1628,Someone_applauds_by_clapping,93,False
527,0.4154,0.3921,0.1629,Someone_moves_forward_by_rolling_and_then_stands,97,False
528,0.343,0.4753,0.163,Someone_pushes_a_large_object,72,False
529,0.3942,0.4136,0.1631,A_person_pulls_their_knee_up_to_their_chest,9,False
530,0.3201,0.5095,0.1631,An_individual_raises_a_knee_towards_their_chest,73,False
531,0.4289,0.3805,0.1632,An_individual_reaches_down_to_their_toes_and_stands_up_straight,68,False
532,0.3773,0.4325,0.1632,Someone_elevates_their_knee_to_their_chest,17,False
533,0.3863,0.4224,0.1632,An_individual_tries_to_push_a_heavy_thing,22,False
534,0.3887,0.4198,0.1632,Someone_moves_forward_by_rolling_and_then_stands,6,False
535,0.3942,0.4142,0.1633,Someone_moves_forward_by_rolling_and_then_stands,34,False
536,0.3971,0.4112,0.1633,Someone_moves_forward_by_rolling_and_then_stands,91,False
537,0.3935,0.4152,0.1634,Someone_rolls_in_a_forward_motion_and_stands_up,97,False
538,0.3579,0.4566,0.1634,Someone_executes_a_pirouette,17,False
539,0.4621,0.3536,0.1634,Someone_springs_up_off_the_ground,32,False
540,0.4522,0.3617,0.1635,An_individual_reaches_down_to_their_toes_and_stands_up_straight,7,False
541,0.3826,0.4273,0.1635,A_person_bends_their_leg_and_raises_their_knee_to_their_chest,22,False
542,0.3951,0.4149,0.1639,Someone_elevates_their_knee_to_their_chest,80,False
543,0.3966,0.4133,0.1639,A_person_stretches_to_touch_their_toes_and_then_rises,1,False
544,0.3885,0.4219,0.1639,A_person_brings_their_knee_in_towards_their_chest,98,False
545,0.3636,0.4506,0.1639,A_person_lifts_their_knee_to_their_chest,35,False
546,0.3684,0.4452,0.164,Someone_moves_forward_by_rolling_and_then_stands,85,False
547,0.3754,0.4369,0.164,An_individual_goes_down_to_touch_their_toes_and_then_stands_back_up,29,False
548,0.3618,0.4532,0.164,A_person_rolls_ahead_and_gets_back_on_their_feet,58,False
549,0.4692,0.3496,0.164,Someone_shoves_a_weighty_object,37,False
550,0.4823,0.34,0.164,An_individual_reaches_down_to_their_toes_and_stands_up_straight,18,False
551,0.3796,0.4321,0.164,A_person_rolls_forward_and_returns_to_a_standing_position,33,False
552,0.4068,0.4034,0.1641,Someone_touches_their_toes_and_stands_back_up,40,False
553,0.3889,0.4222,0.1642,Someone_moves_forward_by_rolling_and_then_stands,4,False
554,0.4015,0.409,0.1642,Someone_leans_down_to_touch_their_toes_and_stands_back_up,41,False
555,0.3968,0.4139,0.1642,Someone_elevates_their_knee_to_their_chest,96,False
556,0.3221,0.5101,0.1643,An_individual_raises_a_knee_towards_their_chest,48,False
557,0.332,0.4949,0.1643,An_individual_claps_in_celebration,69,False
558,0.405,0.4059,0.1644,An_individual_lifts_a_knee_up_to_their_chest,66,False
559,0.3965,0.4148,0.1645,An_individual_completes_a_pirouette,95,False
560,0.3394,0.4849,0.1646,A_person_raises_a_knee_to_their_chest,4,False
561,0.335,0.4915,0.1646,An_individual_raises_a_knee_towards_their_chest,56,False
562,0.3217,0.5116,0.1646,A_person_performs_a_clap,93,False
563,0.3791,0.4345,0.1647,A_person_bends_their_leg_and_raises_their_knee_to_their_chest,34,False
564,0.4296,0.3834,0.1647,Someone_springs_up_off_the_ground,82,False
565,0.3221,0.5117,0.1648,A_person_gives_a_round_of_applause,17,False
566,0.4131,0.3989,0.1648,A_person_rotates_in_a_pirouette,91,False
567,0.4582,0.3597,0.1648,An_individual_reaches_down_to_their_toes_and_stands_up_straight,34,False
568,0.4495,0.3665,0.1648,An_individual_rolls_forward_and_quickly_gets_up,21,False
569,0.4189,0.3936,0.1649,A_person_rotates_in_a_pirouette,31,False
570,0.4452,0.3703,0.1649,Someone_pushes_off_the_ground_and_rises,62,False
571,0.4805,0.3432,0.1649,Someone_reaches_up_with_their_right_arm_to_their_head,78,False
572,0.3227,0.5116,0.1651,An_individual_raises_a_knee_towards_their_chest,85,False
573,0.3692,0.4473,0.1651,Someone_pushes_a_large_object,92,False
574,0.3504,0.4713,0.1651,A_person_stretches_to_touch_their_toes_and_then_rises,45,False
575,0.3773,0.438,0.1653,A_person_brings_their_knee_in_towards_their_chest,22,False
576,0.4134,0.3998,0.1653,An_individual_reaches_down_to_their_toes_and_stands_up_straight,56,False
577,0.4432,0.3731,0.1654,An_individual_lifts_a_knee_up_to_their_chest,2,False
578,0.3374,0.4904,0.1655,A_person_claps,93,False
579,0.3648,0.4535,0.1655,A_person_reaches_for_their_toes_and_gets_back_up,24,False
580,0.3948,0.4193,0.1655,A_person_rotates_in_a_pirouette,93,False
581,0.4913,0.3368,0.1655,An_individual_reaches_down_to_their_toes_and_stands_up_straight,37,False
582,0.3476,0.4765,0.1656,A_person_gives_a_round_of_applause,58,False
583,0.3408,0.4858,0.1656,A_person_bends_their_leg_and_raises_their_knee_to_their_chest,27,False
584,0.4102,0.4036,0.1656,Someone_touches_their_toes_and_stands_back_up,63,False
585,0.4612,0.3591,0.1656,Someone_rolls_forward_and_stands_up,34,False
586,0.3574,0.4635,0.1657,A_person_lifts_their_knee_to_their_chest,84,False
587,0.3328,0.498,0.1657,An_individual_raises_a_knee_towards_their_chest,6,False
588,0.4594,0.3607,0.1657,A_person_brings_their_knee_in_towards_their_chest,80,False
589,0.3426,0.4835,0.1657,A_person_raises_a_knee_to_their_chest,67,False
590,0.4217,0.3932,0.1658,Someone_positions_their_knee_at_chest_height,61,False
591,0.355,0.4669,0.1658,An_individual_touches_their_toes_and_returns_to_a_standing_position,35,False
592,0.3481,0.4765,0.1658,Someone_moves_forward_by_rolling_and_then_stands,68,False
593,0.4154,0.3997,0.166,Someone_positions_their_knee_at_chest_height,65,False
594,0.4259,0.3899,0.166,Someone_performs_a_pirouette,55,False
595,0.429,0.387,0.166,Someone_rolls_forward_and_gets_up,71,False
596,0.3486,0.4765,0.1661,A_person_reaches_for_their_toes_and_gets_back_up,27,False
597,0.3659,0.4538,0.1661,An_individual_touches_their_toes_and_returns_to_a_standing_position,64,False
598,0.4716,0.3522,0.1661,An_individual_goes_down_to_touch_their_toes_and_then_stands_back_up,88,False
599,0.4557,0.3644,0.1661,Someone_rolls_forward_and_stands_up,94,False
600,0.3993,0.4163,0.1662,A_person_stretches_to_touch_their_toes_and_then_rises,36,False
601,0.4038,0.4116,0.1662,Someone_rolls_forward_and_stands_up,36,False
602,0.4232,0.3929,0.1663,A_person_rolls_ahead_and_gets_back_on_their_feet,34,False
603,0.3786,0.4395,0.1664,A_person_lifts_their_knee_to_their_chest,44,False
604,0.4162,0.3999,0.1664,Someone_performs_a_forward_roll_and_then_stands,78,False
605,0.3795,0.4385,0.1664,A_person_pulls_their_knee_up_to_their_chest,75,False
606,0.4406,0.3779,0.1665,An_individual_lifts_a_knee_up_to_their_chest,57,False
607,0.3301,0.5048,0.1666,An_individual_rolls_forward_and_quickly_gets_up,77,False
608,0.4343,0.3836,0.1666,A_person_brings_their_knee_in_towards_their_chest,64,False
609,0.4084,0.4081,0.1667,An_individual_rolls_forward_and_quickly_gets_up,73,False
610,0.4305,0.3873,0.1667,Someone_rolls_forward_and_gets_up,84,False
611,0.4083,0.4082,0.1667,Someone_rolls_forward_and_stands_up,70,False
612,0.4606,0.3619,0.1667,Someone_springs_up_off_the_ground,10,False
613,0.4674,0.3567,0.1667,An_individual_goes_down_to_touch_their_toes_and_then_stands_back_up,23,False
614,0.3637,0.459,0.1669,A_person_pulls_their_knee_up_to_their_chest,51,False
615,0.5616,0.2972,0.1669,Someone_brings_their_knee_up_to_their_chest,66,False
616,0.4829,0.3458,0.167,Someone_springs_up_off_the_ground,97,False
617,0.4168,0.4007,0.167,Someone_springs_up_off_the_ground,14,False
618,0.4105,0.4068,0.167,Someone_elevates_their_knee_to_their_chest,39,False
619,0.4332,0.3857,0.1671,Someone_springs_up_off_the_ground,83,False
620,0.4402,0.38,0.1673,Someone_rolls_forward_and_gets_up,94,False
621,0.3622,0.4618,0.1673,A_person_raises_a_knee_to_their_chest,66,False
622,0.4266,0.3926,0.1675,An_individual_rolls_forward_and_quickly_gets_up,95,False
623,0.4437,0.3774,0.1675,Someone_rolls_forward_and_gets_up,96,False
624,0.3322,0.5043,0.1675,A_person_performs_a_clap,31,False
625,0.4263,0.3932,0.1676,Someone_positions_their_knee_at_chest_height,56,False
626,0.4409,0.3801,0.1676,Someone_springs_up_off_the_ground,80,False
627,0.3102,0.5402,0.1676,An_individual_raises_a_knee_towards_their_chest,14,False
628,0.4428,0.3784,0.1676,Someone_rolls_forward_and_gets_up,65,False
629,0.4828,0.3474,0.1677,An_individual_reaches_down_to_their_toes_and_stands_up_straight,69,False
630,0.3152,0.5322,0.1678,An_individual_raises_a_knee_towards_their_chest,80,False
631,0.3617,0.4639,0.1678,A_person_raises_a_knee_to_their_chest,57,False
632,0.3606,0.4656,0.1679,An_individual_claps_in_celebration,74,False
633,0.4685,0.3585,0.1679,Someone_bends_down_to_touch_their_toes_and_then_stands_up,65,False
634,0.371,0.4526,0.1679,Someone_springs_up_off_the_ground,87,False
635,0.3323,0.5055,0.168,A_person_raises_a_knee_to_their_chest,86,False
636,0.4377,0.3839,0.168,Someone_springs_up_off_the_ground,61,False
637,0.3753,0.448,0.1682,Someone_touches_their_toes_and_stands_back_up,79,False
638,0.3533,0.4761,0.1682,An_individual_raises_a_knee_towards_their_chest,70,False
639,0.3321,0.5067,0.1682,An_individual_raises_a_knee_towards_their_chest,72,False
640,0.4785,0.3518,0.1683,Someone_bends_down_to_touch_their_toes_and_then_stands_up,69,False
641,0.3776,0.4457,0.1683,A_person_stretches_to_touch_their_toes_and_then_rises,47,False
642,0.4267,0.3945,0.1683,A_person_bends_their_leg_and_raises_their_knee_to_their_chest,62,False
643,0.4026,0.4182,0.1684,A_person_brings_their_knee_in_towards_their_chest,93,False
644,0.3833,0.4392,0.1684,Someone_moves_forward_by_rolling_and_then_stands,16,False
645,0.4116,0.4091,0.1684,Someone_elevates_their_knee_to_their_chest,31,False
646,0.3578,0.4707,0.1684,An_individual_raises_a_knee_towards_their_chest,33,False
647,0.3678,0.4581,0.1685,A_person_reaches_for_their_toes_and_gets_back_up,52,False
648,0.4938,0.3411,0.1685,A_person_performs_push-ups,55,False
649,0.5151,0.327,0.1685,Someone_bends_down_to_touch_their_toes_and_then_stands_up,84,False
650,0.3512,0.4799,0.1685,A_person_gives_a_round_of_applause,2,False
651,0.3829,0.4402,0.1685,A_person_brings_their_knee_in_towards_their_chest,85,False
652,0.4575,0.3689,0.1687,Someone_rolls_forward_and_gets_up,9,False
653,0.3427,0.4928,0.1689,A_person_raises_a_knee_to_their_chest,26,False
654,0.3607,0.4682,0.1689,An_individual_lifts_a_knee_up_to_their_chest,17,False
655,0.3791,0.4462,0.1691,A_person_goes_up_into_the_air,49,False
656,0.3743,0.4518,0.1691,A_person_goes_up_into_the_air,81,False
657,0.3018,0.5604,0.1692,A_person_reaches_for_their_toes_and_gets_back_up,99,False
658,0.4815,0.3516,0.1693,An_individual_reaches_down_to_their_toes_and_stands_up_straight,96,False
659,0.3615,0.4682,0.1693,An_individual_touches_their_toes_and_returns_to_a_standing_position,97,False
660,0.3312,0.511,0.1693,A_person_raises_a_knee_to_their_chest,22,False
661,0.3889,0.4357,0.1694,An_individual_jumps_up_into_the_air,85,False
662,0.3702,0.4576,0.1694,A_person_lifts_their_knee_to_their_chest,43,False
663,0.318,0.5328,0.1694,A_person_raises_a_knee_to_their_chest,78,False
664,0.4856,0.3491,0.1695,Someone_elevates_their_knee_to_their_chest,83,False
665,0.3961,0.428,0.1695,Someone_rolls_forward_and_stands_up,53,False
666,0.395,0.429,0.1695,Someone_touches_their_toes_and_stands_back_up,5,False
667,0.3754,0.4515,0.1695,A_person_brings_their_knee_in_towards_their_chest,9,False
668,0.4027,0.4211,0.1696,Someone_moves_forward_by_rolling_and_then_stands,32,False
669,0.4272,0.3972,0.1697,Someone_rolls_forward_and_gets_up,3,False
670,0.4395,0.3864,0.1698,Someone_rolls_forward_and_gets_up,72,False
671,0.4048,0.4194,0.1698,A_person_reaches_for_their_toes_and_gets_back_up,55,True
672,0.3966,0.4281,0.1698,A_person_rolls_ahead_and_gets_back_on_their_feet,18,True
673,0.3457,0.4912,0.1698,A_person_claps,45,True
674,0.3643,0.4665,0.17,A_person_lifts_their_knee_to_their_chest,42,True
675,0.3525,0.4823,0.17,An_individual_claps_in_celebration,83,True
676,0.363,0.4684,0.17,An_individual_claps_in_celebration,88,True
677,0.366,0.4646,0.1701,A_person_goes_up_into_the_air,21,False
678,0.4104,0.4145,0.1701,A_person_pulls_their_knee_up_to_their_chest,40,True
679,0.4098,0.4153,0.1702,A_person_bends_their_leg_and_raises_their_knee_to_their_chest,28,True
680,0.3964,0.4293,0.1702,A_person_rolls_ahead_and_gets_back_on_their_feet,49,True
681,0.3382,0.5035,0.1703,An_individual_claps_in_celebration,79,True
682,0.452,0.3767,0.1703,Someone_rolls_forward_and_gets_up,66,False
683,0.3525,0.4833,0.1703,A_person_rolls_forward_and_returns_to_a_standing_position,53,True
684,0.428,0.3978,0.1703,Someone_elevates_their_knee_to_their_chest,89,False
685,0.3892,0.4379,0.1704,Someone_rolls_forward_and_gets_up,99,False
686,0.3724,0.4575,0.1704,A_person_rolls_ahead_and_gets_back_on_their_feet,73,True
687,0.4442,0.3837,0.1705,Someone_springs_up_off_the_ground,72,False
688,0.4746,0.3594,0.1706,Someone_leans_down_to_touch_their_toes_and_stands_back_up,30,True
689,0.4329,0.3942,0.1706,Someone_rolls_forward_and_gets_up,33,False
690,0.3411,0.5,0.1706,An_individual_raises_a_knee_towards_their_chest,57,True
691,0.3666,0.4653,0.1706,A_person_lifts_their_knee_to_their_chest,61,True
692,0.3968,0.43,0.1706,A_person_rolls_forward_and_returns_to_a_standing_position,37,True
693,0.4452,0.3833,0.1707,An_individual_lifts_a_knee_up_to_their_chest,16,True
694,0.38,0.4492,0.1707,An_individual_claps_in_celebration,86,True
695,0.3806,0.4485,0.1707,Someone_elevates_their_knee_to_their_chest,45,True
696,0.4216,0.405,0.1707,Someone_touches_their_toes_and_stands_back_up,73,True
697,0.4068,0.4197,0.1707,An_individual_pushes_a_heavy_object,41,True
698,0.3693,0.4623,0.1707,A_person_lifts_their_knee_to_their_chest,68,True
699,0.3927,0.4347,0.1707,Someone_touches_their_toes_and_stands_back_up,22,True
700,0.3947,0.4327,0.1708,An_individual_tumbles_forward_and_then_gets_up,80,True
701,0.3508,0.4869,0.1708,A_person_does_a_forward_roll_and_gets_up,0,True
702,0.3475,0.4918,0.1709,Someone_leans_down_to_touch_their_toes_and_stands_back_up,69,True
703,0.3909,0.4371,0.1709,Someone_executes_a_pirouette,61,True
704,0.4342,0.3935,0.1709,An_individual_goes_down_to_touch_their_toes_and_then_stands_back_up,14,True
705,0.4286,0.3987,0.1709,A_person_bends_their_leg_and_raises_their_knee_to_their_chest,21,True
706,0.3852,0.4437,0.1709,An_individual_completes_a_pirouette,56,True
707,0.3974,0.4302,0.171,A_person_pushes_an_object_that_is_hard_to_lift,45,True
708,0.323,0.5295,0.171,An_individual_raises_a_knee_towards_their_chest,38,True
709,0.412,0.4149,0.171,An_individual_pushes_something_heavy,96,True
710,0.3366,0.508,0.171,An_individual_raises_a_knee_towards_their_chest,97,True
711,0.3567,0.4797,0.1711,Someone_pushes_a_large_object,77,True
712,0.4066,0.4209,0.1711,Someone_performs_a_pirouette,18,True
713,0.3925,0.436,0.1711,Someone_does_a_pirouette,67,True
714,0.4119,0.4155,0.1711,Someone_moves_forward_by_rolling_and_then_stands,11,True
715,0.3798,0.4507,0.1712,A_person_stretches_to_touch_their_toes_and_then_rises,28,True
716,0.3896,0.4393,0.1712,A_person_brings_their_knee_in_towards_their_chest,35,True
717,0.4734,0.3616,0.1712,A_person_stretches_to_touch_their_toes_and_then_rises,48,True
718,0.393,0.4356,0.1712,Someone_touches_their_toes_and_stands_back_up,98,True
719,0.3745,0.4572,0.1712,An_individual_touches_their_toes_and_returns_to_a_standing_position,13,True
720,0.3614,0.4743,0.1714,A_person_stretches_to_touch_their_toes_and_then_rises,55,True
721,0.4211,0.407,0.1714,A_person_rotates_in_a_pirouette,77,True
722,0.4311,0.3975,0.1714,Someone_moves_forward_by_rolling_and_then_stands,59,True
723,0.3515,0.4879,0.1715,An_individual_raises_a_knee_towards_their_chest,30,True
724,0.4404,0.3894,0.1715,Someone_elevates_their_knee_to_their_chest,59,True
725,0.3964,0.4325,0.1715,A_person_lifts_their_knee_to_their_chest,71,True
726,0.4449,0.3856,0.1715,An_individual_rolls_forward_and_quickly_gets_up,68,True
727,0.3979,0.4314,0.1716,Someone_rolls_in_a_forward_motion_and_stands_up,34,True
728,0.3588,0.4783,0.1716,An_individual_claps_in_celebration,32,True
729,0.4548,0.3774,0.1717,Someone_rolls_forward_and_gets_up,39,True
730,0.3811,0.4505,0.1717,An_individual_rolls_forward_and_quickly_gets_up,37,True
731,0.4118,0.417,0.1717,An_individual_lifts_a_knee_up_to_their_chest,98,True
732,0.422,0.4068,0.1717,Someone_rolls_forward_and_stands_up,6,True
733,0.5076,0.3384,0.1718,An_individual_brings_their_knee_close_to_their_chest,9,True
734,0.352,0.4885,0.1719,A_person_claps,47,True
735,0.3727,0.4612,0.1719,A_person_lifts_their_knee_to_their_chest,25,True
736,0.3504,0.4905,0.1719,Someone_touches_their_toes_and_stands_back_up,26,True
737,0.3478,0.4946,0.172,An_individual_raises_a_knee_towards_their_chest,83,True
738,0.4311,0.3989,0.172,An_individual_lifts_a_knee_up_to_their_chest,73,True
739,0.3443,0.4995,0.172,A_person_lifts_their_knee_to_their_chest,63,True
740,0.4682,0.3674,0.172,A_person_lifts_their_knee_to_their_chest,89,True
741,0.3624,0.475,0.1721,A_person_rolls_forward_and_returns_to_a_standing_position,52,True
742,0.3738,0.4607,0.1722,An_individual_lifts_a_knee_up_to_their_chest,1,True
743,0.4582,0.3758,0.1722,A_person_pulls_their_knee_up_to_their_chest,94,True
744,0.3401,0.5066,0.1723,An_individual_goes_down_to_touch_their_toes_and_then_stands_back_up,79,True
745,0.4756,0.3625,0.1724,A_person_performs_push-ups,99,True
746,0.2947,0.5848,0.1724,An_individual_raises_a_knee_towards_their_chest,3,True
747,0.3891,0.4431,0.1724,A_person_claps,3,True
748,0.4151,0.4154,0.1724,Someone_rolls_forward_and_gets_up,63,True
749,0.3892,0.4434,0.1725,Someone_performs_a_forward_roll_and_then_stands,57,True
750,0.4108,0.4199,0.1725,A_person_pulls_their_knee_up_to_their_chest,64,True
751,0.343,0.5028,0.1725,An_individual_raises_a_knee_towards_their_chest,7,True
752,0.3241,0.5323,0.1725,An_individual_raises_a_knee_towards_their_chest,95,True
753,0.4799,0.3594,0.1725,An_individual_reaches_down_to_their_toes_and_stands_up_straight,76,True
754,0.4115,0.4193,0.1726,An_individual_does_a_turning_pirouette,46,True
755,0.3298,0.5234,0.1726,A_person_performs_a_clap,2,True
756,0.414,0.417,0.1726,Someone_rolls_in_a_forward_motion_and_stands_up,30,True
757,0.445,0.388,0.1727,Someone_springs_up_off_the_ground,99,True
758,0.4333,0.3988,0.1728,An_individual_reaches_down_to_their_toes_and_stands_up_straight,80,True
759,0.4349,0.3973,0.1728,Someone_rolls_forward_and_stands_up,80,True
760,0.3855,0.4484,0.1729,Someone_springs_up_off_the_ground,73,True
761,0.3355,0.5153,0.1729,An_individual_raises_a_knee_towards_their_chest,91,True
762,0.3525,0.4906,0.1729,A_person_reaches_for_their_toes_and_gets_back_up,54,True
763,0.41,0.4216,0.1729,A_person_pulls_their_knee_up_to_their_chest,53,True
764,0.3976,0.4349,0.1729,A_person_rotates_in_a_pirouette,79,True
765,0.3875,0.4464,0.173,Someone_moves_forward_by_rolling_and_then_stands,81,True
766,0.4079,0.4242,0.173,Someone_springs_up_off_the_ground,39,True
767,0.4442,0.3897,0.1731,Someone_rolls_forward_and_gets_up,25,True
768,0.3802,0.4554,0.1732,A_person_lifts_their_knee_to_their_chest,64,True
769,0.367,0.4719,0.1732,Someone_applauds_by_clapping,50,True
770,0.4015,0.4316,0.1733,A_person_bends_their_leg_and_raises_their_knee_to_their_chest,55,True
771,0.4124,0.4204,0.1734,A_person_lifts_their_knee_to_their_chest,36,True
772,0.3838,0.4518,0.1734,A_person_stretches_to_touch_their_toes_and_then_rises,42,True
773,0.3899,0.4447,0.1734,A_person_bends_their_leg_and_raises_their_knee_to_their_chest,5,True
774,0.3751,0.4622,0.1734,Someone_moves_forward_by_rolling_and_then_stands,83,True
775,0.4323,0.4013,0.1735,An_individual_tries_to_push_a_heavy_thing,34,True
776,0.4518,0.3839,0.1735,A_person_reaches_for_their_toes_and_gets_back_up,66,True
777,0.3491,0.4973,0.1736,An_individual_goes_down_to_touch_their_toes_and_then_stands_back_up,13,True
778,0.3983,0.4358,0.1736,A_person_rotates_in_a_pirouette,5,True
779,0.3185,0.5451,0.1736,An_individual_raises_a_knee_towards_their_chest,18,True
780,0.4595,0.3778,0.1736,An_individual_reaches_down_to_their_toes_and_stands_up_straight,95,True
781,0.3989,0.4355,0.1737,Someone_moves_forward_by_rolling_and_then_stands,72,True
782,0.3988,0.4355,0.1737,Someone_touches_their_toes_and_stands_back_up,12,True
783,0.3318,0.5234,0.1737,An_individual_raises_a_knee_towards_their_chest,82,True
784,0.3632,0.4786,0.1738,An_individual_goes_down_to_touch_their_toes_and_then_stands_back_up,61,True
785,0.3942,0.441,0.1738,Someone_pushes_off_the_ground_and_rises,0,True
786,0.3751,0.4635,0.1739,A_person_lifts_their_knee_to_their_chest,5,True
787,0.3706,0.4693,0.1739,An_individual_goes_down_to_touch_their_toes_and_then_stands_back_up,20,True
788,0.4047,0.4296,0.1739,Someone_elevates_their_knee_to_their_chest,64,True
789,0.3675,0.4736,0.174,Someone_executes_a_pirouette,9,True
790,0.3825,0.4551,0.1741,An_individual_completes_a_pirouette,37,True
791,0.4116,0.4232,0.1742,Someone_springs_up_off_the_ground,92,True
792,0.4096,0.4258,0.1744,An_individual_brings_their_knee_close_to_their_chest,28,True
793,0.411,0.4244,0.1744,An_individual_goes_down_to_touch_their_toes_and_then_stands_back_up,55,True
794,0.3913,0.4457,0.1744,An_individual_exerts_force_on_a_heavy_object,31,True
795,0.4402,0.3963,0.1744,A_person_goes_up_into_the_air,78,True
796,0.3197,0.5457,0.1745,An_individual_raises_a_knee_towards_their_chest,69,True
797,0.3559,0.4902,0.1745,A_person_claps,95,True
798,0.4436,0.3936,0.1746,Someone_springs_up_off_the_ground,9,True
799,0.4759,0.3669,0.1746,Someone_springs_up_off_the_ground,23,True
800,0.3891,0.4491,0.1747,Someone_pushes_a_large_object,86,True
801,0.4408,0.3964,0.1747,Someone_performs_a_pirouette,47,True
802,0.3946,0.4429,0.1748,Someone_performs_a_pirouette,46,True
803,0.377,0.4637,0.1748,A_person_bends_their_leg_and_raises_their_knee_to_their_chest,2,True
804,0.3159,0.5536,0.1748,An_individual_goes_down_to_touch_their_toes_and_then_stands_back_up,99,True
805,0.4681,0.3737,0.1749,A_person_rolls_ahead_and_gets_back_on_their_feet,71,True
806,0.3774,0.4636,0.175,A_person_brings_their_knee_in_towards_their_chest,91,True
807,0.5271,0.3321,0.175,An_individual_reaches_down_to_their_toes_and_stands_up_straight,77,True
808,0.4628,0.3783,0.1751,Someone_rolls_forward_and_stands_up,24,True
809,0.4168,0.4202,0.1751,Someone_rolls_forward_and_gets_up,64,True
810,0.3542,0.4944,0.1751,A_person_performs_a_clap,69,True
811,0.3888,0.4504,0.1751,A_person_pushes_an_object_that_is_hard_to_lift,17,True
812,0.3844,0.4555,0.1751,An_individual_pushes_a_heavy_object,76,True
813,0.4212,0.416,0.1752,An_individual_goes_down_to_touch_their_toes_and_then_stands_back_up,32,True
814,0.4606,0.3802,0.1752,Someone_performs_a_pirouette,72,True
815,0.4264,0.4112,0.1753,An_individual_lifts_a_knee_up_to_their_chest,63,True
816,0.3964,0.4424,0.1754,Someone_elevates_their_knee_to_their_chest,1,True
817,0.4448,0.3943,0.1754,Someone_touches_their_toes_and_stands_back_up,67,True
818,0.4955,0.3539,0.1754,Someone_springs_up_off_the_ground,57,True
819,0.4565,0.3841,0.1754,Someone_springs_up_off_the_ground,31,True
820,0.4312,0.4071,0.1755,A_person_rolls_ahead_and_gets_back_on_their_feet,33,True
821,0.5169,0.3398,0.1756,An_individual_reaches_down_to_their_toes_and_stands_up_straight,85,True
822,0.4132,0.425,0.1756,A_person_rotates_in_a_pirouette,39,True
823,0.3899,0.4507,0.1757,A_person_pulls_their_knee_up_to_their_chest,8,True
824,0.3994,0.4401,0.1757,Someone_leans_down_to_touch_their_toes_and_stands_back_up,95,True
825,0.3616,0.4859,0.1757,A_person_goes_up_into_the_air,74,True
826,0.5389,0.3262,0.1758,Someone_elevates_their_knee_to_their_chest,52,True
827,0.4628,0.38,0.1758,Someone_rolls_forward_and_gets_up,52,True
828,0.3845,0.4574,0.1758,Someone_positions_their_knee_at_chest_height,72,True
829,0.3854,0.4564,0.1759,Someone_leans_down_to_touch_their_toes_and_stands_back_up,24,True
830,0.4885,0.36,0.1759,A_person_performs_push-ups,85,True
831,0.4455,0.3952,0.176,A_person_pulls_their_knee_up_to_their_chest,0,True
832,0.4979,0.3534,0.176,Someone_rolls_forward_and_gets_up,12,True
833,0.4419,0.3984,0.1761,Someone_positions_their_knee_at_chest_height,96,True
834,0.4314,0.4083,0.1761,Someone_rolls_forward_and_stands_up,35,True
835,0.3294,0.5346,0.1761,A_person_does_a_high_jump,21,True
836,0.3992,0.4413,0.1762,Someone_touches_their_toes_and_stands_back_up,97,True
837,0.355,0.4964,0.1762,A_person_raises_a_knee_to_their_chest,5,True
838,0.4014,0.439,0.1762,An_individual_raises_a_knee_towards_their_chest,29,True
839,0.3761,0.469,0.1764,A_person_lifts_their_knee_to_their_chest,72,True
840,0.419,0.421,0.1764,Someone_elevates_their_knee_to_their_chest,23,True
841,0.3449,0.5116,0.1765,A_person_raises_a_knee_to_their_chest,80,True
842,0.4698,0.3756,0.1765,Someone_rolls_forward_and_gets_up,75,True
843,0.4301,0.4103,0.1765,Someone_elevates_their_knee_to_their_chest,71,True
844,0.3869,0.4563,0.1766,Someone_rolls_in_a_forward_motion_and_stands_up,1,True
845,0.3122,0.5658,0.1766,A_person_performs_a_clap,32,True
846,0.3556,0.497,0.1768,An_individual_raises_a_knee_towards_their_chest,71,True
847,0.4048,0.4369,0.1768,Someone_rolls_forward_and_gets_up,17,True
848,0.34,0.5199,0.1768,An_individual_claps_in_celebration,25,True
849,0.396,0.4463,0.1768,A_person_bends_their_leg_and_raises_their_knee_to_their_chest,64,True
850,0.442,0.4002,0.1769,Someone_touches_their_toes_and_stands_back_up,59,True
851,0.3789,0.4668,0.1769,A_person_claps,1,True
852,0.3719,0.4762,0.1771,Someone_executes_a_pirouette,0,True
853,0.411,0.4309,0.1771,Someone_touches_their_toes_and_stands_back_up,30,True
854,0.457,0.3874,0.1771,Someone_springs_up_off_the_ground,5,True
855,0.3779,0.4688,0.1771,A_person_stretches_to_touch_their_toes_and_then_rises,81,True
856,0.4605,0.3851,0.1773,A_person_rotates_in_a_pirouette,30,True
857,0.4068,0.4358,0.1773,A_person_reaches_for_their_toes_and_gets_back_up,68,True
858,0.3451,0.5141,0.1774,An_individual_exerts_force_on_a_heavy_object,79,True
859,0.511,0.3472,0.1774,A_person_bends_to_touch_their_toes_and_stands_again,88,True
860,0.3693,0.4805,0.1775,A_person_lifts_their_knee_to_their_chest,78,True
861,0.3658,0.4851,0.1775,Someone_leaps_up_high,60,True
862,0.3987,0.4453,0.1775,An_individual_goes_down_to_touch_their_toes_and_then_stands_back_up,65,True
863,0.5299,0.3352,0.1776,A_person_pulls_their_knee_up_to_their_chest,86,True
864,0.4161,0.4269,0.1776,Someone_rolls_forward_and_stands_up,9,True
865,0.4242,0.4186,0.1776,Someone_rolls_forward_and_stands_up,85,True
866,0.4432,0.4007,0.1776,Someone_pushes_off_the_ground_and_rises,95,True
867,0.4091,0.4341,0.1776,A_person_bends_to_touch_their_toes_and_stands_again,2,True
868,0.4065,0.4372,0.1777,An_individual_brings_their_knee_close_to_their_chest,86,True
869,0.3626,0.4899,0.1777,A_person_claps,88,True
870,0.4234,0.4198,0.1778,Someone_rolls_forward_and_stands_up,54,True
871,0.3678,0.4835,0.1778,Someone_elevates_their_knee_to_their_chest,0,True
872,0.3808,0.4669,0.1778,Someone_executes_a_pirouette,49,True
873,0.3883,0.4578,0.1778,A_person_pulls_their_knee_up_to_their_chest,52,True
874,0.4289,0.4145,0.1778,Someone_rolls_in_a_forward_motion_and_stands_up,2,True
875,0.3404,0.5228,0.1779,An_individual_raises_a_knee_towards_their_chest,78,True
876,0.3851,0.4618,0.1779,Someone_pushes_off_the_ground_and_rises,27,True
877,0.3998,0.4452,0.178,Someone_moves_forward_by_rolling_and_then_stands,92,True
878,0.4091,0.435,0.178,Someone_rolls_forward_and_stands_up,30,True
879,0.4077,0.4366,0.178,Someone_elevates_their_knee_to_their_chest,61,True
880,0.3904,0.456,0.178,A_person_goes_up_into_the_air,89,True
881,0.4064,0.4379,0.178,A_person_rolls_ahead_and_gets_back_on_their_feet,84,True
882,0.4164,0.4276,0.178,Someone_rolls_forward_and_stands_up,96,True
883,0.3756,0.4741,0.1781,Someone_pushes_a_large_object,24,True
884,0.3755,0.4742,0.1781,An_individual_touches_their_toes_and_returns_to_a_standing_position,93,True
885,0.4331,0.4112,0.1781,A_person_rotates_in_a_pirouette,57,True
886,0.3622,0.492,0.1782,An_individual_claps_in_celebration,70,True
887,0.4185,0.4258,0.1782,An_individual_lifts_a_knee_up_to_their_chest,26,True
888,0.3529,0.5051,0.1782,Someone_executes_a_pirouette,96,True
889,0.442,0.4035,0.1783,Someone_touches_their_toes_and_then_lifts_themselves_up,3,True
890,0.3855,0.4626,0.1783,An_individual_goes_down_to_touch_their_toes_and_then_stands_back_up,98,True
891,0.3614,0.4934,0.1783,A_person_claps,30,True
892,0.3605,0.4951,0.1785,A_person_claps,34,True
893,0.428,0.4173,0.1786,A_person_pulls_their_knee_up_to_their_chest,37,True
894,0.4948,0.3608,0.1786,A_person_reaches_for_their_toes_and_gets_back_up,6,True
895,0.4074,0.4382,0.1786,A_person_goes_up_into_the_air,64,True
896,0.3881,0.4604,0.1787,Someone_does_a_pirouette,78,True
897,0.4126,0.4332,0.1787,Someone_moves_forward_by_rolling_and_then_stands,35,True
898,0.3483,0.5134,0.1788,An_individual_claps_in_celebration,8,True
899,0.419,0.4267,0.1788,Someone_moves_forward_by_rolling_and_then_stands,95,True
900,0.3827,0.4672,0.1788,A_person_stretches_to_touch_their_toes_and_then_rises,98,True
901,0.3783,0.4728,0.1788,A_person_bends_their_leg_and_raises_their_knee_to_their_chest,67,True
902,0.4294,0.4165,0.1788,Someone_executes_a_pirouette,28,True
903,0.3474,0.515,0.1789,A_person_claps_their_hands,78,True
904,0.5346,0.3347,0.1789,A_person_rotates_in_a_pirouette,55,True
905,0.4019,0.4453,0.179,A_person_bends_their_leg_and_raises_their_knee_to_their_chest,19,True
906,0.4079,0.4389,0.179,An_individual_completes_a_pirouette,14,True
907,0.3575,0.5007,0.179,An_individual_tries_to_push_a_heavy_thing,13,True
908,0.3769,0.4751,0.1791,A_person_lifts_their_knee_to_their_chest,24,True
909,0.4723,0.3791,0.1791,An_individual_reaches_down_to_their_toes_and_stands_up_straight,26,True
910,0.3736,0.4793,0.1791,A_person_raises_a_knee_to_their_chest,38,True
911,0.3905,0.4589,0.1792,An_individual_brings_their_knee_close_to_their_chest,68,True
912,0.4604,0.3892,0.1792,An_individual_reaches_down_to_their_toes_and_stands_up_straight,28,True
913,0.4399,0.4075,0.1793,A_person_pushes_an_object_that_is_hard_to_lift,6,True
914,0.4218,0.4254,0.1794,Someone_rolls_forward_and_gets_up,44,True
915,0.3512,0.5108,0.1794,A_person_reaches_for_their_toes_and_gets_back_up,63,True
916,0.4192,0.428,0.1794,A_person_raises_a_knee_to_their_chest,79,True
917,0.3621,0.4958,0.1795,An_individual_goes_down_to_touch_their_toes_and_then_stands_back_up,2,True
918,0.4479,0.4011,0.1796,Someone_springs_up_off_the_ground,54,True
919,0.4334,0.4143,0.1796,A_person_raises_a_knee_to_their_chest,19,True
920,0.3713,0.4837,0.1796,A_person_does_a_forward_roll_and_gets_up,90,True
921,0.3704,0.4849,0.1796,A_person_does_a_high_jump,57,True
922,0.4585,0.3917,0.1796,An_individual_lifts_a_knee_up_to_their_chest,81,True
923,0.4117,0.4361,0.1796,A_person_bends_their_leg_and_raises_their_knee_to_their_chest,87,True
924,0.4531,0.3964,0.1796,Someone_touches_their_toes_and_then_lifts_themselves_up,1,True
925,0.4428,0.4058,0.1797,Someone_rolls_forward_and_gets_up,51,True
926,0.4263,0.4215,0.1797,Someone_moves_forward_by_rolling_and_then_stands,2,True
927,0.4437,0.405,0.1797,A_person_rotates_in_a_pirouette,49,True
928,0.3319,0.5416,0.1797,An_individual_tumbles_forward_and_then_gets_up,82,True
929,0.3976,0.4521,0.1798,A_person_stretches_to_touch_their_toes_and_then_rises,66,True
930,0.4974,0.3614,0.1798,Someone_brings_their_knee_up_to_their_chest,84,True
931,0.5106,0.3524,0.1799,Someone_springs_up_off_the_ground,89,True
932,0.4659,0.3863,0.18,A_person_rotates_in_a_pirouette,66,True
933,0.4044,0.4451,0.18,An_individual_reaches_down_to_their_toes_and_stands_up_straight,67,True
934,0.4062,0.4432,0.18,A_person_lifts_their_knee_to_their_chest,82,True
935,0.404,0.4457,0.1801,An_individual_touches_their_toes_and_returns_to_a_standing_position,51,True
936,0.4872,0.37,0.1802,Someone_rolls_forward_and_gets_up,16,True
937,0.4308,0.4183,0.1802,Someone_does_a_quick_spin_in_a_pirouette,36,True
938,0.462,0.3902,0.1803,Someone_performs_a_forward_roll_and_then_stands,53,True
939,0.3504,0.5146,0.1803,Someone_leans_down_to_touch_their_toes_and_stands_back_up,12,True
940,0.3584,0.503,0.1803,An_individual_raises_a_knee_towards_their_chest,68,True
941,0.4152,0.4343,0.1803,A_person_rotates_in_a_pirouette,12,True
942,0.4577,0.3939,0.1803,Someone_elevates_their_knee_to_their_chest,82,True
943,0.4363,0.4134,0.1804,Someone_performs_a_forward_roll_and_then_stands,62,True
944,0.4408,0.4093,0.1804,An_individual_reaches_down_to_their_toes_and_stands_up_straight,84,True
945,0.3808,0.4744,0.1806,A_person_rolls_ahead_and_gets_back_on_their_feet,72,True
946,0.4379,0.4124,0.1806,Someone_performs_a_forward_roll_and_then_stands,43,True
947,0.5418,0.3335,0.1807,Someone_elevates_their_knee_to_their_chest,63,True
948,0.4954,0.3648,0.1807,A_person_brings_their_knee_in_towards_their_chest,76,True
949,0.3914,0.4615,0.1807,Someone_performs_a_pirouette,20,True
950,0.401,0.4505,0.1807,A_person_claps,4,True
951,0.3841,0.4709,0.1808,Someone_executes_a_pirouette,79,True
952,0.4441,0.4074,0.1809,A_person_reaches_for_their_toes_and_gets_back_up,93,True
953,0.4125,0.4387,0.181,A_person_stretches_to_touch_their_toes_and_then_rises,95,True
954,0.3817,0.4744,0.1811,An_individual_tumbles_forward_and_then_gets_up,86,True
955,0.4671,0.3877,0.1811,Someone_rolls_forward_and_gets_up,56,True
956,0.3399,0.5331,0.1812,A_person_claps,5,True
957,0.3998,0.4532,0.1812,Someone_elevates_their_knee_to_their_chest,7,True
958,0.3748,0.4834,0.1812,An_individual_brings_their_knee_close_to_their_chest,97,True
959,0.4262,0.4251,0.1812,A_person_pulls_their_knee_up_to_their_chest,28,True
960,0.3859,0.4697,0.1813,Someone_pushes_a_large_object,87,True
961,0.3811,0.4756,0.1813,An_individual_rolls_forward_and_quickly_gets_up,61,True
962,0.4454,0.4072,0.1813,An_individual_completes_a_pirouette,12,True
963,0.4088,0.4435,0.1813,A_person_reaches_for_their_toes_and_gets_back_up,48,True
964,0.4503,0.4029,0.1814,Someone_moves_forward_by_rolling_and_then_stands,48,True
965,0.3361,0.5399,0.1814,An_individual_raises_a_knee_towards_their_chest,43,True
966,0.3801,0.4771,0.1814,Someone_executes_a_pirouette,5,True
967,0.3742,0.4847,0.1814,A_person_performs_a_clap,68,True
968,0.3999,0.4537,0.1815,Someone_executes_a_pirouette,4,True
969,0.3695,0.4916,0.1816,An_individual_tumbles_forward_and_then_gets_up,46,True
970,0.4253,0.4273,0.1817,A_person_rotates_in_a_pirouette,21,True
971,0.3686,0.4928,0.1817,A_person_rolls_ahead_and_gets_back_on_their_feet,55,True
972,0.3901,0.466,0.1817,A_person_lifts_their_knee_to_their_chest,7,True
973,0.4857,0.3742,0.1817,A_person_brings_their_knee_in_towards_their_chest,88,True
974,0.4173,0.4355,0.1818,Someone_performs_a_pirouette,3,True
975,0.3536,0.5141,0.1818,An_individual_completes_a_pirouette,94,True
976,0.3939,0.4615,0.1818,A_person_rolls_forward_and_returns_to_a_standing_position,4,True
977,0.3558,0.511,0.1818,An_individual_raises_a_knee_towards_their_chest,16,True
978,0.3789,0.4799,0.1818,An_individual_rolls_forward_and_rises,32,True
979,0.4186,0.4346,0.1819,A_person_swings_their_left_arm_back_and_forth,72,True
980,0.3182,0.5717,0.1819,A_person_performs_a_clap,39,True
981,0.3393,0.5362,0.1819,An_individual_raises_a_knee_towards_their_chest,87,True
982,0.4213,0.4317,0.1819,Someone_performs_a_pirouette,30,True
983,0.4961,0.3668,0.182,A_person_lifts_their_right_arm_to_touch_their_head,26,True
984,0.4245,0.4288,0.182,Someone_executes_a_pirouette,16,True
985,0.459,0.3967,0.1821,A_person_reaches_for_their_toes_and_gets_back_up,0,True
986,0.5043,0.3611,0.1821,An_individual_rolls_forward_and_quickly_gets_up,97,True
987,0.3442,0.5295,0.1822,A_person_raises_a_knee_to_their_chest,17,True
988,0.4009,0.4547,0.1823,An_individual_tumbles_forward_and_then_gets_up,62,True
989,0.4134,0.441,0.1823,Someone_moves_forward_by_rolling_and_then_stands,52,True
990,0.5191,0.3512,0.1823,A_person_rolls_ahead_and_gets_back_on_their_feet,77,True
991,0.5249,0.3475,0.1824,An_individual_reaches_down_to_their_toes_and_stands_up_straight,44,True
992,0.3888,0.4692,0.1824,A_person_jumps_really_high,14,True
993,0.3561,0.5123,0.1824,An_individual_claps_in_celebration,7,True
994,0.4227,0.4318,0.1825,Someone_pushes_off_the_ground_and_rises,60,True
995,0.4176,0.4371,0.1825,An_individual_reaches_down_to_their_toes_and_stands_up_straight,82,True
996,0.394,0.4632,0.1825,A_person_pushes_an_object_that_is_hard_to_lift,84,True
997,0.4104,0.4447,0.1825,A_person_bends_their_leg_and_raises_their_knee_to_their_chest,45,True
998,0.3464,0.5269,0.1825,An_individual_claps_in_celebration,31,True
999,0.3983,0.4583,0.1826,Someone_moves_forward_by_rolling_and_then_stands,24,True
1000,0.37,0.4935,0.1826,A_person_raises_a_knee_to_their_chest,12,True
1001,0.4293,0.4253,0.1826,A_person_bends_their_leg_and_raises_their_knee_to_their_chest,81,True
1002,0.3979,0.4591,0.1827,A_person_stretches_to_touch_their_toes_and_then_rises,62,True
1003,0.4539,0.4026,0.1827,Someone_elevates_their_knee_to_their_chest,81,True
1004,0.464,0.3938,0.1827,Someone_rolls_forward_and_gets_up,91,True
1005,0.4423,0.413,0.1827,Someone_elevates_their_knee_to_their_chest,54,True
1006,0.3947,0.4633,0.1828,A_person_lifts_their_knee_to_their_chest,9,True
1007,0.4035,0.4531,0.1828,An_individual_completes_a_pirouette,52,True
1008,0.4013,0.4554,0.1828,Someone_moves_forward_by_rolling_and_then_stands,50,True
1009,0.4537,0.4028,0.1828,An_individual_reaches_down_to_their_toes_and_stands_up_straight,71,True
1010,0.4355,0.4197,0.1828,Someone_executes_a_pirouette,32,True
1011,0.3891,0.4699,0.1828,Someone_executes_a_pirouette,43,True
1012,0.3704,0.4936,0.1829,An_individual_rolls_forward_and_rises,24,True
1013,0.4555,0.4017,0.183,Someone_leans_down_to_touch_their_toes_and_stands_back_up,46,True
1014,0.4378,0.418,0.183,An_individual_reaches_down_to_their_toes_and_stands_up_straight,70,True
1015,0.4468,0.4097,0.183,Someone_rolls_forward_and_stands_up,20,True
1016,0.3572,0.5123,0.183,A_person_applies_pressure_to_push_a_heavy_object,65,True
1017,0.4874,0.3755,0.183,Someone_rolls_forward_and_gets_up,42,True
1018,0.3822,0.479,0.1831,An_individual_claps_in_celebration,92,True
1019,0.43,0.4259,0.1831,Someone_moves_forward_by_rolling_and_then_stands,65,True
1020,0.4817,0.3803,0.1832,An_individual_brings_their_knee_close_to_their_chest,88,True
1021,0.4246,0.4318,0.1833,Someone_moves_forward_by_rolling_and_then_stands,28,True
1022,0.3902,0.4699,0.1833,A_person_pulls_their_knee_up_to_their_chest,23,True
1023,0.3878,0.4728,0.1833,Someone_executes_a_pirouette,46,True
1024,0.457,0.4011,0.1833,Someone_performs_a_pirouette,33,True
1025,0.4317,0.4247,0.1834,An_individual_goes_down_to_touch_their_toes_and_then_stands_back_up,37,True
1026,0.42,0.4369,0.1835,Someone_rolls_forward_and_stands_up,37,True
1027,0.3635,0.5048,0.1835,An_individual_raises_a_knee_towards_their_chest,59,True
1028,0.4,0.4588,0.1835,An_individual_tumbles_forward_and_then_gets_up,33,True
1029,0.5369,0.3418,0.1835,An_individual_brings_their_knee_close_to_their_chest,25,True
1030,0.3947,0.4652,0.1836,An_individual_completes_a_pirouette,9,True
1031,0.487,0.3771,0.1836,An_individual_reaches_down_to_their_toes_and_stands_up_straight,94,True
1032,0.4287,0.4282,0.1836,Someone_moves_forward_by_rolling_and_then_stands,10,True
1033,0.5387,0.3408,0.1836,Someone_springs_up_off_the_ground,49,True
1034,0.4702,0.3905,0.1836,Someone_rolls_forward_and_stands_up,92,True
1035,0.4691,0.3915,0.1837,Someone_performs_a_pirouette,32,True
1036,0.4663,0.3941,0.1837,Someone_rolls_forward_and_stands_up,55,True
1037,0.3915,0.4693,0.1837,An_individual_completes_a_pirouette,5,True
1038,0.4122,0.4456,0.1837,Someone_moves_forward_by_rolling_and_then_stands,15,True
1039,0.4752,0.3865,0.1837,A_person_bends_their_leg_and_raises_their_knee_to_their_chest,40,True
1040,0.3829,0.4801,0.1838,Someone_positions_their_knee_at_chest_height,39,True
1041,0.3591,0.5119,0.1838,Someone_pushes_a_large_object,28,True
1042,0.4008,0.4584,0.1838,Someone_moves_forward_by_rolling_and_then_stands,5,True
1043,0.4557,0.4033,0.1838,A_person_rotates_in_a_pirouette,24,True
1044,0.3538,0.5197,0.1839,An_individual_raises_a_knee_towards_their_chest,12,True
1045,0.5099,0.3609,0.184,Someone_bends_down_to_touch_their_toes_and_then_stands_up,16,True
1046,0.4498,0.409,0.184,Someone_springs_up_off_the_ground,26,True
1047,0.4193,0.4388,0.184,Someone_touches_their_toes_and_then_lifts_themselves_up,18,True
1048,0.4138,0.4448,0.184,Someone_performs_a_pirouette,71,True
1049,0.356,0.517,0.1841,A_person_claps,25,True
1050,0.4116,0.4472,0.1841,A_person_bends_their_leg_and_raises_their_knee_to_their_chest,56,True
1051,0.3645,0.5051,0.1841,A_person_claps_their_hands,93,True
1052,0.3994,0.4609,0.1841,Someone_executes_a_pirouette,36,True
1053,0.4069,0.4525,0.1841,A_person_goes_up_into_the_air,45,True
1054,0.4079,0.4515,0.1842,A_person_rolls_ahead_and_gets_back_on_their_feet,96,True
1055,0.4145,0.4445,0.1843,A_person_goes_up_into_the_air,3,True
1056,0.4737,0.3891,0.1843,A_person_rotates_in_a_pirouette,1,True
1057,0.4387,0.4203,0.1844,An_individual_completes_a_pirouette,61,True
1058,0.4059,0.4544,0.1844,Someone_moves_forward_by_rolling_and_then_stands,54,True
1059,0.3902,0.4729,0.1845,Someone_pushes_off_the_ground_and_rises,18,True
1060,0.35,0.5272,0.1845,An_individual_lifts_a_knee_up_to_their_chest,86,True
1061,0.4471,0.4126,0.1845,A_person_bends_to_touch_their_toes_and_stands_again,78,True
1062,0.4088,0.4516,0.1846,A_person_rotates_in_a_pirouette,60,True
1063,0.4826,0.3826,0.1846,Someone_elevates_their_knee_to_their_chest,27,True
1064,0.3741,0.4934,0.1846,An_individual_claps_in_celebration,14,True
1065,0.4271,0.4322,0.1846,Someone_rolls_forward_and_stands_up,68,True
1066,0.4014,0.4599,0.1846,A_person_rotates_in_a_pirouette,20,True
1067,0.4147,0.4453,0.1847,A_person_bends_their_leg_and_raises_their_knee_to_their_chest,86,True
1068,0.4497,0.4107,0.1847,A_person_reaches_for_their_toes_and_gets_back_up,64,True
1069,0.4751,0.3887,0.1847,Someone_brings_their_hands_together_to_clap,33,True
1070,0.4385,0.4213,0.1847,Someone_rolls_forward_and_gets_up,74,True
1071,0.3654,0.5055,0.1847,A_person_rolls_forward_and_returns_to_a_standing_position,99,True
1072,0.4123,0.448,0.1847,Someone_pushes_off_the_ground_and_rises,80,True
1073,0.369,0.5007,0.1848,A_person_bends_their_leg_and_raises_their_knee_to_their_chest,74,True
1074,0.4551,0.4061,0.1848,Someone_rolls_in_a_forward_motion_and_stands_up,77,True
1075,0.4163,0.444,0.1848,Someone_rolls_in_a_forward_motion_and_stands_up,76,True
1076,0.4075,0.4536,0.1848,Someone_rolls_in_a_forward_motion_and_stands_up,64,True
1077,0.3269,0.5651,0.1848,An_individual_raises_a_knee_towards_their_chest,21,True
1078,0.3845,0.4806,0.1848,An_individual_brings_their_knee_close_to_their_chest,99,True
1079,0.4273,0.4326,0.1848,Someone_moves_forward_by_rolling_and_then_stands,73,True
1080,0.3487,0.5301,0.1848,An_individual_raises_a_knee_towards_their_chest,64,True
1081,0.4388,0.4212,0.1848,Someone_moves_forward_by_rolling_and_then_stands,30,True
1082,0.4186,0.4417,0.1849,A_person_bends_their_leg_and_raises_their_knee_to_their_chest,51,True
1083,0.427,0.4332,0.185,Someone_elevates_their_knee_to_their_chest,6,True
1084,0.4182,0.4423,0.185,Someone_executes_a_pirouette,70,True
1085,0.4283,0.432,0.185,Someone_performs_a_forward_roll_and_then_stands,14,True
1086,0.4097,0.4514,0.185,Someone_touches_their_toes_and_stands_back_up,18,True
1087,0.4019,0.4607,0.1851,A_person_brings_their_knee_in_towards_their_chest,29,True
1088,0.3754,0.4932,0.1851,A_person_lifts_their_knee_to_their_chest,86,True
1089,0.4073,0.4544,0.1851,An_individual_claps_in_celebration,42,True
1090,0.3844,0.4815,0.1851,An_individual_claps_in_celebration,46,True
1091,0.42,0.4407,0.1851,A_person_pulls_their_knee_up_to_their_chest,15,True
1092,0.4979,0.3719,0.1852,Someone_reaches_up_with_their_right_arm_to_their_head,32,True
1093,0.5309,0.3487,0.1852,Someone_bends_down_to_touch_their_toes_and_then_stands_up,88,True
1094,0.4006,0.4624,0.1853,A_person_rolls_ahead_and_gets_back_on_their_feet,83,True
1095,0.4284,0.4324,0.1853,Someone_rolls_forward_and_gets_up,26,True
1096,0.4898,0.3785,0.1854,A_person_rolls_ahead_and_gets_back_on_their_feet,16,True
1097,0.327,0.567,0.1854,An_individual_raises_a_knee_towards_their_chest,46,True
1098,0.3781,0.4904,0.1854,A_person_brings_their_knee_in_towards_their_chest,79,True
1099,0.4417,0.42,0.1855,A_person_brings_their_knee_in_towards_their_chest,15,True
1100,0.3805,0.4873,0.1855,A_person_bends_their_leg_and_raises_their_knee_to_their_chest,37,True
1101,0.5039,0.3683,0.1856,Someone_springs_up_off_the_ground,42,True
1102,0.4439,0.418,0.1856,Someone_rolls_forward_and_stands_up,65,True
1103,0.4855,0.3822,0.1856,Someone_bends_down_to_touch_their_toes_and_then_stands_up,13,True
1104,0.4657,0.3985,0.1856,A_person_rotates_in_a_pirouette,80,True
1105,0.4099,0.4531,0.1857,An_individual_goes_down_to_touch_their_toes_and_then_stands_back_up,43,True
1106,0.3417,0.5435,0.1857,An_individual_raises_a_knee_towards_their_chest,37,True
1107,0.3262,0.5693,0.1857,An_individual_raises_a_knee_towards_their_chest,31,True
1108,0.4253,0.4365,0.1857,An_individual_reaches_down_to_their_toes_and_stands_up_straight,30,True
1109,0.4373,0.4246,0.1857,A_person_rotates_in_a_pirouette,74,True
1110,0.4062,0.4573,0.1858,A_person_reaches_for_their_toes_and_gets_back_up,73,True
1111,0.4642,0.4003,0.1858,Someone_reaches_up_with_their_right_arm_to_their_head,50,True
1112,0.4351,0.4271,0.1858,Someone_touches_their_toes_and_then_lifts_themselves_up,68,True
1113,0.372,0.4994,0.1858,A_person_performs_a_clap,14,True
1114,0.3458,0.5375,0.1858,An_individual_claps_in_celebration,17,True
1115,0.4303,0.4319,0.1858,Someone_moves_forward_by_rolling_and_then_stands,3,True
1116,0.4805,0.3869,0.1859,An_individual_goes_down_to_touch_their_toes_and_then_stands_back_up,93,True
1117,0.461,0.4033,0.1859,A_person_bends_their_leg_and_raises_their_knee_to_their_chest,39,True
1118,0.3969,0.4685,0.1859,An_individual_raises_a_knee_towards_their_chest,55,True
1119,0.3452,0.5386,0.1859,An_individual_raises_a_knee_towards_their_chest,67,True
1120,0.4892,0.3802,0.186,An_individual_goes_down_to_touch_their_toes_and_then_stands_back_up,54,True
1121,0.4217,0.441,0.186,An_individual_reaches_down_to_their_toes_and_stands_up_straight,5,True
1122,0.3747,0.4965,0.186,A_person_performs_a_clap,28,True
1123,0.3765,0.4941,0.186,Someone_pushes_off_the_ground_and_rises,42,True
1124,0.3832,0.4853,0.186,A_person_does_a_high_jump,42,True
1125,0.4773,0.39,0.1861,Someone_performs_a_forward_roll_and_then_stands,24,True
1126,0.3837,0.4854,0.1862,A_person_moves_a_heavy_object_by_pushing,98,True
1127,0.3594,0.5181,0.1862,A_person_raises_a_knee_to_their_chest,15,True
1128,0.3857,0.4829,0.1862,Someone_pushes_a_large_object,41,True
1129,0.4194,0.4441,0.1862,Someone_pushes_a_large_object,40,True
1130,0.4205,0.443,0.1863,Someone_rolls_forward_and_stands_up,15,True
1131,0.4388,0.4245,0.1863,Someone_rolls_forward_and_gets_up,61,True
1132,0.4365,0.427,0.1864,Someone_rolls_forward_and_stands_up,97,True
1133,0.3872,0.4813,0.1864,A_person_moves_a_heavy_object_by_pushing,39,True
1134,0.4119,0.4525,0.1864,A_person_bends_their_leg_and_raises_their_knee_to_their_chest,0,True
1135,0.3985,0.4678,0.1864,An_individual_claps_in_celebration,68,True
1136,0.3997,0.4663,0.1864,An_individual_goes_down_to_touch_their_toes_and_then_stands_back_up,94,True
1137,0.419,0.4449,0.1864,Someone_does_a_quick_spin_in_a_pirouette,47,True
1138,0.4218,0.4423,0.1866,A_person_reaches_for_their_toes_and_gets_back_up,40,True
1139,0.3899,0.4785,0.1866,An_individual_pushes_something_heavy,58,True
1140,0.348,0.5362,0.1866,An_individual_claps_in_celebration,49,True
1141,0.3807,0.4904,0.1867,A_person_claps_their_hands,39,True
1142,0.4506,0.4144,0.1867,An_individual_lifts_a_knee_up_to_their_chest,53,True
1143,0.4188,0.4459,0.1867,A_person_bends_their_leg_and_raises_their_knee_to_their_chest,52,True
1144,0.4001,0.4666,0.1867,An_individual_completes_a_pirouette,97,True
1145,0.4131,0.4518,0.1867,An_individual_goes_down_to_touch_their_toes_and_then_stands_back_up,40,True
1146,0.39,0.4789,0.1868,A_person_pulls_their_knee_up_to_their_chest,48,True
1147,0.3804,0.4914,0.1869,An_individual_lifts_a_knee_up_to_their_chest,67,True
1148,0.4505,0.4148,0.1869,A_person_rolls_ahead_and_gets_back_on_their_feet,31,True
1149,0.4125,0.453,0.1869,Someone_rolls_in_a_forward_motion_and_stands_up,60,True
1150,0.4403,0.4246,0.1869,Someone_rolls_forward_and_stands_up,39,True
1151,0.3021,0.6189,0.1869,An_individual_rolls_forward_and_rises,49,True
1152,0.3848,0.4859,0.187,Someone_leans_down_to_touch_their_toes_and_stands_back_up,43,True
1153,0.4187,0.4466,0.187,Someone_is_moving_a_bulky_object_by_pushing,43,True
1154,0.374,0.5004,0.1871,A_person_lifts_their_knee_to_their_chest,99,True
1155,0.4364,0.4288,0.1871,An_individual_lifts_a_knee_up_to_their_chest,22,True
1156,0.4961,0.3772,0.1871,Someone_rolls_forward_and_gets_up,82,True
1157,0.4248,0.4408,0.1872,A_person_rotates_in_a_pirouette,37,True
1158,0.4778,0.3917,0.1872,An_individual_completes_a_pirouette,2,True
1159,0.4282,0.4373,0.1872,Someone_rolls_forward_and_stands_up,81,True
1160,0.4298,0.4355,0.1872,A_person_pushes_an_object_that_is_hard_to_lift,77,True
1161,0.4589,0.4079,0.1872,An_individual_reaches_down_to_their_toes_and_stands_up_straight,24,True
1162,0.3776,0.496,0.1873,An_individual_pushes_a_heavy_object,58,True
1163,0.3752,0.4993,0.1873,Someone_touches_their_toes_and_stands_back_up,78,True
1164,0.428,0.4375,0.1873,An_individual_completes_a_pirouette,66,True
1165,0.4363,0.4293,0.1873,An_individual_claps_in_celebration,81,True
1166,0.4583,0.4088,0.1873,A_person_brings_their_knee_in_towards_their_chest,77,True
1167,0.3686,0.508,0.1873,Someone_is_moving_a_bulky_object_by_pushing,16,True
1168,0.3461,0.5416,0.1874,A_person_raises_a_knee_to_their_chest,62,True
1169,0.4459,0.4206,0.1875,Someone_rolls_forward_and_stands_up,31,True
1170,0.3607,0.5197,0.1875,A_person_stretches_to_touch_their_toes_and_then_rises,68,True
1171,0.3914,0.479,0.1875,A_person_reaches_for_their_toes_and_gets_back_up,51,True
1172,0.352,0.533,0.1876,A_person_performs_a_clap,50,True
1173,0.4006,0.4684,0.1876,A_person_claps,0,True
1174,0.4011,0.4677,0.1876,Someone_positions_their_knee_at_chest_height,59,True
1175,0.3888,0.4829,0.1877,Someone_touches_their_toes_and_then_lifts_themselves_up,83,True
1176,0.4901,0.3829,0.1877,Someone_rolls_forward_and_stands_up,38,True
1177,0.4297,0.4367,0.1877,A_person_rotates_in_a_pirouette,8,True
1178,0.363,0.5172,0.1877,A_person_performs_a_clap,56,True
1179,0.4255,0.4414,0.1878,An_individual_touches_their_toes_and_returns_to_a_standing_position,9,True
1180,0.391,0.4802,0.1878,A_person_reaches_for_their_toes_and_gets_back_up,77,True
1181,0.5302,0.3542,0.1878,An_individual_reaches_down_to_their_toes_and_stands_up_straight,64,True
1182,0.4155,0.4523,0.1879,An_individual_raises_their_right_arm_to_make_contact_with_their_head,93,True
1183,0.4567,0.4114,0.1879,Someone_springs_up_off_the_ground,63,True
1184,0.3419,0.5496,0.1879,An_individual_claps_in_celebration,10,True
1185,0.3759,0.4997,0.1879,A_person_rolls_forward_and_returns_to_a_standing_position,0,True
1186,0.4128,0.4553,0.1879,Someone_performs_a_pirouette,60,True
1187,0.4139,0.4541,0.188,A_person_lifts_their_knee_to_their_chest,19,True
1188,0.4766,0.3946,0.1881,Someone_springs_up_off_the_ground,98,True
1189,0.3854,0.4881,0.1881,An_individual_pushes_something_heavy,65,True
1190,0.403,0.4669,0.1882,Someone_leans_down_to_touch_their_toes_and_stands_back_up,16,True
1191,0.428,0.4398,0.1882,Someone_moves_forward_by_rolling_and_then_stands,46,True
1192,0.3904,0.482,0.1882,Someone_executes_a_pirouette,95,True
1193,0.4092,0.46,0.1882,A_person_bends_their_leg_and_raises_their_knee_to_their_chest,73,True
1194,0.4551,0.4139,0.1883,A_person_rotates_in_a_pirouette,53,True
1195,0.3708,0.5078,0.1883,A_person_raises_a_knee_to_their_chest,99,True
1196,0.3723,0.506,0.1884,A_person_rolls_forward_and_returns_to_a_standing_position,38,True
1197,0.415,0.4539,0.1884,An_individual_rolls_forward_and_quickly_gets_up,32,True
1198,0.4174,0.4513,0.1884,An_individual_reaches_down_to_their_toes_and_stands_up_straight,58,True
1199,0.4078,0.4619,0.1884,Someone_executes_a_pirouette,23,True
1200,0.4155,0.4536,0.1885,Someone_elevates_their_knee_to_their_chest,55,True
1201,0.4059,0.4646,0.1886,A_person_rolls_forward_and_returns_to_a_standing_position,55,True
1202,0.4307,0.4379,0.1886,A_person_rotates_in_a_pirouette,99,True
1203,0.3485,0.5413,0.1886,An_individual_tries_to_push_a_heavy_thing,62,True
1204,0.4282,0.4406,0.1886,Someone_rolls_forward_and_stands_up,28,True
1205,0.3901,0.4837,0.1887,An_individual_claps_in_celebration,39,True
1206,0.3825,0.4933,0.1887,An_individual_claps_in_celebration,29,True
1207,0.362,0.5213,0.1887,An_individual_claps_in_celebration,78,True
1208,0.3904,0.4833,0.1887,A_person_lifts_their_knee_to_their_chest,88,True
1209,0.3808,0.4958,0.1888,An_individual_completes_a_pirouette,90,True
1210,0.426,0.4431,0.1888,Someone_performs_a_pirouette,79,True
1211,0.4903,0.3851,0.1888,A_person_gives_a_round_of_applause,13,True
1212,0.3658,0.5164,0.1889,An_individual_raises_a_knee_towards_their_chest,52,True
1213,0.3681,0.5131,0.1889,Someone_elevates_their_knee_to_their_chest,51,True
1214,0.4285,0.4408,0.1889,A_person_goes_up_into_the_air,73,True
1215,0.3844,0.4913,0.1889,A_person_rolls_forward_and_returns_to_a_standing_position,13,True
1216,0.5587,0.3381,0.1889,A_person_pushes_an_object_that_is_hard_to_lift,11,True
1217,0.4172,0.453,0.189,A_person_rotates_in_a_pirouette,11,True
1218,0.4532,0.4171,0.189,Someone_rolls_forward_and_gets_up,11,True
1219,0.3373,0.5603,0.189,A_person_performs_a_clap,88,True
1220,0.4274,0.4425,0.1891,A_person_bends_their_leg_and_raises_their_knee_to_their_chest,69,True
1221,0.4145,0.4562,0.1891,Someone_positions_their_knee_at_chest_height,31,True
1222,0.457,0.4138,0.1891,A_person_rotates_in_a_pirouette,35,True
1223,0.4139,0.4568,0.1891,Someone_performs_a_pirouette,48,True
1224,0.4119,0.4594,0.1892,Someone_moves_forward_by_rolling_and_then_stands,38,True
1225,0.3876,0.488,0.1892,A_person_stretches_to_touch_their_toes_and_then_rises,67,True
1226,0.4353,0.4346,0.1892,Someone_rolls_forward_and_stands_up,98,True
1227,0.5564,0.3402,0.1893,Someone_springs_up_off_the_ground,96,True
1228,0.4448,0.4257,0.1893,Someone_performs_a_forward_roll_and_then_stands,56,True
1229,0.4186,0.4523,0.1893,An_individual_pushes_something_heavy,6,True
1230,0.384,0.4931,0.1894,An_individual_lifts_a_knee_up_to_their_chest,15,True
1231,0.3593,0.527,0.1894,A_person_performs_a_clap,43,True
1232,0.427,0.4435,0.1894,A_person_lifts_their_knee_to_their_chest,91,True
1233,0.4453,0.4255,0.1895,A_person_rotates_in_a_pirouette,32,True
1234,0.3485,0.5436,0.1895,An_individual_claps_in_celebration,22,True
1235,0.4601,0.4119,0.1895,An_individual_touches_their_toes_and_returns_to_a_standing_position,47,True
1236,0.4296,0.4411,0.1895,An_individual_reaches_down_to_their_toes_and_stands_up_straight,88,True
1237,0.3978,0.4766,0.1896,Someone_pushes_a_large_object,85,True
1238,0.4253,0.4458,0.1896,Someone_touches_their_toes_and_then_lifts_themselves_up,92,True
1239,0.4184,0.4531,0.1896,A_person_applies_pressure_to_push_a_heavy_object,24,True
1240,0.4093,0.4635,0.1897,Someone_touches_their_toes_and_stands_back_up,95,True
1241,0.3391,0.5595,0.1897,A_person_performs_a_clap,4,True
1242,0.3734,0.5079,0.1897,A_person_goes_up_into_the_air,11,True
1243,0.42,0.4519,0.1898,A_person_goes_up_into_the_air,55,True
1244,0.4234,0.4483,0.1898,A_person_rolls_ahead_and_gets_back_on_their_feet,37,True
1245,0.434,0.4373,0.1898,Someone_makes_a_full_turn_in_a_pirouette,51,True
1246,0.3808,0.4988,0.1899,A_person_raises_a_knee_to_their_chest,8,True
1247,0.3908,0.4859,0.1899,An_individual_claps_in_celebration,12,True
1248,0.4163,0.4562,0.1899,Someone_applauds_by_clapping,67,True
1249,0.3901,0.4868,0.1899,A_person_stretches_to_touch_their_toes_and_then_rises,78,True
1250,0.5009,0.3792,0.1899,Someone_bends_down_to_touch_their_toes_and_then_stands_up,36,True
1251,0.4239,0.448,0.1899,Someone_touches_their_toes_and_stands_back_up,74,True
1252,0.4823,0.394,0.19,An_individual_goes_down_to_touch_their_toes_and_then_stands_back_up,72,True
1253,0.3988,0.4767,0.1901,Someone_pushes_a_large_object,39,True
1254,0.3965,0.4795,0.1901,Someone_performs_a_pirouette,70,True
1255,0.3937,0.4828,0.1901,A_person_pulls_their_knee_up_to_their_chest,26,True
1256,0.4166,0.4564,0.1901,An_individual_touches_their_toes_and_returns_to_a_standing_position,79,True
1257,0.5226,0.3637,0.1901,An_individual_reaches_down_to_their_toes_and_stands_up_straight,55,True
1258,0.387,0.4912,0.1901,Someone_leaps_up_high,74,True
1259,0.4303,0.442,0.1902,A_person_bends_their_leg_and_raises_their_knee_to_their_chest,8,True
1260,0.4192,0.4538,0.1902,Someone_performs_a_pirouette,43,True
1261,0.4354,0.4368,0.1902,Someone_touches_their_toes_and_stands_back_up,55,True
1262,0.4092,0.4651,0.1903,Someone_rolls_forward_and_stands_up,69,True
1263,0.4114,0.4628,0.1904,An_individual_tumbles_forward_and_then_gets_up,1,True
1264,0.5319,0.358,0.1904,Someone_rolls_forward_and_stands_up,63,True
1265,0.4126,0.4614,0.1904,An_individual_goes_down_to_touch_their_toes_and_then_stands_back_up,85,True
1266,0.3602,0.5288,0.1905,An_individual_claps_in_celebration,67,True
1267,0.4943,0.3854,0.1905,An_individual_reaches_down_to_their_toes_and_stands_up_straight,38,True
1268,0.3508,0.5432,0.1905,An_individual_claps_in_celebration,2,True
1269,0.4501,0.4234,0.1906,A_person_pulls_their_knee_up_to_their_chest,20,True
1270,0.4019,0.4744,0.1906,Someone_springs_up_off_the_ground,16,True
1271,0.416,0.4582,0.1906,Someone_pushes_off_the_ground_and_rises,36,True
1272,0.3724,0.5118,0.1906,A_person_performs_a_clap,84,True
1273,0.3568,0.5342,0.1906,An_individual_claps_in_celebration,94,True
1274,0.4193,0.4549,0.1907,Someone_touches_their_toes_and_then_lifts_themselves_up,17,True
1275,0.4431,0.4305,0.1907,Someone_performs_a_pirouette,34,True
1276,0.4535,0.4204,0.1907,Someone_elevates_their_knee_to_their_chest,38,True
1277,0.3663,0.5206,0.1907,Someone_makes_a_clapping_sound,67,True
1278,0.3695,0.5165,0.1908,An_individual_rolls_forward_and_rises,76,True
1279,0.4162,0.4585,0.1908,A_person_goes_up_into_the_air,76,True
1280,0.4157,0.459,0.1908,A_person_bends_their_leg_and_raises_their_knee_to_their_chest,90,True
1281,0.428,0.4459,0.1908,Someone_rolls_in_a_forward_motion_and_stands_up,21,True
1282,0.3643,0.5242,0.1909,An_individual_rolls_forward_and_quickly_gets_up,82,True
1283,0.5143,0.3712,0.1909,A_person_performs_push-ups,11,True
1284,0.4677,0.4084,0.191,Someone_rolls_forward_and_stands_up,33,True
1285,0.4035,0.4734,0.191,Someone_leaps_up_high,14,True
1286,0.5382,0.3551,0.1911,An_individual_reaches_down_to_their_toes_and_stands_up_straight,61,True
1287,0.4264,0.4481,0.1911,A_person_pulls_their_knee_up_to_their_chest,10,True
1288,0.4189,0.4562,0.1911,A_person_raises_a_knee_to_their_chest,53,True
1289,0.3585,0.5329,0.1911,A_person_performs_a_clap,53,True
1290,0.5367,0.3563,0.1912,Someone_elevates_their_knee_to_their_chest,30,True
1291,0.4988,0.3832,0.1912,Someone_springs_up_off_the_ground,81,True
1292,0.3992,0.4789,0.1912,An_individual_claps_in_celebration,9,True
1293,0.459,0.4167,0.1913,Someone_does_a_quick_spin_in_a_pirouette,97,True
1294,0.4408,0.4341,0.1913,An_individual_reaches_down_to_their_toes_and_stands_up_straight,22,True
1295,0.3915,0.4885,0.1913,A_person_does_a_high_jump,2,True
1296,0.4969,0.3851,0.1913,Someone_bends_down_to_touch_their_toes_and_then_stands_up,92,True
1297,0.3561,0.5372,0.1913,An_individual_tumbles_forward_and_then_gets_up,89,True
1298,0.4321,0.4427,0.1913,A_person_claps,2,True
1299,0.4807,0.3981,0.1914,Someone_rolls_forward_and_gets_up,92,True
1300,0.5257,0.3641,0.1914,Someone_bends_down_to_touch_their_toes_and_then_stands_up,80,True
1301,0.5128,0.3733,0.1914,Someone_elevates_their_knee_to_their_chest,34,True
1302,0.4784,0.4003,0.1915,Someone_pushes_off_the_ground_and_rises,55,True
1303,0.4005,0.478,0.1915,A_person_rotates_in_a_pirouette,51,True
1304,0.4089,0.4682,0.1915,A_person_gives_a_round_of_applause,71,True
1305,0.4066,0.471,0.1915,A_person_jumps_really_high,64,True
1306,0.4047,0.4733,0.1915,An_individual_pushes_something_heavy,64,True
1307,0.3559,0.5379,0.1915,An_individual_claps_in_celebration,60,True
1308,0.4482,0.4274,0.1916,A_person_pushes_an_object_that_is_hard_to_lift,1,True
1309,0.4049,0.4736,0.1917,A_person_lifts_their_knee_to_their_chest,17,True
1310,0.3801,0.5045,0.1917,A_person_claps,7,True
1311,0.4105,0.467,0.1917,A_person_rotates_in_a_pirouette,90,True
1312,0.3736,0.5135,0.1918,A_person_gives_a_round_of_applause,37,True
1313,0.3978,0.4822,0.1918,A_person_rotates_in_a_pirouette,33,True
1314,0.4048,0.4737,0.1918,An_individual_touches_their_toes_and_returns_to_a_standing_position,26,True
1315,0.4445,0.4318,0.1919,Someone_does_a_quick_spin_in_a_pirouette,18,True
1316,0.3962,0.4844,0.1919,A_person_brings_their_knee_in_towards_their_chest,19,True
1317,0.3646,0.5262,0.1919,An_individual_goes_down_to_touch_their_toes_and_then_stands_back_up,30,True
1318,0.4874,0.3937,0.1919,Someone_rolls_forward_and_gets_up,50,True
1319,0.5585,0.3437,0.1919,A_person_bends_to_touch_their_toes_and_stands_again,87,True
1320,0.4063,0.4724,0.1919,Someone_executes_a_pirouette,63,True
1321,0.3661,0.5242,0.1919,A_person_lifts_their_knee_to_their_chest,6,True
1322,0.4463,0.4302,0.192,A_person_bends_their_leg_and_raises_their_knee_to_their_chest,24,True
1323,0.4546,0.4223,0.192,An_individual_goes_down_to_touch_their_toes_and_then_stands_back_up,92,True
1324,0.4353,0.4411,0.192,Someone_touches_their_toes_and_stands_back_up,25,True
1325,0.4836,0.3971,0.192,Someone_rolls_forward_and_gets_up,19,True
1326,0.3982,0.4823,0.1921,An_individual_tumbles_forward_and_then_gets_up,6,True
1327,0.4373,0.4392,0.1921,Someone_leans_down_to_touch_their_toes_and_stands_back_up,34,True
1328,0.3771,0.5093,0.1921,Someone_pushes_a_large_object,27,True
1329,0.3908,0.4917,0.1921,Someone_pushes_a_large_object,37,True
1330,0.3857,0.4982,0.1921,A_person_rolls_forward_and_returns_to_a_standing_position,2,True
1331,0.4307,0.446,0.1921,A_person_stretches_to_touch_their_toes_and_then_rises,97,True
1332,0.4194,0.4581,0.1921,Someone_touches_their_toes_and_stands_back_up,80,True
1333,0.4464,0.4305,0.1922,An_individual_reaches_down_to_their_toes_and_stands_up_straight,40,True
1334,0.4382,0.4387,0.1922,Someone_rolls_forward_and_gets_up,87,True
1335,0.4027,0.4771,0.1922,An_individual_claps_in_celebration,72,True
1336,0.3866,0.497,0.1922,A_person_claps,89,True
1337,0.3618,0.5315,0.1923,An_individual_rolls_forward_and_rises,34,True
1338,0.454,0.4236,0.1923,An_individual_does_a_turning_pirouette,20,True
1339,0.3668,0.5242,0.1923,A_person_moves_a_heavy_object_by_pushing,97,True
1340,0.3441,0.5589,0.1923,An_individual_raises_a_knee_towards_their_chest,10,True
1341,0.4175,0.4608,0.1924,Someone_touches_their_toes_and_stands_back_up,46,True
1342,0.3748,0.5136,0.1925,A_person_rolls_forward_and_returns_to_a_standing_position,50,True
1343,0.4373,0.4401,0.1925,A_person_rotates_in_a_pirouette,59,True
1344,0.4504,0.4274,0.1925,A_person_rotates_in_a_pirouette,22,True
1345,0.5016,0.384,0.1926,An_individual_goes_down_to_touch_their_toes_and_then_stands_back_up,84,True
1346,0.3898,0.4947,0.1928,An_individual_completes_a_pirouette,79,True
1347,0.4564,0.4227,0.1929,An_individual_reaches_down_to_their_toes_and_stands_up_straight,54,True
1348,0.3776,0.5108,0.1929,A_person_claps_their_hands,26,True
1349,0.3702,0.5209,0.1929,A_person_jumps_very_high,40,True
1350,0.3581,0.5386,0.1929,An_individual_claps_in_celebration,93,True
1351,0.46,0.4195,0.193,A_person_rolls_ahead_and_gets_back_on_their_feet,40,True
1352,0.3745,0.5154,0.193,An_individual_tries_to_push_a_heavy_thing,85,True
1353,0.462,0.4178,0.193,Someone_leans_down_to_touch_their_toes_and_stands_back_up,32,True
1354,0.4337,0.445,0.193,Someone_touches_their_toes_and_then_lifts_themselves_up,41,True
1355,0.3919,0.4927,0.1931,A_person_rolls_forward_and_returns_to_a_standing_position,47,True
1356,0.3834,0.5036,0.1931,Someone_leans_down_to_touch_their_toes_and_stands_back_up,13,True
1357,0.4105,0.4706,0.1932,Someone_leaps_up_high,86,True
1358,0.4407,0.4384,0.1932,Someone_performs_a_pirouette,5,True
1359,0.425,0.4545,0.1932,Someone_is_moving_a_bulky_object_by_pushing,20,True
1360,0.383,0.5044,0.1932,An_individual_tries_to_push_a_heavy_thing,24,True
1361,0.4606,0.4196,0.1933,A_person_rotates_in_a_pirouette,43,True
1362,0.3993,0.4841,0.1933,An_individual_claps_in_celebration,24,True
1363,0.4419,0.4374,0.1933,Someone_rolls_forward_and_gets_up,6,False
1364,0.3598,0.5372,0.1933,An_individual_claps_in_celebration,19,True
1365,0.4453,0.4344,0.1934,Someone_shoves_a_weighty_object,17,True
1366,0.3977,0.4862,0.1934,Someone_executes_a_pirouette,41,True
1367,0.4877,0.3965,0.1934,An_individual_goes_down_to_touch_their_toes_and_then_stands_back_up,91,True
1368,0.425,0.4551,0.1934,Someone_performs_a_pirouette,63,False
1369,0.4557,0.4244,0.1934,Someone_touches_their_toes_and_stands_back_up,44,True
1370,0.3736,0.5177,0.1934,Someone_does_push-up_exercises,20,True
1371,0.5075,0.381,0.1934,An_individual_goes_down_to_touch_their_toes_and_then_stands_back_up,17,True
1372,0.4751,0.4073,0.1935,A_person_rotates_in_a_pirouette,3,True
1373,0.4643,0.4167,0.1935,An_individual_lifts_a_knee_up_to_their_chest,94,True
1374,0.5112,0.3786,0.1936,Someone_performs_a_pirouette,54,True
1375,0.4558,0.4246,0.1936,An_individual_does_a_turning_pirouette,59,True
1376,0.3567,0.5429,0.1936,An_individual_claps_in_celebration,90,True
1377,0.3652,0.5304,0.1937,Someone_makes_a_clapping_sound,12,True
1378,0.3906,0.496,0.1937,A_person_rolls_forward_and_returns_to_a_standing_position,86,True
1379,0.3936,0.4923,0.1937,A_person_performs_a_clap,27,True
1380,0.4545,0.4265,0.1938,A_person_reaches_for_their_toes_and_gets_back_up,79,True
1381,0.4553,0.4257,0.1938,Someone_touches_their_toes_and_stands_back_up,35,True
1382,0.4262,0.4547,0.1938,A_person_rotates_in_a_pirouette,28,True
1383,0.4287,0.4519,0.1938,Someone_touches_their_toes_and_then_lifts_themselves_up,54,True
1384,0.3786,0.5119,0.1938,An_individual_touches_their_toes_and_returns_to_a_standing_position,81,True
1385,0.3861,0.502,0.1938,An_individual_touches_their_toes_and_returns_to_a_standing_position,20,True
1386,0.4485,0.4324,0.1939,A_person_pushes_an_object_that_is_hard_to_lift,0,True
1387,0.3571,0.543,0.1939,A_person_performs_a_clap,82,True
1388,0.4268,0.4549,0.1941,An_individual_completes_a_pirouette,23,True
1389,0.4595,0.4223,0.1941,A_person_bends_to_touch_their_toes_and_stands_again,82,True
1390,0.3748,0.5182,0.1942,A_person_performs_a_clap,60,True
1391,0.4435,0.4379,0.1942,An_individual_goes_down_to_touch_their_toes_and_then_stands_back_up,7,True
1392,0.3739,0.5193,0.1942,A_person_moves_a_heavy_object_by_pushing,63,True
1393,0.4334,0.448,0.1942,Someone_pushes_off_the_ground_and_rises,75,True
1394,0.4017,0.4837,0.1943,An_individual_touches_their_toes_and_returns_to_a_standing_position,88,True
1395,0.376,0.5168,0.1943,A_person_claps,79,True
1396,0.3987,0.4872,0.1943,Someone_pushes_off_the_ground_and_rises,28,True
1397,0.4018,0.4837,0.1944,A_person_brings_their_knee_in_towards_their_chest,95,True
1398,0.4707,0.4129,0.1944,Someone_leans_down_to_touch_their_toes_and_stands_back_up,76,True
1399,0.4013,0.4846,0.1944,An_individual_tries_to_push_a_heavy_thing,67,True
1400,0.4114,0.4724,0.1944,An_individual_goes_down_to_touch_their_toes_and_then_stands_back_up,45,True
1401,0.4793,0.4055,0.1944,Someone_moves_forward_by_rolling_and_then_stands,57,True
1402,0.3972,0.4894,0.1944,An_individual_completes_a_pirouette,73,True
1403,0.3963,0.4905,0.1944,A_person_rolls_forward_and_returns_to_a_standing_position,35,True
1404,0.4235,0.4592,0.1945,Someone_leans_down_to_touch_their_toes_and_stands_back_up,86,True
1405,0.3344,0.5816,0.1945,An_individual_raises_a_knee_towards_their_chest,92,True
1406,0.4749,0.4099,0.1946,A_person_rotates_in_a_pirouette,46,True
1407,0.4961,0.3922,0.1946,An_individual_rolls_forward_and_quickly_gets_up,17,True
1408,0.4387,0.4436,0.1946,A_person_raises_a_knee_to_their_chest,60,True
1409,0.4088,0.4761,0.1946,An_individual_lifts_a_knee_up_to_their_chest,51,True
1410,0.4052,0.4806,0.1947,Someone_does_a_pirouette,12,True
1411,0.4559,0.4271,0.1947,Someone_executes_a_pirouette,64,True
1412,0.3847,0.5061,0.1947,An_individual_touches_their_toes_and_returns_to_a_standing_position,80,True
1413,0.4005,0.4862,0.1947,Someone_touches_their_toes_and_stands_back_up,29,True
1414,0.3792,0.5134,0.1947,An_individual_rolls_forward_and_rises,82,True
1415,0.4172,0.4669,0.1948,Someone_touches_their_toes_and_stands_back_up,53,True
1416,0.3997,0.4873,0.1948,An_individual_rolls_forward_and_quickly_gets_up,54,True
1417,0.4611,0.4226,0.1949,A_person_brings_their_knee_in_towards_their_chest,47,True
1418,0.4106,0.4746,0.1949,Someone_executes_a_pirouette,62,True
1419,0.3862,0.5047,0.1949,A_person_claps_their_hands,94,True
1420,0.3727,0.5228,0.1949,An_individual_pushes_a_heavy_object,66,True
1421,0.3683,0.5297,0.1951,A_person_does_a_high_jump,70,True
1422,0.3643,0.5357,0.1951,An_individual_raises_a_knee_towards_their_chest,63,True
1423,0.3257,0.5989,0.1951,An_individual_raises_a_knee_towards_their_chest,51,True
1424,0.4451,0.4388,0.1953,A_person_practices_push-ups,7,True
1425,0.4496,0.4343,0.1953,Someone_positions_their_knee_at_chest_height,78,True
1426,0.4989,0.3914,0.1953,A_person_performs_push-ups,30,True
1427,0.4264,0.458,0.1953,A_person_pulls_their_knee_up_to_their_chest,78,True
1428,0.3901,0.5009,0.1954,A_person_rolls_forward_and_returns_to_a_standing_position,92,True
1429,0.4695,0.4162,0.1954,Someone_rolls_forward_and_stands_up,83,True
1430,0.4426,0.4416,0.1954,Someone_executes_a_pirouette,53,True
1431,0.4763,0.4102,0.1954,An_individual_touches_their_toes_and_returns_to_a_standing_position,0,True
1432,0.4688,0.4168,0.1954,Someone_touches_their_toes_and_then_lifts_themselves_up,27,True
1433,0.4043,0.4836,0.1955,A_person_bends_their_leg_and_raises_their_knee_to_their_chest,59,True
1434,0.3742,0.5227,0.1956,A_person_performs_a_clap,64,True
1435,0.3851,0.5079,0.1956,An_individual_pushes_a_heavy_object,62,True
1436,0.4414,0.4433,0.1956,A_person_goes_up_into_the_air,46,True
1437,0.4729,0.4137,0.1956,Someone_leaps_up_high,31,True
1438,0.3847,0.5086,0.1957,Someone_pushes_a_large_object,52,True
1439,0.4111,0.4762,0.1957,An_individual_raises_their_right_arm_to_make_contact_with_their_head,54,True
1440,0.4293,0.4562,0.1958,A_person_brings_their_knee_in_towards_their_chest,52,True
1441,0.372,0.5263,0.1958,An_individual_pushes_a_heavy_object,98,True
1442,0.3795,0.5159,0.1958,A_person_brings_their_knee_in_towards_their_chest,75,True
1443,0.3811,0.5138,0.1958,An_individual_claps_in_celebration,84,True
1444,0.4064,0.4817,0.1958,Someone_positions_their_knee_at_chest_height,57,True
1445,0.397,0.4934,0.1959,An_individual_completes_a_pirouette,4,True
1446,0.4344,0.451,0.1959,Someone_moves_forward_by_rolling_and_then_stands,75,True
1447,0.522,0.3752,0.1959,Someone_bends_down_to_touch_their_toes_and_then_stands_up,51,True
1448,0.3933,0.498,0.1959,A_person_raises_a_knee_to_their_chest,6,True
1449,0.3938,0.4975,0.1959,A_person_gives_a_round_of_applause,1,True
1450,0.406,0.4827,0.196,A_person_goes_up_into_the_air,8,True
1451,0.4023,0.4872,0.196,A_person_jumps_straight_up,14,True
1452,0.4356,0.4498,0.196,Someone_rolls_forward_and_stands_up,47,True
1453,0.4739,0.4136,0.196,A_person_lifts_their_knee_to_their_chest,26,True
1454,0.492,0.3987,0.1961,Someone_does_a_quick_spin_in_a_pirouette,23,True
1455,0.3749,0.5231,0.1961,A_person_performs_a_clap,22,True
1456,0.3569,0.5495,0.1961,An_individual_tumbles_forward_and_then_gets_up,22,True
1457,0.4438,0.4418,0.1961,A_person_bends_their_leg_and_raises_their_knee_to_their_chest,91,True
1458,0.3975,0.4933,0.1961,An_individual_claps_in_celebration,13,True
1459,0.509,0.3855,0.1962,Someone_performs_a_pirouette,19,True
1460,0.3886,0.505,0.1963,An_individual_rolls_forward_and_rises,16,True
1461,0.4591,0.4279,0.1964,A_person_rolls_forward_and_returns_to_a_standing_position,81,True
1462,0.3849,0.5106,0.1965,Someone_leaps_up_high,23,True
1463,0.4684,0.4194,0.1965,Someone_rolls_forward_and_stands_up,1,True
1464,0.3852,0.51,0.1965,Someone_is_moving_a_bulky_object_by_pushing,84,True
1465,0.4029,0.4883,0.1967,A_person_rolls_forward_and_returns_to_a_standing_position,6,True
1466,0.3841,0.5121,0.1967,An_individual_tumbles_forward_and_then_gets_up,27,True
1467,0.4242,0.4637,0.1967,An_individual_tumbles_forward_and_then_gets_up,77,True
1468,0.4913,0.4003,0.1967,Someone_reaches_up_with_their_right_arm_to_their_head,28,True
1469,0.4838,0.4066,0.1967,Someone_positions_their_knee_at_chest_height,68,True
1470,0.4714,0.4172,0.1967,Someone_performs_a_forward_roll_and_then_stands,9,True
1471,0.398,0.4942,0.1967,An_individual_pushes_a_heavy_object,21,True
1472,0.3886,0.5061,0.1967,Someone_pushes_a_large_object,63,True
1473,0.4753,0.4141,0.1968,Someone_leans_down_to_touch_their_toes_and_stands_back_up,84,True
1474,0.4551,0.4324,0.1968,A_person_pulls_their_knee_up_to_their_chest,67,True
1475,0.4454,0.4419,0.1968,Someone_executes_a_pirouette,19,True
1476,0.3582,0.5493,0.1968,An_individual_raises_a_knee_towards_their_chest,13,True
1477,0.47,0.4188,0.1968,Someone_elevates_their_knee_to_their_chest,58,True
1478,0.4543,0.4335,0.1969,Someone_executes_a_pirouette,51,True
1479,0.3628,0.543,0.197,A_person_raises_a_knee_to_their_chest,59,True
1480,0.4286,0.4598,0.1971,Someone_elevates_their_knee_to_their_chest,75,True
1481,0.3949,0.4993,0.1971,An_individual_claps_in_celebration,37,True
1482,0.431,0.4574,0.1971,Someone_pushes_off_the_ground_and_rises,47,True
1483,0.4489,0.4391,0.1971,Someone_executes_a_pirouette,69,True
1484,0.4324,0.4561,0.1972,A_person_brings_their_knee_in_towards_their_chest,58,True
1485,0.4532,0.4351,0.1972,A_person_reaches_for_their_toes_and_gets_back_up,50,True
1486,0.4816,0.4094,0.1972,A_person_rotates_in_a_pirouette,52,True
1487,0.352,0.5602,0.1972,A_person_claps_their_hands,60,True
1488,0.4257,0.4632,0.1972,A_person_rotates_in_a_pirouette,42,True
1489,0.4137,0.4768,0.1973,A_person_goes_up_into_the_air,39,True
1490,0.351,0.562,0.1973,A_person_performs_a_clap,30,True
1491,0.4185,0.4718,0.1974,A_person_raises_a_knee_to_their_chest,7,True
1492,0.4662,0.4234,0.1974,An_individual_goes_down_to_touch_their_toes_and_then_stands_back_up,80,True
1493,0.4333,0.4556,0.1974,Someone_pushes_off_the_ground_and_rises,31,True
1494,0.41,0.4815,0.1974,Someone_pushes_a_large_object,31,True
1495,0.4496,0.439,0.1974,Someone_shoves_a_weighty_object,15,True
1496,0.5994,0.3293,0.1974,An_individual_waves_hello_with_their_left_arm,5,True
1497,0.4241,0.4657,0.1975,A_person_rolls_forward_and_returns_to_a_standing_position,11,True
1498,0.3966,0.4979,0.1975,Someone_leans_down_to_touch_their_toes_and_stands_back_up,36,True
1499,0.4022,0.4914,0.1976,Someone_pushes_a_large_object,98,True
1500,0.4704,0.4199,0.1976,A_person_swings_their_left_arm_back_and_forth,87,True
1501,0.5852,0.3376,0.1976,A_person_bends_to_touch_their_toes_and_stands_again,41,True
1502,0.4555,0.4338,0.1976,Someone_performs_a_pirouette,58,True
1503,0.4422,0.447,0.1977,A_person_rotates_in_a_pirouette,75,True
1504,0.4672,0.4233,0.1978,A_person_lifts_their_knee_to_their_chest,65,True
1505,0.4501,0.4395,0.1978,A_person_bends_their_leg_and_raises_their_knee_to_their_chest,23,True
1506,0.5454,0.3626,0.1978,An_individual_reaches_down_to_their_toes_and_stands_up_straight,49,True
1507,0.3829,0.5165,0.1978,A_person_performs_a_clap,57,True
1508,0.3546,0.5579,0.1978,An_individual_raises_a_knee_towards_their_chest,34,True
1509,0.4512,0.4383,0.1978,A_person_bends_their_leg_and_raises_their_knee_to_their_chest,68,True
1510,0.4099,0.4827,0.1979,An_individual_pushes_a_heavy_object,50,True
1511,0.4412,0.4486,0.1979,Someone_is_moving_a_bulky_object_by_pushing,70,True
1512,0.4015,0.493,0.1979,A_person_stretches_to_touch_their_toes_and_then_rises,60,True
1513,0.4113,0.4816,0.198,An_individual_tries_to_push_a_heavy_thing,73,True
1514,0.408,0.4853,0.198,A_person_performs_push-ups,13,True
1515,0.4744,0.4174,0.198,A_person_rotates_in_a_pirouette,69,True
1516,0.4164,0.4755,0.198,Someone_springs_up_off_the_ground,65,True
1517,0.4582,0.4324,0.1981,A_person_goes_up_into_the_air,5,True
1518,0.3899,0.5081,0.1981,Someone_rolls_forward_and_stands_up,86,True
1519,0.3879,0.5107,0.1981,Someone_pushes_a_large_object,79,True
1520,0.39,0.5082,0.1982,An_individual_tries_to_push_a_heavy_thing,5,True
1521,0.4636,0.4275,0.1982,A_person_reaches_for_their_toes_and_gets_back_up,62,True
1522,0.4643,0.4271,0.1983,Someone_pushes_off_the_ground_and_rises,38,True
1523,0.4527,0.438,0.1983,A_person_bends_their_leg_and_raises_their_knee_to_their_chest,72,True
1524,0.4302,0.4611,0.1984,A_person_bends_their_leg_and_raises_their_knee_to_their_chest,42,True
1525,0.4978,0.3985,0.1984,Someone_rolls_forward_and_gets_up,83,True
1526,0.5489,0.3614,0.1984,A_person_rolls_ahead_and_gets_back_on_their_feet,48,True
1527,0.4775,0.4157,0.1985,A_person_rotates_in_a_pirouette,72,True
1528,0.428,0.4638,0.1985,A_person_pushes_an_object_that_is_hard_to_lift,39,True
1529,0.3977,0.499,0.1985,A_person_brings_their_knee_in_towards_their_chest,25,True
1530,0.3973,0.4996,0.1985,A_person_claps_their_hands,51,True
1531,0.4781,0.4154,0.1986,Someone_rolls_forward_and_gets_up,29,True
1532,0.417,0.4763,0.1986,Someone_shoves_a_weighty_object,27,True
1533,0.5245,0.3787,0.1986,An_individual_reaches_down_to_their_toes_and_stands_up_straight,3,True
1534,0.467,0.4254,0.1986,Someone_rolls_forward_and_stands_up,60,True
1535,0.4557,0.4361,0.1987,Someone_does_a_pirouette,35,True
1536,0.4213,0.4716,0.1987,Someone_moves_forward_by_rolling_and_then_stands,89,True
1537,0.4297,0.4624,0.1987,An_individual_tries_to_push_a_heavy_thing,96,True
1538,0.5202,0.3819,0.1987,Someone_rolls_forward_and_stands_up,59,True
1539,0.4371,0.4548,0.1988,A_person_pushes_an_object_that_is_hard_to_lift,58,True
1540,0.4064,0.4891,0.1988,Someone_moves_forward_by_rolling_and_then_stands,47,True
1541,0.4509,0.4409,0.1988,An_individual_goes_down_to_touch_their_toes_and_then_stands_back_up,73,True
1542,0.3933,0.5058,0.1989,Someone_does_push-up_exercises,61,True
1543,0.4143,0.4801,0.1989,An_individual_pushes_something_heavy,25,True
1544,0.3727,0.5339,0.199,Someone_leans_down_to_touch_their_toes_and_stands_back_up,31,True
1545,0.437,0.4553,0.199,A_person_bends_their_leg_and_raises_their_knee_to_their_chest,16,True
1546,0.3892,0.5114,0.199,Someone_pushes_a_large_object,74,True
1547,0.5058,0.3934,0.199,A_person_rolls_ahead_and_gets_back_on_their_feet,88,True
1548,0.4441,0.448,0.199,A_person_applies_pressure_to_push_a_heavy_object,28,True
1549,0.4652,0.4279,0.1991,Someone_rolls_forward_and_stands_up,18,True
1550,0.4767,0.4182,0.1993,A_person_reaches_for_their_toes_and_gets_back_up,92,True
1551,0.4226,0.4718,0.1994,Someone_elevates_their_knee_to_their_chest,77,True
1552,0.4513,0.4421,0.1995,A_person_claps,13,True
1553,0.5464,0.3652,0.1995,Someone_pushes_off_the_ground_and_rises,45,True
1554,0.4864,0.4102,0.1995,Someone_shoves_a_weighty_object,1,True
1555,0.5011,0.3982,0.1995,Someone_springs_up_off_the_ground,62,True
1556,0.4161,0.4798,0.1996,Someone_does_a_pirouette,41,True
1557,0.3952,0.5052,0.1996,An_individual_tumbles_forward_and_then_gets_up,26,True
1558,0.3836,0.5206,0.1997,Someone_is_moving_a_bulky_object_by_pushing,63,True
1559,0.4924,0.4056,0.1997,Someone_rolls_forward_and_gets_up,35,True
1560,0.4313,0.4633,0.1998,An_individual_raises_their_right_arm_to_make_contact_with_their_head,5,True
1561,0.3917,0.5102,0.1998,Someone_pushes_a_large_object,80,True
1562,0.4282,0.4666,0.1998,Someone_positions_their_knee_at_chest_height,47,True
1563,0.3877,0.5155,0.1998,A_person_rolls_forward_and_returns_to_a_standing_position,22,True
1564,0.3672,0.544,0.1998,Someone_executes_a_pirouette,40,True
1565,0.4496,0.4444,0.1998,An_individual_rolls_forward_and_quickly_gets_up,6,True
1566,0.4118,0.4854,0.1999,A_person_rolls_forward_and_returns_to_a_standing_position,34,True
1567,0.4962,0.4028,0.1999,An_individual_raises_their_right_arm_to_make_contact_with_their_head,30,True
1568,0.5477,0.3652,0.2,Someone_springs_up_off_the_ground,17,True
1569,0.4149,0.4822,0.2,Someone_moves_forward_by_rolling_and_then_stands,12,True
1570,0.4871,0.4106,0.2,Someone_rolls_forward_and_gets_up,70,True
1571,0.4085,0.4897,0.2,Someone_is_moving_a_bulky_object_by_pushing,5,True
1572,0.4046,0.4943,0.2,Someone_does_push-up_exercises,68,True
1573,0.4427,0.4517,0.2,Someone_elevates_their_knee_to_their_chest,33,True
1574,0.4144,0.4828,0.2001,Someone_touches_their_toes_and_stands_back_up,99,True
1575,0.4532,0.4415,0.2001,A_person_pulls_their_knee_up_to_their_chest,73,True
1576,0.3971,0.5039,0.2001,A_person_brings_their_knee_in_towards_their_chest,97,True
1577,0.4468,0.4481,0.2002,A_person_pushes_an_object_that_is_hard_to_lift,50,True
1578,0.4047,0.4947,0.2002,A_person_gives_a_round_of_applause,95,True
1579,0.4434,0.4515,0.2002,A_person_reaches_for_their_toes_and_gets_back_up,35,True
1580,0.3693,0.5421,0.2002,A_person_performs_a_clap,83,True
1581,0.4259,0.47,0.2002,Someone_performs_a_pirouette,66,True
1582,0.3823,0.5235,0.2002,Someone_is_moving_a_bulky_object_by_pushing,73,True
1583,0.4571,0.4383,0.2003,An_individual_brings_their_knee_close_to_their_chest,15,True
1584,0.4484,0.4467,0.2003,An_individual_goes_down_to_touch_their_toes_and_then_stands_back_up,50,True
1585,0.4691,0.4271,0.2003,A_person_rotates_in_a_pirouette,61,True
1586,0.3862,0.5188,0.2003,An_individual_pushes_something_heavy,55,True
1587,0.517,0.3874,0.2003,An_individual_goes_down_to_touch_their_toes_and_then_stands_back_up,68,True
1588,0.4503,0.445,0.2004,A_person_pulls_their_knee_up_to_their_chest,74,True
1589,0.4912,0.4083,0.2005,A_person_rotates_in_a_pirouette,2,True
1590,0.4107,0.4881,0.2005,A_person_pushes_an_object_that_is_hard_to_lift,35,True
1591,0.4081,0.4914,0.2005,An_individual_makes_a_high_jump,63,True
1592,0.4485,0.4471,0.2005,An_individual_rolls_forward_and_quickly_gets_up,24,True
1593,0.4055,0.4945,0.2005,A_person_moves_a_heavy_object_by_pushing,82,True
1594,0.5314,0.3774,0.2005,Someone_springs_up_off_the_ground,69,True
1595,0.4921,0.4074,0.2005,Someone_shoves_a_weighty_object,80,True
1596,0.4044,0.4961,0.2006,Someone_touches_their_toes_and_then_lifts_themselves_up,75,True
1597,0.4525,0.4432,0.2006,A_person_gives_a_round_of_applause,41,True
1598,0.4297,0.4669,0.2006,Someone_leaps_up_high,0,True
1599,0.3736,0.537,0.2006,An_individual_raises_a_knee_towards_their_chest,24,True
1600,0.4149,0.4834,0.2006,A_person_rolls_forward_and_returns_to_a_standing_position,78,True
1601,0.3826,0.5246,0.2007,A_person_claps_their_hands,18,True
1602,0.4255,0.4716,0.2007,A_person_bends_their_leg_and_raises_their_knee_to_their_chest,61,True
1603,0.4732,0.4241,0.2007,An_individual_rolls_forward_and_quickly_gets_up,28,True
1604,0.3995,0.5023,0.2007,An_individual_completes_a_pirouette,82,True
1605,0.4162,0.4824,0.2008,Someone_rolls_in_a_forward_motion_and_stands_up,28,True
1606,0.4347,0.4619,0.2008,An_individual_makes_a_high_jump,61,True
1607,0.4214,0.4765,0.2008,Someone_performs_a_pirouette,64,True
1608,0.489,0.4108,0.2009,Someone_springs_up_off_the_ground,46,True
1609,0.4097,0.4904,0.2009,A_person_does_a_forward_roll_and_gets_up,4,True
1610,0.404,0.4972,0.2009,Someone_pushes_off_the_ground_and_rises,34,True
1611,0.3777,0.532,0.2009,Someone_pushes_a_large_object,91,True
1612,0.3817,0.5263,0.2009,A_person_reaches_for_their_toes_and_gets_back_up,53,True
1613,0.4057,0.4952,0.2009,An_individual_tumbles_forward_and_then_gets_up,91,True
1614,0.4182,0.4805,0.201,Someone_performs_a_pirouette,29,True
1615,0.4711,0.4267,0.201,A_person_gives_a_round_of_applause,56,True
1616,0.5037,0.3993,0.2011,Someone_positions_their_knee_at_chest_height,27,True
1617,0.4107,0.4896,0.2011,Someone_executes_a_pirouette,45,True
1618,0.4295,0.4682,0.2011,A_person_rotates_in_a_pirouette,68,True
1619,0.4482,0.4486,0.2011,A_person_bends_to_touch_their_toes_and_stands_again,49,True
1620,0.4359,0.4614,0.2011,A_person_bends_to_touch_their_toes_and_stands_again,98,True
1621,0.4116,0.4886,0.2011,An_individual_makes_a_high_jump,13,True
1622,0.3897,0.5163,0.2012,A_person_performs_a_clap,91,True
1623,0.4543,0.4429,0.2012,Someone_performs_a_pirouette,27,True
1624,0.4121,0.4884,0.2012,A_person_bends_their_leg_and_raises_their_knee_to_their_chest,47,True
1625,0.4084,0.4925,0.2012,A_person_rolls_ahead_and_gets_back_on_their_feet,43,True
1626,0.4403,0.457,0.2012,A_person_rotates_in_a_pirouette,38,True
1627,0.4281,0.4702,0.2013,Someone_performs_a_forward_roll_and_then_stands,89,True
1628,0.4501,0.4472,0.2013,A_person_rotates_in_a_pirouette,0,True
1629,0.4467,0.4505,0.2013,A_person_performs_push-ups,95,True
1630,0.4313,0.4668,0.2013,A_person_moves_a_heavy_object_by_pushing,56,True
1631,0.6306,0.3194,0.2014,An_individual_brings_their_knee_close_to_their_chest,32,True
1632,0.3924,0.5132,0.2014,Someone_makes_a_full_turn_in_a_pirouette,30,True
1633,0.4544,0.4433,0.2014,A_person_reaches_for_their_toes_and_gets_back_up,75,True
1634,0.4345,0.4635,0.2014,An_individual_reaches_down_to_their_toes_and_stands_up_straight,14,True
1635,0.4229,0.4764,0.2014,An_individual_touches_their_toes_and_returns_to_a_standing_position,33,True
1636,0.4093,0.4923,0.2015,A_person_reaches_for_their_toes_and_gets_back_up,65,True
1637,0.4452,0.4526,0.2015,Someone_rolls_forward_and_gets_up,67,True
1638,0.4143,0.4864,0.2015,Someone_rolls_in_a_forward_motion_and_stands_up,74,True
1639,0.4797,0.4202,0.2015,A_person_rotates_in_a_pirouette,9,True
1640,0.4776,0.4219,0.2015,Someone_rolls_forward_and_stands_up,75,True
1641,0.3994,0.5045,0.2015,A_person_lifts_their_knee_to_their_chest,76,True
1642,0.4174,0.4828,0.2015,Someone_executes_a_pirouette,21,True
1643,0.4472,0.4505,0.2015,An_individual_claps_in_celebration,98,True
1644,0.5328,0.3781,0.2015,Someone_rolls_forward_and_gets_up,20,True
1645,0.3945,0.5111,0.2016,A_person_moves_a_heavy_object_by_pushing,54,True
1646,0.4118,0.4896,0.2016,An_individual_pushes_something_heavy,89,True
1647,0.3834,0.5259,0.2016,An_individual_raises_a_knee_towards_their_chest,79,True
1648,0.3791,0.5322,0.2017,Someone_makes_a_clapping_sound,78,True
1649,0.3883,0.5195,0.2017,A_person_brings_their_knee_in_towards_their_chest,94,True
1650,0.3871,0.5215,0.2018,Someone_pushes_off_the_ground_and_rises,20,True
1651,0.4482,0.4502,0.2018,An_individual_touches_their_toes_and_returns_to_a_standing_position,65,True
1652,0.3764,0.5365,0.2019,Someone_makes_a_clapping_sound,50,True
1653,0.4958,0.4071,0.2019,An_individual_rolls_forward_and_quickly_gets_up,78,True
1654,0.4551,0.444,0.202,Someone_rolls_forward_and_stands_up,44,True
1655,0.4449,0.4544,0.2021,A_person_rolls_ahead_and_gets_back_on_their_feet,15,True
1656,0.4346,0.465,0.2021,Someone_elevates_their_knee_to_their_chest,86,True
1657,0.5355,0.3774,0.2021,Someone_springs_up_off_the_ground,52,True
1658,0.4905,0.4123,0.2022,Someone_performs_a_forward_roll_and_then_stands,36,True
1659,0.506,0.3997,0.2022,Someone_bends_down_to_touch_their_toes_and_then_stands_up,68,True
1660,0.4939,0.4094,0.2022,An_individual_rolls_forward_and_quickly_gets_up,56,True
1661,0.3827,0.5286,0.2023,A_person_performs_a_clap,5,True
1662,0.4041,0.5005,0.2023,An_individual_tumbles_forward_and_then_gets_up,69,True
1663,0.4381,0.4618,0.2023,Someone_touches_their_toes_and_stands_back_up,17,True
1664,0.4474,0.4522,0.2023,Someone_executes_a_pirouette,38,True
1665,0.3602,0.5618,0.2023,An_individual_raises_a_knee_towards_their_chest,35,True
1666,0.4041,0.5006,0.2023,Someone_does_a_pirouette,94,True
1667,0.4339,0.4663,0.2024,A_person_rolls_forward_and_returns_to_a_standing_position,36,True
1668,0.3874,0.5225,0.2024,A_person_claps_their_hands,50,True
1669,0.4371,0.4631,0.2024,Someone_rolls_forward_and_stands_up,41,True
1670,0.4926,0.4111,0.2025,A_person_practices_push-ups,65,True
1671,0.4206,0.4815,0.2025,A_person_lifts_their_knee_to_their_chest,33,True
1672,0.4793,0.4226,0.2026,A_person_bends_to_touch_their_toes_and_stands_again,23,True
1673,0.4456,0.4547,0.2026,Someone_rolls_forward_and_stands_up,43,True
1674,0.3597,0.5634,0.2026,An_individual_claps_in_celebration,53,True
1675,0.3686,0.5497,0.2026,A_person_reaches_for_their_toes_and_gets_back_up,96,True
1676,0.3977,0.5094,0.2026,A_person_pulls_their_knee_up_to_their_chest,93,True
1677,0.4385,0.462,0.2026,Someone_touches_their_toes_and_stands_back_up,2,True
1678,0.4383,0.4625,0.2027,An_individual_claps_in_celebration,57,True
1679,0.3516,0.5764,0.2027,A_person_performs_a_clap,38,True
1680,0.4897,0.4139,0.2027,A_person_bends_their_leg_and_raises_their_knee_to_their_chest,38,True
1681,0.4505,0.4499,0.2027,Someone_touches_their_toes_and_stands_back_up,48,True
1682,0.4232,0.4793,0.2028,A_person_claps_their_hands,15,True
1683,0.4727,0.429,0.2028,Someone_brings_their_knee_up_to_their_chest,68,True
1684,0.4489,0.4517,0.2028,A_person_claps,85,True
1685,0.4371,0.4641,0.2029,An_individual_pushes_a_heavy_object,44,True
1686,0.4064,0.4994,0.2029,A_person_does_a_forward_roll_and_gets_up,98,True
1687,0.3833,0.5295,0.2029,An_individual_claps_in_celebration,75,True
1688,0.459,0.442,0.2029,A_person_does_a_high_jump,18,True
1689,0.5303,0.3826,0.2029,Someone_brings_their_hands_together_to_clap,21,True
1690,0.4773,0.4251,0.2029,A_person_rotates_in_a_pirouette,56,True
1691,0.3775,0.5374,0.2029,An_individual_claps_in_celebration,18,True
1692,0.4833,0.4201,0.203,Someone_rolls_forward_and_stands_up,88,True
1693,0.4768,0.4258,0.203,A_person_brings_their_knee_in_towards_their_chest,8,True
1694,0.4946,0.4104,0.203,Someone_brings_their_knee_up_to_their_chest,83,True
1695,0.4406,0.4608,0.203,Someone_moves_forward_by_rolling_and_then_stands,71,True
1696,0.4131,0.4918,0.2031,A_person_lifts_their_knee_to_their_chest,53,True
1697,0.4072,0.4986,0.2031,A_person_brings_their_knee_in_towards_their_chest,92,True
1698,0.4205,0.4829,0.2031,A_person_rotates_in_a_pirouette,40,True
1699,0.3952,0.5139,0.2031,An_individual_rolls_forward_and_quickly_gets_up,1,True
1700,0.3869,0.5251,0.2032,An_individual_claps_in_celebration,21,True
1701,0.5293,0.3839,0.2032,An_individual_does_a_turning_pirouette,15,True
1702,0.4303,0.4722,0.2032,Someone_executes_a_pirouette,66,True
1703,0.4129,0.4922,0.2032,A_person_reaches_for_their_toes_and_gets_back_up,32,True
1704,0.3913,0.5193,0.2032,Someone_performs_a_pirouette,83,True
1705,0.4166,0.4877,0.2032,Someone_performs_a_pirouette,8,True
1706,0.4396,0.4622,0.2032,Someone_executes_a_pirouette,10,True
1707,0.429,0.4736,0.2032,Someone_moves_forward_by_rolling_and_then_stands,22,True
1708,0.374,0.5436,0.2033,Someone_pushes_a_large_object,17,True
1709,0.3697,0.55,0.2033,Someone_is_moving_a_bulky_object_by_pushing,1,True
1710,0.4418,0.4602,0.2033,An_individual_touches_their_toes_and_returns_to_a_standing_position,10,True
1711,0.4921,0.4131,0.2033,Someone_performs_a_pirouette,24,True
1712,0.3719,0.5465,0.2033,A_person_performs_a_clap,73,True
1713,0.5323,0.3821,0.2034,Someone_rolls_forward_and_stands_up,87,True
1714,0.447,0.4552,0.2035,Someone_executes_a_pirouette,76,True
1715,0.3635,0.5597,0.2035,An_individual_completes_a_pirouette,41,True
1716,0.5434,0.3744,0.2035,An_individual_reaches_down_to_their_toes_and_stands_up_straight,46,True
1717,0.5364,0.3794,0.2035,Someone_springs_up_off_the_ground,0,True
1718,0.3794,0.5364,0.2035,A_person_performs_a_clap,55,True
1719,0.3754,0.5424,0.2036,A_person_rolls_ahead_and_gets_back_on_their_feet,68,True
1720,0.4533,0.4491,0.2036,Someone_elevates_their_knee_to_their_chest,78,True
1721,0.4316,0.4718,0.2036,Someone_performs_a_pirouette,4,True
1722,0.4076,0.4998,0.2037,An_individual_pushes_something_heavy,41,True
1723,0.3878,0.5251,0.2037,An_individual_claps_in_celebration,30,True
1724,0.4465,0.4563,0.2037,A_person_rotates_in_a_pirouette,27,True
1725,0.4517,0.4513,0.2038,An_individual_touches_their_toes_and_returns_to_a_standing_position,61,True
1726,0.4371,0.4664,0.2039,A_person_rolls_ahead_and_gets_back_on_their_feet,76,True
1727,0.4029,0.506,0.2039,An_individual_lifts_a_knee_up_to_their_chest,58,True
1728,0.4358,0.4678,0.2039,Someone_positions_their_knee_at_chest_height,77,True
1729,0.4363,0.4672,0.2039,Someone_touches_their_toes_and_stands_back_up,3,True
1730,0.3976,0.513,0.204,An_individual_completes_a_pirouette,43,True
1731,0.4519,0.4516,0.204,Someone_executes_a_pirouette,29,True
1732,0.4016,0.508,0.204,A_person_lifts_their_knee_to_their_chest,45,True
1733,0.3676,0.5548,0.204,A_person_performs_a_clap,37,True
1734,0.4211,0.4848,0.2041,Someone_executes_a_pirouette,48,True
1735,0.4654,0.4385,0.2041,A_person_rolls_ahead_and_gets_back_on_their_feet,47,True
1736,0.4779,0.4273,0.2042,Someone_does_a_pirouette,33,True
1737,0.3904,0.523,0.2042,An_individual_pushes_something_heavy,43,True
1738,0.385,0.5304,0.2042,An_individual_pushes_a_heavy_object,84,True
1739,0.4446,0.4594,0.2043,Someone_elevates_their_knee_to_their_chest,26,True
1740,0.4475,0.4565,0.2043,An_individual_brings_their_knee_close_to_their_chest,17,True
1741,0.492,0.4151,0.2043,Someone_moves_forward_by_rolling_and_then_stands,14,True
1742,0.445,0.4594,0.2044,Someone_leans_down_to_touch_their_toes_and_stands_back_up,18,True
1743,0.4402,0.4642,0.2044,A_person_stretches_to_touch_their_toes_and_then_rises,63,True
1744,0.391,0.5227,0.2044,Someone_applauds_by_clapping,17,True
1745,0.4002,0.5107,0.2044,An_individual_raises_a_knee_towards_their_chest,89,True
1746,0.4776,0.428,0.2044,A_person_pulls_their_knee_up_to_their_chest,91,True
1747,0.4141,0.4939,0.2045,A_person_lifts_their_knee_to_their_chest,40,True
1748,0.4261,0.4798,0.2045,Someone_leaps_up_high,40,True
1749,0.4846,0.4221,0.2045,A_person_reaches_for_their_toes_and_gets_back_up,67,True
1750,0.4622,0.4425,0.2045,A_person_raises_a_knee_to_their_chest,2,True
1751,0.5754,0.3554,0.2045,A_person_bends_to_touch_their_toes_and_stands_again,5,True
1752,0.412,0.4964,0.2045,A_person_rolls_forward_and_returns_to_a_standing_position,9,True
1753,0.423,0.4837,0.2046,A_person_bends_their_leg_and_raises_their_knee_to_their_chest,14,True
1754,0.524,0.3905,0.2046,An_individual_reaches_down_to_their_toes_and_stands_up_straight,12,True
1755,0.5233,0.3912,0.2047,Someone_elevates_their_knee_to_their_chest,44,True
1756,0.5421,0.3775,0.2047,A_person_rolls_ahead_and_gets_back_on_their_feet,98,True
1757,0.433,0.4729,0.2047,An_individual_pushes_something_heavy,53,True
1758,0.3609,0.5672,0.2047,A_person_performs_a_clap,20,True
1759,0.47,0.4357,0.2048,An_individual_tumbles_forward_and_then_gets_up,38,True
1760,0.404,0.5069,0.2048,Someone_pushes_a_large_object,1,True
1761,0.4644,0.4411,0.2049,A_person_rotates_in_a_pirouette,88,True
1762,0.4261,0.4808,0.2049,An_individual_dances_a_pirouette,6,True
1763,0.3864,0.5305,0.205,A_person_claps,51,True
1764,0.4941,0.4149,0.205,Someone_rolls_forward_and_stands_up,67,True
1765,0.5227,0.3922,0.205,A_person_bends_to_touch_their_toes_and_stands_again,6,True
1766,0.4223,0.4854,0.205,Someone_performs_a_forward_roll_and_then_stands,83,True
1767,0.4465,0.4593,0.2051,Someone_does_push-up_exercises,14,True
1768,0.4299,0.4771,0.2051,Someone_moves_forward_by_rolling_and_then_stands,25,True
1769,0.4057,0.5055,0.2051,A_person_brings_their_knee_in_towards_their_chest,72,True
1770,0.4654,0.4409,0.2052,Someone_rolls_forward_and_stands_up,76,True
1771,0.4026,0.5099,0.2053,A_person_rolls_ahead_and_gets_back_on_their_feet,90,True
1772,0.4059,0.5057,0.2053,An_individual_pushes_something_heavy,95,True
1773,0.4625,0.444,0.2053,Someone_executes_a_pirouette,6,True
1774,0.5157,0.3982,0.2053,Someone_brings_their_hands_together_to_clap,36,True
1775,0.4368,0.47,0.2053,Someone_performs_a_forward_roll_and_then_stands,3,True
1776,0.4451,0.4612,0.2053,A_person_pulls_their_knee_up_to_their_chest,71,True
1777,0.3949,0.5202,0.2054,An_individual_completes_a_pirouette,76,True
1778,0.3805,0.5397,0.2054,An_individual_pushes_a_heavy_object,60,True
1779,0.4376,0.4693,0.2054,A_person_rolls_ahead_and_gets_back_on_their_feet,6,True
1780,0.4235,0.4851,0.2054,Someone_rolls_in_a_forward_motion_and_stands_up,82,True
1781,0.432,0.4756,0.2054,An_individual_pushes_a_heavy_object,46,True
1782,0.4041,0.5082,0.2054,A_person_rolls_forward_and_returns_to_a_standing_position,8,True
1783,0.3695,0.5562,0.2055,An_individual_raises_a_knee_towards_their_chest,15,True
1784,0.3833,0.536,0.2055,Someone_pushes_off_the_ground_and_rises,1,True
1785,0.3933,0.5225,0.2055,An_individual_brings_their_knee_close_to_their_chest,46,True
1786,0.5023,0.4092,0.2055,Someone_reaches_up_with_their_right_arm_to_their_head,42,True
1787,0.5248,0.3916,0.2055,An_individual_reaches_down_to_their_toes_and_stands_up_straight,10,True
1788,0.3636,0.5658,0.2057,A_person_performs_a_clap,59,True
1789,0.4693,0.4383,0.2057,A_person_moves_a_heavy_object_by_pushing,40,True
1790,0.3947,0.521,0.2057,An_individual_rolls_forward_and_quickly_gets_up,35,True
1791,0.4327,0.4757,0.2058,Someone_rolls_in_a_forward_motion_and_stands_up,71,True
1792,0.4579,0.4497,0.2059,Someone_does_a_pirouette,10,True
1793,0.4012,0.5131,0.2059,An_individual_pushes_something_heavy,50,True
1794,0.4707,0.4374,0.2059,An_individual_pushes_a_heavy_object,93,True
1795,0.5845,0.3525,0.206,A_person_pulls_their_knee_up_to_their_chest,35,True
1796,0.416,0.4953,0.206,Someone_pushes_a_large_object,76,True
1797,0.4794,0.4298,0.206,Someone_performs_a_forward_roll_and_then_stands,69,True
1798,0.5037,0.409,0.206,A_person_turns_around_in_a_pirouette,59,True
1799,0.4472,0.4608,0.2061,An_individual_completes_a_pirouette,28,True
1800,0.4567,0.4513,0.2061,A_person_rolls_ahead_and_gets_back_on_their_feet,17,True
1801,0.4506,0.4574,0.2061,Someone_pushes_off_the_ground_and_rises,48,True
1802,0.4757,0.4332,0.2061,An_individual_completes_a_pirouette,10,True
1803,0.4292,0.4803,0.2062,Someone_pushes_off_the_ground_and_rises,12,True
1804,0.3785,0.5449,0.2062,A_person_performs_a_clap,34,True
1805,0.4205,0.4903,0.2062,Someone_positions_their_knee_at_chest_height,89,True
1806,0.3698,0.558,0.2063,An_individual_claps_in_celebration,52,True
1807,0.4651,0.4436,0.2063,Someone_performs_a_forward_roll_and_then_stands,90,True
1808,0.4211,0.49,0.2063,An_individual_rolls_forward_and_quickly_gets_up,43,True
1809,0.3853,0.5354,0.2063,An_individual_jumps_up_into_the_air,91,True
1810,0.388,0.5317,0.2063,A_person_performs_a_clap,41,True
1811,0.4697,0.4391,0.2063,An_individual_does_a_turning_pirouette,27,True
1812,0.4018,0.5137,0.2064,Someone_pushes_off_the_ground_and_rises,69,True
1813,0.4446,0.4643,0.2064,A_person_rolls_ahead_and_gets_back_on_their_feet,59,True
1814,0.4057,0.5088,0.2064,An_individual_completes_a_pirouette,86,True
1815,0.3847,0.5369,0.2065,A_person_pushes_an_object_that_is_hard_to_lift,12,True
1816,0.4676,0.4416,0.2065,A_person_performs_push-ups,88,True
1817,0.4421,0.4673,0.2066,An_individual_rolls_forward_and_quickly_gets_up,23,True
1818,0.412,0.5016,0.2066,An_individual_rolls_forward_and_rises,47,True
1819,0.5367,0.3849,0.2066,A_person_pulls_their_knee_up_to_their_chest,32,True
1820,0.4698,0.4399,0.2066,Someone_rolls_in_a_forward_motion_and_stands_up,24,True
1821,0.4382,0.4715,0.2066,Someone_executes_a_pirouette,60,True
1822,0.4856,0.4256,0.2067,Someone_performs_a_forward_roll_and_then_stands,98,True
1823,0.3707,0.5577,0.2067,An_individual_claps_in_celebration,99,True
1824,0.3844,0.5377,0.2067,A_person_performs_a_clap,45,True
1825,0.4313,0.4792,0.2067,A_person_bends_their_leg_and_raises_their_knee_to_their_chest,88,True
1826,0.4635,0.4462,0.2068,Someone_elevates_their_knee_to_their_chest,60,True
1827,0.4883,0.4234,0.2068,Someone_touches_their_toes_and_then_lifts_themselves_up,28,True
1828,0.419,0.4937,0.2068,A_person_lifts_their_knee_to_their_chest,67,True
1829,0.4676,0.4426,0.2069,A_person_rotates_in_a_pirouette,62,True
1830,0.4472,0.4626,0.2069,A_person_rotates_in_a_pirouette,67,True
1831,0.4581,0.4515,0.2069,A_person_reaches_for_their_toes_and_gets_back_up,1,True
1832,0.4587,0.4511,0.2069,Someone_rolls_in_a_forward_motion_and_stands_up,57,True
1833,0.4199,0.4929,0.207,Someone_touches_their_toes_and_stands_back_up,13,True
1834,0.4002,0.5172,0.207,An_individual_tries_to_push_a_heavy_thing,81,True
1835,0.3977,0.5206,0.207,Someone_is_moving_a_bulky_object_by_pushing,38,True
1836,0.4245,0.4879,0.2071,A_person_lifts_their_knee_to_their_chest,13,True
1837,0.4242,0.4882,0.2071,Someone_positions_their_knee_at_chest_height,75,True
1838,0.3807,0.5439,0.2071,An_individual_raises_a_knee_towards_their_chest,11,True
1839,0.3733,0.5546,0.2071,A_person_performs_a_clap,76,True
1840,0.4216,0.4912,0.2071,Someone_executes_a_pirouette,93,True
1841,0.4453,0.4651,0.2071,A_person_claps_their_hands,74,True
1842,0.509,0.407,0.2071,An_individual_completes_a_pirouette,34,True
1843,0.3951,0.5243,0.2071,Someone_executes_a_pirouette,18,True
1844,0.468,0.4425,0.2071,Someone_moves_forward_by_rolling_and_then_stands,60,True
1845,0.52,0.3983,0.2071,An_individual_reaches_down_to_their_toes_and_stands_up_straight,1,True
1846,0.4148,0.4996,0.2072,A_person_moves_a_heavy_object_by_pushing,20,True
1847,0.4934,0.4199,0.2072,Someone_springs_up_off_the_ground,51,True
1848,0.4312,0.4805,0.2072,A_person_does_a_forward_roll_and_gets_up,15,True
1849,0.4304,0.4816,0.2073,Someone_does_push-up_exercises,5,True
1850,0.3989,0.5198,0.2073,Someone_pushes_a_large_object,34,True
1851,0.4285,0.4838,0.2073,Someone_executes_a_pirouette,35,True
1852,0.4334,0.4783,0.2073,Someone_positions_their_knee_at_chest_height,22,True
1853,0.4859,0.4266,0.2073,A_person_pushes_an_object_that_is_hard_to_lift,51,True
1854,0.392,0.5288,0.2073,An_individual_raises_a_knee_towards_their_chest,42,True
1855,0.4499,0.4611,0.2074,Someone_rolls_forward_and_stands_up,51,True
1856,0.3966,0.5232,0.2075,An_individual_lifts_a_knee_up_to_their_chest,8,True
1857,0.5139,0.4039,0.2075,A_person_claps,29,True
1858,0.4686,0.4429,0.2075,A_person_bends_to_touch_their_toes_and_stands_again,28,True
1859,0.4076,0.5092,0.2076,Someone_performs_a_pirouette,39,True
1860,0.4491,0.4621,0.2076,Someone_moves_forward_by_rolling_and_then_stands,98,True
1861,0.4391,0.4729,0.2076,Someone_rolls_forward_and_stands_up,23,True
1862,0.4524,0.4594,0.2078,Someone_moves_forward_by_rolling_and_then_stands,67,True
1863,0.3809,0.5457,0.2078,A_person_pushes_an_object_that_is_hard_to_lift,32,True
1864,0.4812,0.4319,0.2078,An_individual_goes_down_to_touch_their_toes_and_then_stands_back_up,51,True
1865,0.4725,0.44,0.2079,Someone_rolls_forward_and_stands_up,48,True
1866,0.6041,0.3442,0.2079,An_individual_waves_hello_with_their_left_arm,56,True
1867,0.4071,0.5107,0.2079,An_individual_tries_to_push_a_heavy_thing,36,True
1868,0.445,0.4672,0.2079,A_person_moves_a_heavy_object_by_pushing,60,True
1869,0.4063,0.5119,0.208,An_individual_pushes_something_heavy,16,True
1870,0.4196,0.4958,0.208,Someone_executes_a_pirouette,27,True
1871,0.4816,0.432,0.208,Someone_rolls_forward_and_stands_up,57,True
1872,0.3986,0.522,0.208,A_person_claps,80,True
1873,0.4266,0.4877,0.2081,A_person_rolls_forward_and_returns_to_a_standing_position,23,True
1874,0.4399,0.4732,0.2081,Someone_pushes_a_large_object,55,True
1875,0.4312,0.4826,0.2081,Someone_positions_their_knee_at_chest_height,33,True
1876,0.464,0.4487,0.2082,Someone_touches_their_toes_and_stands_back_up,45,True
1877,0.437,0.4765,0.2082,Someone_pushes_off_the_ground_and_rises,2,True
1878,0.449,0.4638,0.2082,An_individual_goes_down_to_touch_their_toes_and_then_stands_back_up,11,True
1879,0.5141,0.4051,0.2082,A_person_claps,98,True
1880,0.4136,0.5034,0.2082,A_person_bends_their_leg_and_raises_their_knee_to_their_chest,70,True
1881,0.5731,0.3633,0.2082,Someone_reaches_up_with_their_right_arm_to_their_head,3,True
1882,0.3908,0.5327,0.2082,A_person_gives_a_round_of_applause,18,True
1883,0.5489,0.3794,0.2083,Someone_bends_down_to_touch_their_toes_and_then_stands_up,15,True
1884,0.5229,0.3984,0.2083,A_person_rotates_in_a_pirouette,50,True
1885,0.4529,0.46,0.2083,A_person_rotates_in_a_pirouette,14,True
1886,0.4302,0.4842,0.2083,Someone_elevates_their_knee_to_their_chest,3,True
1887,0.4267,0.488,0.2083,Someone_does_push-up_exercises,12,True
1888,0.5136,0.4058,0.2084,Someone_springs_up_off_the_ground,34,True
1889,0.4899,0.4253,0.2084,Someone_rolls_forward_and_gets_up,57,True
1890,0.4986,0.418,0.2084,A_person_bends_their_leg_and_raises_their_knee_to_their_chest,53,True
1891,0.419,0.4973,0.2084,Someone_touches_their_toes_and_then_lifts_themselves_up,85,True
1892,0.4186,0.4978,0.2084,Someone_elevates_their_knee_to_their_chest,94,True
1893,0.4253,0.49,0.2084,An_individual_rolls_forward_and_quickly_gets_up,13,True
1894,0.419,0.4977,0.2085,Someone_pushes_off_the_ground_and_rises,59,True
1895,0.3862,0.54,0.2085,Someone_applauds_by_clapping,27,True
1896,0.5039,0.4137,0.2085,A_person_bends_their_leg_and_raises_their_knee_to_their_chest,60,True
1897,0.4454,0.4681,0.2085,Someone_rolls_forward_and_stands_up,4,True
1898,0.4139,0.5037,0.2085,An_individual_makes_a_high_jump,57,True
1899,0.4935,0.4227,0.2086,A_person_brings_their_knee_in_towards_their_chest,4,True
1900,0.3854,0.5412,0.2086,An_individual_pushes_a_heavy_item,26,True
1901,0.4863,0.429,0.2086,A_person_bends_their_leg_and_raises_their_knee_to_their_chest,11,True
1902,0.4759,0.4383,0.2086,A_person_rotates_in_a_pirouette,94,True
1903,0.5218,0.3997,0.2086,Someone_performs_a_pirouette,98,True
1904,0.4674,0.4463,0.2086,Someone_rolls_in_a_forward_motion_and_stands_up,72,True
1905,0.3997,0.5223,0.2087,A_person_claps,78,True
1906,0.4159,0.5018,0.2087,A_person_applies_pressure_to_push_a_heavy_object,14,True
1907,0.4569,0.457,0.2088,An_individual_rolls_forward_and_quickly_gets_up,89,True
1908,0.4573,0.4565,0.2088,A_person_brings_their_knee_in_towards_their_chest,10,True
1909,0.4463,0.4678,0.2088,A_person_moves_a_heavy_object_by_pushing,36,True
1910,0.4795,0.4355,0.2088,Someone_performs_a_pirouette,84,True
1911,0.3943,0.5295,0.2088,A_person_bends_their_leg_and_raises_their_knee_to_their_chest,95,True
1912,0.4643,0.45,0.2089,Someone_moves_forward_by_rolling_and_then_stands,55,True
1913,0.4101,0.5094,0.2089,Someone_executes_a_pirouette,86,True
1914,0.4915,0.4251,0.2089,Someone_rolls_forward_and_stands_up,17,True
1915,0.3937,0.5307,0.2089,A_person_rolls_forward_and_returns_to_a_standing_position,15,True
1916,0.4016,0.5204,0.209,A_person_goes_up_into_the_air,12,True
1917,0.4673,0.4474,0.2091,An_individual_tries_to_push_a_heavy_thing,91,True
1918,0.4183,0.5001,0.2092,A_person_jumps_very_high,88,True
1919,0.4913,0.4257,0.2092,A_person_performs_push-ups,27,True
1920,0.3329,0.6282,0.2092,A_person_applies_pressure_to_push_a_heavy_object,99,True
1921,0.4999,0.4186,0.2093,Someone_leans_down_to_touch_their_toes_and_stands_back_up,3,True
1922,0.5616,0.3726,0.2093,A_person_brings_their_knee_in_towards_their_chest,62,True
1923,0.3855,0.543,0.2093,A_person_gives_a_round_of_applause,7,True
1924,0.4004,0.5229,0.2094,A_person_gives_a_round_of_applause,5,True
1925,0.4669,0.4485,0.2094,Someone_pushes_off_the_ground_and_rises,64,True
1926,0.3976,0.5267,0.2094,Someone_elevates_their_knee_to_their_chest,28,True
1927,0.3817,0.5487,0.2094,Someone_pushes_a_large_object,7,True
1928,0.5367,0.3901,0.2094,A_person_bends_to_touch_their_toes_and_stands_again,62,True
1929,0.4235,0.4946,0.2094,A_person_stretches_to_touch_their_toes_and_then_rises,83,True
1930,0.4284,0.4889,0.2094,A_person_pulls_their_knee_up_to_their_chest,54,True
1931,0.4287,0.4887,0.2095,A_person_moves_a_heavy_object_by_pushing,81,True
1932,0.4241,0.494,0.2095,Someone_rolls_in_a_forward_motion_and_stands_up,46,True
1933,0.4203,0.4984,0.2095,A_person_pushes_an_object_that_is_hard_to_lift,40,True
1934,0.4121,0.5085,0.2096,Someone_does_a_pirouette,7,True
1935,0.4621,0.4537,0.2096,Someone_leaps_up_high,55,True
1936,0.4958,0.4228,0.2096,Someone_performs_a_forward_roll_and_then_stands,77,True
1937,0.4237,0.4949,0.2097,A_person_lifts_their_knee_to_their_chest,95,True
1938,0.4559,0.46,0.2097,An_individual_tumbles_forward_and_then_gets_up,47,True
1939,0.3952,0.5307,0.2097,Someone_pushes_a_large_object,43,True
1940,0.4029,0.5207,0.2098,Someone_performs_a_pirouette,51,True
1941,0.4462,0.4702,0.2098,A_person_brings_their_knee_in_towards_their_chest,73,True
1942,0.4277,0.4906,0.2098,Someone_executes_a_pirouette,75,True
1943,0.4184,0.5015,0.2098,Someone_pushes_off_the_ground_and_rises,6,True
1944,0.4951,0.4239,0.2099,Someone_executes_a_pirouette,72,True
1945,0.4033,0.5205,0.2099,A_person_claps,35,True
1946,0.4058,0.5171,0.2099,An_individual_touches_their_toes_and_returns_to_a_standing_position,1,True
1947,0.377,0.5566,0.2099,An_individual_tries_to_push_a_heavy_thing,66,True
1948,0.4721,0.4446,0.2099,An_individual_reaches_down_to_their_toes_and_stands_up_straight,48,True
1949,0.4034,0.5206,0.21,Someone_pushes_a_large_object,88,True
1950,0.4035,0.5203,0.21,A_person_rolls_ahead_and_gets_back_on_their_feet,41,True
1951,0.3767,0.5574,0.21,An_individual_claps_in_celebration,77,True
1952,0.3912,0.537,0.21,A_person_performs_a_clap,17,True
1953,0.4309,0.4876,0.2101,A_person_claps,28,True
1954,0.5517,0.3809,0.2102,Someone_reaches_up_with_their_right_arm_to_their_head,5,True
1955,0.3705,0.5675,0.2102,A_person_rolls_forward_and_returns_to_a_standing_position,20,True
1956,0.4316,0.4869,0.2102,An_individual_jumps_up_into_the_air,57,True
1957,0.5194,0.4046,0.2102,An_individual_does_a_turning_pirouette,55,True
1958,0.4016,0.5235,0.2103,A_person_claps,37,True
1959,0.4104,0.5125,0.2103,Someone_does_push-up_exercises,75,True
1960,0.4683,0.449,0.2103,A_person_gives_a_round_of_applause,63,True
1961,0.399,0.5273,0.2104,A_person_performs_a_clap,19,True
1962,0.5402,0.3895,0.2104,Someone_springs_up_off_the_ground,66,True
1963,0.475,0.4432,0.2105,Someone_rolls_forward_and_gets_up,37,True
1964,0.3872,0.5436,0.2105,An_individual_tries_to_push_a_heavy_thing,29,True
1965,0.5522,0.3813,0.2106,Someone_rolls_forward_and_stands_up,66,True
1966,0.4339,0.4854,0.2106,A_person_rolls_ahead_and_gets_back_on_their_feet,25,True
1967,0.4562,0.4617,0.2106,Someone_touches_their_toes_and_stands_back_up,33,True
1968,0.4233,0.4975,0.2106,A_person_pushes_an_object_that_is_hard_to_lift,42,True
1969,0.4161,0.506,0.2106,A_person_claps,92,True
1970,0.4596,0.4583,0.2106,A_person_reaches_for_their_toes_and_gets_back_up,90,True
1971,0.4517,0.4662,0.2106,Someone_pushes_off_the_ground_and_rises,23,True
1972,0.4035,0.522,0.2106,A_person_moves_a_heavy_object_by_pushing,77,True
1973,0.4509,0.4672,0.2107,Someone_pushes_off_the_ground_and_rises,77,True
1974,0.4606,0.4574,0.2107,Someone_performs_a_forward_roll_and_then_stands,23,True
1975,0.4168,0.5055,0.2107,A_person_does_a_forward_roll_and_gets_up,37,True
1976,0.4327,0.487,0.2107,Someone_executes_a_pirouette,91,True
1977,0.428,0.4923,0.2107,Someone_performs_a_forward_roll_and_then_stands,58,True
1978,0.3968,0.5312,0.2108,An_individual_rolls_forward_and_quickly_gets_up,3,True
1979,0.433,0.4869,0.2108,A_person_pulls_their_knee_up_to_their_chest,33,True
1980,0.397,0.5309,0.2108,Someone_is_moving_a_bulky_object_by_pushing,69,True
1981,0.3962,0.532,0.2108,Someone_pushes_a_large_object,78,True
1982,0.4068,0.5183,0.2109,Someone_touches_their_toes_and_stands_back_up,41,True
1983,0.5153,0.4094,0.2109,An_individual_raises_their_right_arm_to_make_contact_with_their_head,17,True
1984,0.4523,0.4664,0.2109,An_individual_makes_a_clapping_motion,88,True
1985,0.4711,0.4478,0.2109,Someone_performs_a_forward_roll_and_then_stands,7,True
1986,0.426,0.4951,0.2109,Someone_executes_a_pirouette,82,True
1987,0.4447,0.4745,0.211,Someone_performs_a_forward_roll_and_then_stands,21,True
1988,0.4268,0.4944,0.211,Someone_moves_forward_by_rolling_and_then_stands,33,True
1989,0.5126,0.4116,0.211,Someone_rolls_forward_and_gets_up,10,True
1990,0.4693,0.4496,0.211,A_person_reaches_for_their_toes_and_gets_back_up,81,True
1991,0.4576,0.4613,0.2111,Someone_leaps_up_high,18,True
1992,0.4636,0.4556,0.2112,Someone_positions_their_knee_at_chest_height,99,True
1993,0.4347,0.4858,0.2112,A_person_pulls_their_knee_up_to_their_chest,25,True
1994,0.4595,0.4596,0.2112,A_person_brings_their_knee_in_towards_their_chest,46,True
1995,0.4392,0.4812,0.2113,Someone_is_moving_a_bulky_object_by_pushing,23,True
1996,0.4277,0.4941,0.2113,A_person_rolls_ahead_and_gets_back_on_their_feet,67,True
1997,0.4101,0.5155,0.2114,A_person_applies_pressure_to_push_a_heavy_object,34,True
1998,0.4402,0.4803,0.2114,An_individual_completes_a_pirouette,69,True
1999,0.4645,0.4551,0.2114,An_individual_rolls_forward_and_quickly_gets_up,0,True
2000,0.5334,0.3963,0.2114,A_person_pulls_their_knee_up_to_their_chest,18,True
2001,0.4394,0.4813,0.2115,A_person_lifts_their_knee_to_their_chest,28,True
2002,0.4152,0.5094,0.2115,A_person_jumps_really_high,13,True
2003,0.4304,0.4914,0.2115,A_person_lifts_their_knee_to_their_chest,58,True
2004,0.4131,0.5121,0.2116,An_individual_claps_in_celebration,50,True
2005,0.5124,0.4129,0.2116,A_person_bends_to_touch_their_toes_and_stands_again,67,True
2006,0.4328,0.4892,0.2117,Someone_moves_forward_by_rolling_and_then_stands,19,True
2007,0.4187,0.5057,0.2117,A_person_rolls_ahead_and_gets_back_on_their_feet,32,True
2008,0.4167,0.508,0.2117,An_individual_makes_a_high_jump,33,True
2009,0.3859,0.5489,0.2118,An_individual_pushes_a_heavy_item,85,True
2010,0.5393,0.3926,0.2118,Someone_reaches_up_with_their_right_arm_to_their_head,30,True
2011,0.4579,0.4625,0.2118,An_individual_tumbles_forward_and_then_gets_up,67,True
2012,0.5213,0.4064,0.2118,An_individual_pushes_a_heavy_object,91,True
2013,0.4293,0.4933,0.2118,Someone_executes_a_pirouette,3,True
2014,0.4634,0.4572,0.2119,A_person_reaches_for_their_toes_and_gets_back_up,80,True
2015,0.406,0.522,0.2119,An_individual_claps_in_celebration,73,True
2016,0.488,0.4341,0.2119,Someone_springs_up_off_the_ground,19,True
2017,0.3739,0.5666,0.2119,A_person_rolls_ahead_and_gets_back_on_their_feet,50,True
2018,0.4947,0.4284,0.212,A_person_reaches_for_their_toes_and_gets_back_up,18,True
2019,0.4822,0.4398,0.212,Someone_pushes_off_the_ground_and_rises,33,True
2020,0.4662,0.4548,0.212,Someone_moves_forward_by_rolling_and_then_stands,82,True
2021,0.4469,0.4745,0.212,An_individual_brings_their_knee_close_to_their_chest,71,True
2022,0.4297,0.4934,0.212,An_individual_rolls_forward_and_quickly_gets_up,22,True
2023,0.4482,0.473,0.212,An_individual_reaches_down_to_their_toes_and_stands_up_straight,86,True
2024,0.4676,0.4533,0.212,Someone_does_a_pirouette,75,True
2025,0.4663,0.4547,0.212,A_person_does_a_forward_roll_and_gets_up,28,True
2026,0.3719,0.5704,0.2121,An_individual_brings_their_knee_close_to_their_chest,87,True
2027,0.5125,0.4138,0.2121,Someone_rolls_forward_and_gets_up,43,True
2028,0.4398,0.4825,0.2122,Someone_executes_a_pirouette,90,True
2029,0.4203,0.5048,0.2122,An_individual_tumbles_forward_and_then_gets_up,15,True
2030,0.5214,0.407,0.2122,Someone_reaches_up_with_their_right_arm_to_their_head,93,True
2031,0.4494,0.4722,0.2122,A_person_stretches_to_touch_their_toes_and_then_rises,79,True
2032,0.363,0.5847,0.2122,An_individual_raises_a_knee_towards_their_chest,1,True
2033,0.4188,0.5067,0.2122,An_individual_goes_down_to_touch_their_toes_and_then_stands_back_up,82,True
2034,0.4818,0.4404,0.2122,Someone_positions_their_knee_at_chest_height,97,True
2035,0.5793,0.3665,0.2123,Someone_reaches_up_with_their_right_arm_to_their_head,17,True
2036,0.413,0.5139,0.2123,A_person_jumps_really_high,21,True
2037,0.4008,0.5296,0.2123,Someone_does_push-up_exercises,79,True
2038,0.47,0.4517,0.2123,An_individual_pushes_something_heavy,20,True
2039,0.4919,0.4317,0.2123,Someone_rolls_forward_and_gets_up,90,True
2040,0.4155,0.5112,0.2124,An_individual_brings_their_knee_close_to_their_chest,38,True
2041,0.4572,0.4645,0.2124,A_person_claps_their_hands,98,True
2042,0.4021,0.5284,0.2125,A_person_moves_a_heavy_object_by_pushing,75,True
2043,0.4372,0.4861,0.2125,Someone_rolls_forward_and_stands_up,13,True
2044,0.3626,0.5862,0.2126,A_person_performs_a_clap,0,True
2045,0.4283,0.4965,0.2126,An_individual_pushes_something_heavy,49,True
2046,0.4412,0.4819,0.2126,A_person_stretches_to_touch_their_toes_and_then_rises,89,True
2047,0.4692,0.453,0.2126,A_person_bends_their_leg_and_raises_their_knee_to_their_chest,98,True
2048,0.4289,0.4957,0.2126,Someone_performs_a_pirouette,13,True
2049,0.3963,0.5367,0.2127,An_individual_pushes_a_heavy_object,82,True
2050,0.4971,0.4279,0.2127,An_individual_reaches_down_to_their_toes_and_stands_up_straight,16,True
2051,0.3977,0.5349,0.2127,A_person_claps,27,True
2052,0.4285,0.4966,0.2128,Someone_pushes_a_large_object,32,True
2053,0.4249,0.5007,0.2128,An_individual_claps_in_celebration,28,True
2054,0.5242,0.4059,0.2128,A_person_bends_their_leg_and_raises_their_knee_to_their_chest,79,True
2055,0.4241,0.5017,0.2128,A_person_goes_up_into_the_air,66,True
2056,0.5074,0.4194,0.2128,Someone_springs_up_off_the_ground,74,True
2057,0.4161,0.5114,0.2128,A_person_claps,46,True
2058,0.4172,0.5101,0.2128,A_person_lifts_their_knee_to_their_chest,12,True
2059,0.4486,0.4744,0.2128,A_person_brings_their_knee_in_towards_their_chest,37,True
2060,0.4556,0.4674,0.2129,Someone_makes_a_full_turn_in_a_pirouette,28,True
2061,0.5173,0.4118,0.213,A_person_pulls_their_knee_up_to_their_chest,43,True
2062,0.4285,0.4971,0.213,An_individual_completes_a_pirouette,98,True
2063,0.4536,0.4698,0.2131,Someone_rolls_forward_and_stands_up,29,True
2064,0.4653,0.458,0.2131,An_individual_completes_a_pirouette,59,True
2065,0.4028,0.5292,0.2131,An_individual_tries_to_push_a_heavy_thing,63,True
2066,0.4108,0.5187,0.2131,A_person_pushes_an_object_that_is_hard_to_lift,87,True
2067,0.6048,0.3526,0.2132,An_individual_waves_hello_with_their_left_arm,46,True
2068,0.466,0.4575,0.2132,A_person_pushes_an_object_that_is_hard_to_lift,29,True
2069,0.5206,0.4095,0.2132,Someone_springs_up_off_the_ground,20,True
2070,0.424,0.5029,0.2132,A_person_rolls_ahead_and_gets_back_on_their_feet,70,True
2071,0.5013,0.4254,0.2132,An_individual_tries_to_push_a_heavy_thing,46,True
2072,0.4046,0.5269,0.2132,A_person_rolls_ahead_and_gets_back_on_their_feet,62,True
2073,0.4828,0.4416,0.2132,A_person_rolls_ahead_and_gets_back_on_their_feet,8,True
2074,0.4579,0.4656,0.2132,A_person_rolls_ahead_and_gets_back_on_their_feet,20,True
2075,0.4721,0.4518,0.2133,Someone_rolls_forward_and_stands_up,32,True
2076,0.4651,0.4585,0.2133,Someone_rolls_forward_and_gets_up,60,True
2077,0.5535,0.3853,0.2133,Someone_elevates_their_knee_to_their_chest,43,True
2078,0.4385,0.4865,0.2133,Someone_executes_a_pirouette,94,True
2079,0.4303,0.4957,0.2133,Someone_rolls_in_a_forward_motion_and_stands_up,33,True
2080,0.4342,0.4913,0.2133,Someone_pushes_a_large_object,8,True
2081,0.5005,0.4264,0.2134,A_person_bends_their_leg_and_raises_their_knee_to_their_chest,93,True
2082,0.4289,0.4976,0.2134,A_person_claps,20,True
2083,0.4998,0.427,0.2134,Someone_brings_their_hands_together_to_clap,52,True
2084,0.4574,0.4664,0.2134,Someone_performs_a_forward_roll_and_then_stands,82,True
2085,0.424,0.5033,0.2134,A_person_rolls_ahead_and_gets_back_on_their_feet,80,True
2086,0.4376,0.4878,0.2135,A_person_rotates_in_a_pirouette,82,True
2087,0.5157,0.414,0.2135,A_person_performs_push-ups,89,True
2088,0.4504,0.4742,0.2136,A_person_reaches_for_their_toes_and_gets_back_up,44,True
2089,0.4635,0.4608,0.2136,Someone_leaps_up_high,89,True
2090,0.3989,0.5356,0.2136,A_person_reaches_for_their_toes_and_gets_back_up,98,True
2091,0.4765,0.4484,0.2136,Someone_makes_a_full_turn_in_a_pirouette,39,True
2092,0.4351,0.4912,0.2137,Someone_elevates_their_knee_to_their_chest,74,True
2093,0.4564,0.4681,0.2137,A_person_pushes_an_object_that_is_hard_to_lift,61,True
2094,0.4571,0.4675,0.2137,Someone_makes_a_full_turn_in_a_pirouette,59,True
2095,0.4596,0.4649,0.2137,Someone_touches_their_toes_and_stands_back_up,7,True
2096,0.5433,0.3936,0.2138,An_individual_reaches_down_to_their_toes_and_stands_up_straight,51,True
2097,0.4268,0.5009,0.2138,Someone_does_a_pirouette,91,True
2098,0.4435,0.482,0.2138,Someone_performs_a_pirouette,74,True
2099,0.4671,0.4578,0.2138,A_person_turns_around_in_a_pirouette,28,True
2100,0.4345,0.492,0.2138,A_person_claps_their_hands,34,True
2101,0.4276,0.5002,0.2139,Someone_pushes_a_large_object,62,True
2102,0.3907,0.5476,0.2139,A_person_performs_a_clap,21,True
2103,0.5164,0.4142,0.2139,An_individual_reaches_down_to_their_toes_and_stands_up_straight,41,True
2104,0.4449,0.4809,0.214,A_person_pushes_an_object_that_is_hard_to_lift,86,True
2105,0.4847,0.4415,0.214,Someone_pushes_off_the_ground_and_rises,41,True
2106,0.475,0.4504,0.214,A_person_bends_to_touch_their_toes_and_stands_again,71,True
2107,0.4073,0.5257,0.2141,A_person_claps,31,True
2108,0.384,0.5576,0.2141,An_individual_claps_in_celebration,5,True
2109,0.4819,0.4442,0.2141,An_individual_completes_a_pirouette,81,True
2110,0.3972,0.5393,0.2142,An_individual_pushes_a_heavy_item,66,True
2111,0.4893,0.4378,0.2142,A_person_swings_their_left_arm_back_and_forth,2,True
2112,0.4584,0.4673,0.2142,An_individual_exerts_force_on_a_heavy_object,94,True
2113,0.5117,0.4186,0.2142,Someone_elevates_their_knee_to_their_chest,36,True
2114,0.4239,0.5053,0.2142,Someone_is_moving_a_bulky_object_by_pushing,36,True
2115,0.4886,0.4386,0.2143,Someone_elevates_their_knee_to_their_chest,24,True
2116,0.4054,0.5286,0.2143,Someone_pushes_a_large_object,50,True
2117,0.5343,0.4012,0.2143,A_person_rolls_ahead_and_gets_back_on_their_feet,0,True
2118,0.3877,0.5528,0.2143,Someone_makes_a_clapping_sound,46,True
2119,0.4883,0.4392,0.2144,Someone_rolls_forward_and_stands_up,5,True
2120,0.4497,0.4769,0.2144,Someone_performs_a_forward_roll_and_then_stands,88,True
2121,0.4996,0.4291,0.2144,A_person_swings_their_left_arm_back_and_forth,83,True
2122,0.4852,0.4418,0.2144,Someone_executes_a_pirouette,55,True
2123,0.4652,0.461,0.2145,Someone_touches_their_toes_and_then_lifts_themselves_up,87,True
2124,0.445,0.482,0.2145,Someone_pushes_a_large_object,64,True
2125,0.459,0.4673,0.2145,A_person_reaches_for_their_toes_and_gets_back_up,41,True
2126,0.3809,0.5633,0.2145,A_person_performs_a_clap,3,True
2127,0.4371,0.491,0.2146,A_person_rolls_forward_and_returns_to_a_standing_position,56,True
2128,0.4631,0.4634,0.2146,Someone_rolls_forward_and_stands_up,61,True
2129,0.4339,0.4946,0.2146,A_person_bends_their_leg_and_raises_their_knee_to_their_chest,63,True
2130,0.3738,0.574,0.2146,A_person_performs_a_clap,24,True
2131,0.5033,0.4264,0.2146,Someone_shoves_a_weighty_object,59,True
2132,0.4102,0.5232,0.2146,An_individual_tries_to_push_a_heavy_thing,82,True
2133,0.4847,0.4429,0.2147,A_person_moves_a_heavy_object_by_pushing,88,True
2134,0.4595,0.4672,0.2147,An_individual_touches_their_toes_and_returns_to_a_standing_position,95,True
2135,0.4741,0.4528,0.2147,A_person_pulls_their_knee_up_to_their_chest,58,True
2136,0.4877,0.4401,0.2147,Someone_rolls_forward_and_stands_up,62,True
2137,0.462,0.4647,0.2147,Someone_touches_their_toes_and_then_lifts_themselves_up,71,True
2138,0.5544,0.3872,0.2147,A_person_practices_push-ups,20,True
2139,0.419,0.5126,0.2148,A_person_claps,22,True
2140,0.4369,0.492,0.2149,An_individual_pushes_something_heavy,31,True
2141,0.4121,0.5215,0.2149,A_person_moves_a_heavy_object_by_pushing,33,True
2142,0.3835,0.5605,0.2149,A_person_performs_a_clap,95,True
2143,0.4193,0.5125,0.2149,An_individual_reaches_down_to_their_toes_and_stands_up_straight,90,True
2144,0.3991,0.5386,0.2149,Someone_pushes_a_large_object,5,True
2145,0.4145,0.5184,0.2149,Someone_performs_a_pirouette,41,True
2146,0.4585,0.4687,0.2149,Someone_springs_up_off_the_ground,91,True
2147,0.4786,0.4493,0.215,A_person_swings_their_left_arm_back_and_forth,22,True
2148,0.51,0.4215,0.215,A_person_bends_their_leg_and_raises_their_knee_to_their_chest,92,True
2149,0.4104,0.5239,0.215,An_individual_pushes_a_heavy_item,52,True
2150,0.5219,0.4119,0.215,Someone_elevates_their_knee_to_their_chest,11,True
2151,0.4713,0.4565,0.2151,A_person_rotates_in_a_pirouette,25,True
2152,0.4675,0.4601,0.2151,Someone_does_a_quick_spin_in_a_pirouette,59,True
2153,0.4913,0.4381,0.2152,Someone_does_a_pirouette,69,True
2154,0.4477,0.4807,0.2152,Someone_leans_down_to_touch_their_toes_and_stands_back_up,61,True
2155,0.6017,0.3577,0.2152,An_individual_waves_hello_with_their_left_arm,54,True
2156,0.4982,0.432,0.2152,A_person_bends_their_leg_and_raises_their_knee_to_their_chest,35,True
2157,0.4641,0.4638,0.2153,Someone_brings_their_knee_up_to_their_chest,33,True
2158,0.496,0.4341,0.2153,Someone_pushes_off_the_ground_and_rises,87,True
2159,0.4131,0.5213,0.2153,Someone_executes_a_pirouette,67,True
2160,0.4387,0.4908,0.2153,Someone_rolls_forward_and_gets_up,23,True
2161,0.4412,0.488,0.2153,Someone_does_a_pirouette,86,True
2162,0.4275,0.5038,0.2153,An_individual_touches_their_toes_and_returns_to_a_standing_position,15,True
2163,0.5062,0.4255,0.2154,Someone_does_a_quick_spin_in_a_pirouette,26,True
2164,0.5426,0.3969,0.2154,A_person_performs_push-ups,24,True
2165,0.4863,0.443,0.2154,Someone_elevates_their_knee_to_their_chest,88,True
2166,0.5381,0.4002,0.2154,Someone_rolls_forward_and_stands_up,2,True
2167,0.3695,0.583,0.2154,A_person_performs_a_clap,47,True
2168,0.5214,0.4132,0.2155,An_individual_reaches_down_to_their_toes_and_stands_up_straight,89,True
2169,0.4924,0.4377,0.2155,Someone_moves_forward_by_rolling_and_then_stands,56,True
2170,0.4065,0.5302,0.2155,A_person_rolls_ahead_and_gets_back_on_their_feet,23,True
2171,0.4631,0.4657,0.2156,Someone_pushes_a_large_object,22,True
2172,0.4419,0.4879,0.2156,An_individual_tumbles_forward_and_then_gets_up,0,True
2173,0.4543,0.4745,0.2156,Someone_pushes_off_the_ground_and_rises,57,True
2174,0.4791,0.4504,0.2157,A_person_lifts_their_knee_to_their_chest,52,True
2175,0.4223,0.5108,0.2157,A_person_bends_their_leg_and_raises_their_knee_to_their_chest,10,True
2176,0.419,0.5148,0.2157,An_individual_hops_up_high,14,True
2177,0.486,0.4439,0.2157,Someone_positions_their_knee_at_chest_height,80,True
2178,0.4798,0.4495,0.2157,Someone_pushes_off_the_ground_and_rises,7,True
2179,0.4792,0.4502,0.2157,Someone_performs_a_forward_roll_and_then_stands,93,True
2180,0.4515,0.4777,0.2157,Someone_rolls_in_a_forward_motion_and_stands_up,69,True
2181,0.5058,0.4266,0.2158,A_person_bends_their_leg_and_raises_their_knee_to_their_chest,6,True
2182,0.4228,0.5105,0.2158,An_individual_rolls_forward_and_quickly_gets_up,88,True
2183,0.6314,0.3417,0.2158,A_person_lifts_their_right_arm_to_touch_their_head,17,True
2184,0.4885,0.4418,0.2158,A_person_bends_to_touch_their_toes_and_stands_again,25,True
2185,0.4531,0.4763,0.2158,Someone_elevates_their_knee_to_their_chest,29,True
2186,0.6178,0.3496,0.2159,A_person_brings_their_right_arm_up_to_their_head,20,True
2187,0.4239,0.5093,0.2159,Someone_touches_their_toes_and_stands_back_up,82,True
2188,0.4393,0.4914,0.2159,An_individual_completes_a_pirouette,47,True
2189,0.4265,0.5063,0.2159,Someone_rolls_forward_and_stands_up,73,True
2190,0.4195,0.5148,0.2159,A_person_rolls_ahead_and_gets_back_on_their_feet,22,True
2191,0.4835,0.4467,0.216,An_individual_touches_their_toes_and_returns_to_a_standing_position,23,True
2192,0.383,0.5639,0.216,An_individual_pushes_a_heavy_item,41,True
2193,0.472,0.4578,0.2161,An_individual_rolls_forward_and_quickly_gets_up,7,True
2194,0.4424,0.4885,0.2161,Someone_does_a_quick_spin_in_a_pirouette,56,True
2195,0.4292,0.5036,0.2161,An_individual_claps_in_celebration,97,True
2196,0.4756,0.4546,0.2162,A_person_goes_up_into_the_air,65,True
2197,0.3642,0.5937,0.2162,A_person_performs_a_clap,78,True
2198,0.4298,0.503,0.2162,A_person_claps,57,True
2199,0.4933,0.4382,0.2162,A_person_stretches_to_touch_their_toes_and_then_rises,72,True
2200,0.4571,0.473,0.2162,Someone_positions_their_knee_at_chest_height,55,True
2201,0.4454,0.4854,0.2162,An_individual_completes_a_pirouette,71,True
2202,0.4543,0.4761,0.2163,An_individual_lifts_a_knee_up_to_their_chest,30,True
2203,0.4387,0.4931,0.2163,A_person_bends_their_leg_and_raises_their_knee_to_their_chest,54,True
2204,0.4495,0.4812,0.2163,A_person_bends_their_leg_and_raises_their_knee_to_their_chest,78,True
2205,0.4767,0.4538,0.2163,An_individual_does_a_turning_pirouette,22,True
2206,0.4387,0.4929,0.2163,An_individual_reaches_down_to_their_toes_and_stands_up_straight,4,True
2207,0.4329,0.4997,0.2163,Someone_does_a_pirouette,99,True
2208,0.4331,0.4995,0.2164,A_person_pulls_their_knee_up_to_their_chest,88,True
2209,0.437,0.4954,0.2165,A_person_claps_their_hands,9,True
2210,0.4765,0.4545,0.2165,An_individual_touches_their_toes_and_returns_to_a_standing_position,14,True
2211,0.5102,0.4242,0.2165,An_individual_tumbles_forward_and_then_gets_up,17,True
2212,0.4107,0.5272,0.2166,An_individual_touches_their_toes_and_returns_to_a_standing_position,16,True
2213,0.5037,0.4301,0.2166,A_person_rolls_ahead_and_gets_back_on_their_feet,10,True
2214,0.4267,0.5075,0.2166,A_person_swings_their_left_arm_back_and_forth,86,True
2215,0.4666,0.4642,0.2166,A_person_performs_push-ups,60,True
2216,0.4091,0.5297,0.2167,Someone_pushes_off_the_ground_and_rises,54,True
2217,0.4549,0.4764,0.2167,An_individual_lifts_a_knee_up_to_their_chest,14,True
2218,0.4531,0.4784,0.2167,An_individual_claps_in_celebration,95,True
2219,0.4281,0.5064,0.2168,An_individual_pushes_something_heavy,68,True
2220,0.4613,0.47,0.2168,A_person_rotates_in_a_pirouette,70,True
2221,0.3703,0.5856,0.2168,A_person_rolls_forward_and_returns_to_a_standing_position,79,True
2222,0.4363,0.497,0.2168,A_person_rolls_forward_and_returns_to_a_standing_position,5,True
2223,0.4099,0.529,0.2168,An_individual_pushes_something_heavy,51,True
2224,0.4559,0.4756,0.2168,Someone_touches_their_toes_and_stands_back_up,15,True
2225,0.4542,0.4773,0.2168,A_person_claps_their_hands,84,True
2226,0.4777,0.4539,0.2168,A_person_brings_their_knee_in_towards_their_chest,14,True
2227,0.417,0.5199,0.2168,An_individual_pushes_a_heavy_object,80,True
2228,0.477,0.4544,0.2168,Someone_performs_a_pirouette,94,True
2229,0.4595,0.4722,0.2169,Someone_touches_their_toes_and_stands_back_up,70,True
2230,0.4246,0.5107,0.2169,A_person_moves_a_heavy_object_by_pushing,90,True
2231,0.3795,0.5716,0.2169,An_individual_rolls_forward_and_rises,77,True
2232,0.4831,0.4489,0.2169,A_person_rotates_in_a_pirouette,64,True
2233,0.4269,0.508,0.2169,A_person_pushes_an_object_that_is_hard_to_lift,10,True
2234,0.4725,0.4592,0.217,Someone_touches_their_toes_and_stands_back_up,36,True
2235,0.4628,0.469,0.217,An_individual_raises_a_knee_towards_their_chest,77,True
2236,0.4731,0.4586,0.217,A_person_swings_their_left_arm_back_and_forth,91,True
2237,0.4786,0.4535,0.217,Someone_pushes_off_the_ground_and_rises,44,True
2238,0.5322,0.4076,0.217,Someone_touches_their_toes_and_stands_back_up,0,True
2239,0.3755,0.5777,0.217,An_individual_rolls_forward_and_rises,12,True
2240,0.4303,0.5044,0.217,An_individual_tries_to_push_a_heavy_thing,30,True
2241,0.5387,0.4029,0.2171,A_person_brings_their_knee_in_towards_their_chest,42,True
2242,0.5313,0.4087,0.2171,Someone_brings_their_hands_together_to_clap,19,True
2243,0.4308,0.5039,0.2171,A_person_bends_to_touch_their_toes_and_stands_again,38,True
2244,0.3993,0.5437,0.2171,An_individual_pushes_a_heavy_item,83,True
2245,0.5522,0.3933,0.2171,An_individual_brings_their_knee_close_to_their_chest,61,True
2246,0.4922,0.4411,0.2171,Someone_performs_a_forward_roll_and_then_stands,71,True
2247,0.4235,0.5126,0.2171,A_person_rolls_forward_and_returns_to_a_standing_position,7,True
2248,0.4066,0.5342,0.2172,Someone_pushes_off_the_ground_and_rises,35,True
2249,0.5723,0.3796,0.2172,Someone_reaches_up_with_their_right_arm_to_their_head,80,True
2250,0.461,0.4712,0.2172,Someone_positions_their_knee_at_chest_height,93,True
2251,0.4787,0.4537,0.2172,Someone_performs_a_pirouette,82,True
2252,0.4307,0.5044,0.2172,An_individual_brings_their_knee_close_to_their_chest,43,True
2253,0.4999,0.4345,0.2172,A_person_rotates_in_a_pirouette,16,True
2254,0.4829,0.45,0.2173,Someone_does_a_pirouette,49,True
2255,0.416,0.5224,0.2173,Someone_touches_their_toes_and_stands_back_up,77,True
2256,0.4951,0.4388,0.2173,Someone_rolls_forward_and_stands_up,90,True
2257,0.5157,0.4214,0.2173,Someone_performs_a_forward_roll_and_then_stands,47,True
2258,0.4084,0.532,0.2173,A_person_reaches_for_their_toes_and_gets_back_up,14,True
2259,0.4996,0.4352,0.2174,Someone_shoves_a_weighty_object,96,True
2260,0.4474,0.4858,0.2174,Someone_does_a_pirouette,88,True
2261,0.4274,0.5087,0.2174,Someone_does_push-up_exercises,87,True
2262,0.4633,0.4693,0.2174,A_person_rolls_forward_and_returns_to_a_standing_position,83,True
2263,0.4191,0.5191,0.2175,A_person_jumps_really_high,40,True
2264,0.45,0.4835,0.2175,Someone_executes_a_pirouette,54,True
2265,0.3972,0.5478,0.2176,A_person_rolls_ahead_and_gets_back_on_their_feet,97,True
2266,0.5472,0.3976,0.2176,Someone_touches_their_toes_and_stands_back_up,43,True
2267,0.4033,0.5397,0.2176,Someone_leans_down_to_touch_their_toes_and_stands_back_up,80,True
2268,0.5212,0.4176,0.2176,A_person_rolls_ahead_and_gets_back_on_their_feet,35,True
2269,0.5389,0.4038,0.2176,Someone_springs_up_off_the_ground,38,True
2270,0.396,0.5495,0.2176,Someone_applauds_by_clapping,0,True
2271,0.4253,0.5119,0.2177,Someone_touches_their_toes_and_stands_back_up,50,True
2272,0.4519,0.4816,0.2177,An_individual_touches_their_toes_and_returns_to_a_standing_position,44,True
2273,0.4337,0.502,0.2177,A_person_claps,40,True
2274,0.4399,0.4948,0.2177,Someone_moves_forward_by_rolling_and_then_stands,23,True
2275,0.4563,0.4773,0.2178,A_person_reaches_for_their_toes_and_gets_back_up,76,True
2276,0.5677,0.3836,0.2178,Someone_brings_their_hands_together_to_clap,57,True
2277,0.4255,0.5119,0.2178,Someone_pushes_a_large_object,44,True
2278,0.4771,0.4565,0.2178,Someone_does_a_quick_spin_in_a_pirouette,77,True
2279,0.4885,0.4458,0.2178,Someone_makes_a_full_turn_in_a_pirouette,14,True
2280,0.5017,0.4341,0.2178,Someone_springs_up_off_the_ground,21,True
2281,0.5626,0.3871,0.2178,Someone_elevates_their_knee_to_their_chest,32,True
2282,0.4983,0.437,0.2178,Someone_performs_a_pirouette,2,True
2283,0.3986,0.5467,0.2179,Someone_is_moving_a_bulky_object_by_pushing,41,True
2284,0.461,0.4728,0.218,An_individual_reaches_down_to_their_toes_and_stands_up_straight,0,True
2285,0.4039,0.5398,0.218,Someone_pushes_a_large_object,12,True
2286,0.4086,0.5335,0.218,Someone_pushes_a_large_object,46,True
2287,0.4323,0.5043,0.218,An_individual_goes_down_to_touch_their_toes_and_then_stands_back_up,35,True
2288,0.4174,0.5224,0.218,A_person_rolls_forward_and_returns_to_a_standing_position,14,True
2289,0.4947,0.4407,0.218,Someone_rolls_forward_and_stands_up,71,True
2290,0.4275,0.51,0.218,A_person_moves_a_heavy_object_by_pushing,64,True
2291,0.4395,0.4963,0.2181,An_individual_completes_a_pirouette,16,True
2292,0.4542,0.4802,0.2181,An_individual_exerts_force_on_a_heavy_object,50,True
2293,0.4735,0.4609,0.2182,An_individual_does_a_turning_pirouette,9,True
2294,0.4363,0.5001,0.2182,A_person_gives_a_round_of_applause,69,True
2295,0.4834,0.4514,0.2182,Someone_performs_a_forward_roll_and_then_stands,8,True
2296,0.4241,0.5148,0.2183,An_individual_pushes_something_heavy,29,True
2297,0.3832,0.5696,0.2183,An_individual_raises_a_knee_towards_their_chest,84,True
2298,0.4454,0.4901,0.2183,Someone_is_moving_a_bulky_object_by_pushing,11,True
2299,0.4613,0.4732,0.2183,Someone_executes_a_pirouette,12,True
2300,0.5113,0.427,0.2183,Someone_touches_their_toes_and_then_lifts_themselves_up,64,True
2301,0.4092,0.5335,0.2183,An_individual_makes_a_high_jump,55,True
2302,0.4205,0.5194,0.2184,Someone_pushes_a_large_object,29,True
2303,0.5134,0.4255,0.2184,An_individual_lifts_a_knee_up_to_their_chest,45,True
2304,0.4098,0.533,0.2184,An_individual_tumbles_forward_and_then_gets_up,34,True
2305,0.4587,0.4762,0.2184,A_person_rotates_in_a_pirouette,4,True
2306,0.5267,0.4149,0.2185,A_person_performs_push-ups,7,True
2307,0.4083,0.5351,0.2185,An_individual_claps_in_celebration,89,True
2308,0.4937,0.4426,0.2185,Someone_leans_down_to_touch_their_toes_and_stands_back_up,2,True
2309,0.4164,0.5247,0.2185,Someone_pushes_a_large_object,3,True
2310,0.4436,0.4928,0.2186,Someone_performs_a_pirouette,12,True
2311,0.4208,0.5194,0.2186,A_person_rolls_ahead_and_gets_back_on_their_feet,54,True
2312,0.5723,0.3821,0.2187,Someone_springs_up_off_the_ground,79,True
2313,0.4224,0.5177,0.2187,An_individual_makes_a_high_jump,95,True
2314,0.4321,0.5061,0.2187,A_person_brings_their_knee_in_towards_their_chest,41,True
2315,0.5639,0.388,0.2188,An_individual_waves_hello_with_their_left_arm,12,True
2316,0.5437,0.4024,0.2188,A_person_reaches_for_their_toes_and_gets_back_up,42,True
2317,0.4714,0.4644,0.2189,Someone_shoves_a_weighty_object,11,True
2318,0.5847,0.3745,0.219,A_person_bends_to_touch_their_toes_and_stands_again,0,True
2319,0.4665,0.4695,0.219,A_person_goes_up_into_the_air,31,True
2320,0.427,0.5129,0.219,Someone_touches_their_toes_and_stands_back_up,27,True
2321,0.4334,0.5054,0.219,A_person_does_a_forward_roll_and_gets_up,53,True
2322,0.5198,0.4214,0.2191,An_individual_rolls_forward_and_quickly_gets_up,92,True
2323,0.4486,0.4884,0.2191,An_individual_exerts_force_on_a_heavy_object,77,True
2324,0.4729,0.4634,0.2191,Someone_springs_up_off_the_ground,24,True
2325,0.4739,0.4623,0.2191,A_person_gives_a_round_of_applause,0,True
2326,0.425,0.5159,0.2192,A_person_lifts_their_knee_to_their_chest,29,True
2327,0.4704,0.466,0.2192,Someone_performs_a_forward_roll_and_then_stands,49,True
2328,0.4616,0.4749,0.2192,An_individual_pushes_something_heavy,46,True
2329,0.433,0.5062,0.2192,A_person_rolls_ahead_and_gets_back_on_their_feet,93,True
2330,0.3878,0.5656,0.2193,A_person_performs_a_clap,54,True
2331,0.4217,0.5202,0.2193,Someone_pushes_a_large_object,23,True
2332,0.4569,0.4799,0.2193,An_individual_tumbles_forward_and_then_gets_up,35,True
2333,0.4625,0.4743,0.2194,A_person_stretches_to_touch_their_toes_and_then_rises,2,True
2334,0.4452,0.4929,0.2194,An_individual_tries_to_push_a_heavy_thing,8,True
2335,0.5812,0.3775,0.2194,Someone_bends_down_to_touch_their_toes_and_then_stands_up,58,True
2336,0.4298,0.5104,0.2194,An_individual_completes_a_pirouette,21,True
2337,0.441,0.4975,0.2194,A_person_reaches_for_their_toes_and_gets_back_up,26,True
2338,0.4537,0.4837,0.2195,Someone_moves_forward_by_rolling_and_then_stands,78,True
2339,0.4496,0.4883,0.2195,A_person_rolls_ahead_and_gets_back_on_their_feet,92,True
2340,0.4446,0.4938,0.2195,Someone_touches_their_toes_and_stands_back_up,37,True
2341,0.4375,0.5016,0.2195,Someone_rolls_in_a_forward_motion_and_stands_up,15,True
2342,0.4601,0.4772,0.2196,Someone_touches_their_toes_and_then_lifts_themselves_up,43,True
2343,0.4316,0.5087,0.2196,An_individual_pushes_something_heavy,28,True
2344,0.5353,0.4103,0.2197,Someone_brings_their_knee_up_to_their_chest,87,True
2345,0.4459,0.4927,0.2197,Someone_does_a_pirouette,3,True
2346,0.4335,0.5068,0.2197,Someone_pushes_a_large_object,84,True
2347,0.5858,0.375,0.2197,A_person_performs_push-ups,48,True
2348,0.5525,0.3977,0.2197,Someone_brings_their_hands_together_to_clap,84,True
2349,0.4708,0.4666,0.2197,An_individual_claps_in_celebration,15,True
2350,0.3953,0.5559,0.2198,A_person_moves_a_heavy_object_by_pushing,3,True
2351,0.4211,0.5219,0.2198,A_person_goes_up_into_the_air,32,True
2352,0.4674,0.4704,0.2199,A_person_bends_their_leg_and_raises_their_knee_to_their_chest,9,True
2353,0.3972,0.5538,0.2199,An_individual_pushes_a_heavy_object,56,True
2354,0.4204,0.5233,0.22,An_individual_dances_a_pirouette,23,True
2355,0.4732,0.4652,0.2201,Someone_pushes_off_the_ground_and_rises,49,True
2356,0.5021,0.4384,0.2201,Someone_rolls_forward_and_stands_up,46,True
2357,0.4737,0.4646,0.2201,A_person_goes_up_into_the_air,0,True
2358,0.4092,0.5379,0.2201,A_person_moves_a_heavy_object_by_pushing,41,True
2359,0.4832,0.4556,0.2202,Someone_moves_forward_by_rolling_and_then_stands,20,True
2360,0.5127,0.4295,0.2202,A_person_rolls_ahead_and_gets_back_on_their_feet,94,True
2361,0.4658,0.4728,0.2202,A_person_gives_a_round_of_applause,97,True
2362,0.4233,0.5204,0.2203,Someone_pushes_a_large_object,16,True
2363,0.4093,0.5383,0.2203,A_person_performs_a_clap,71,True
2364,0.5006,0.44,0.2203,A_person_swings_their_left_arm_back_and_forth,21,True
2365,0.548,0.402,0.2203,Someone_bends_down_to_touch_their_toes_and_then_stands_up,86,True
2366,0.4646,0.4742,0.2203,An_individual_reaches_down_to_their_toes_and_stands_up_straight,66,True
2367,0.436,0.5054,0.2203,Someone_executes_a_pirouette,77,True
2368,0.4919,0.448,0.2203,Someone_rolls_forward_and_stands_up,58,True
2369,0.5611,0.3927,0.2203,A_person_brings_their_knee_in_towards_their_chest,54,True
2370,0.4411,0.4996,0.2204,A_person_rolls_ahead_and_gets_back_on_their_feet,7,True
2371,0.4451,0.495,0.2204,Someone_rolls_in_a_forward_motion_and_stands_up,22,True
2372,0.4963,0.4441,0.2204,An_individual_tries_to_push_a_heavy_thing,92,True
2373,0.4619,0.4771,0.2204,An_individual_raises_their_right_arm_to_make_contact_with_their_head,76,True
2374,0.4519,0.4878,0.2204,A_person_pushes_an_object_that_is_hard_to_lift,81,True
2375,0.4914,0.4485,0.2204,Someone_shoves_a_weighty_object,33,True
2376,0.4301,0.5125,0.2204,A_person_rolls_forward_and_returns_to_a_standing_position,45,True
2377,0.5686,0.3875,0.2204,Someone_springs_up_off_the_ground,37,True
2378,0.5511,0.4002,0.2205,Someone_springs_up_off_the_ground,53,True
2379,0.4508,0.4891,0.2205,Someone_rolls_in_a_forward_motion_and_stands_up,39,True
2380,0.4954,0.4451,0.2205,Someone_does_a_quick_spin_in_a_pirouette,80,True
2381,0.4125,0.5346,0.2205,Someone_pushes_off_the_ground_and_rises,74,True
2382,0.4186,0.5268,0.2205,An_individual_rolls_forward_and_quickly_gets_up,93,True
2383,0.4333,0.5092,0.2206,An_individual_pushes_a_heavy_object,39,True
2384,0.4559,0.4838,0.2206,A_person_reaches_for_their_toes_and_gets_back_up,47,True
2385,0.3816,0.578,0.2206,An_individual_rolls_forward_and_rises,51,True
2386,0.4263,0.5176,0.2206,An_individual_pushes_something_heavy,24,True
2387,0.3891,0.5669,0.2206,An_individual_rolls_forward_and_quickly_gets_up,62,True
2388,0.4787,0.4609,0.2206,Someone_performs_a_forward_roll_and_then_stands,38,True
2389,0.5253,0.42,0.2206,Someone_shoves_a_weighty_object,2,True
2390,0.4528,0.4874,0.2207,Someone_performs_a_pirouette,90,True
2391,0.4559,0.484,0.2207,A_person_pushes_an_object_that_is_hard_to_lift,52,True
2392,0.4401,0.5014,0.2207,An_individual_tries_to_push_a_heavy_thing,37,True
2393,0.3691,0.5982,0.2208,A_person_performs_a_clap,26,True
2394,0.4195,0.5262,0.2208,An_individual_exerts_force_on_a_heavy_object,6,True
2395,0.4559,0.4843,0.2208,A_person_rotates_in_a_pirouette,6,True
2396,0.4318,0.5117,0.2209,A_person_rolls_forward_and_returns_to_a_standing_position,62,True
2397,0.538,0.4106,0.2209,An_individual_reaches_down_to_their_toes_and_stands_up_straight,17,True
2398,0.428,0.5161,0.2209,An_individual_pushes_something_heavy,2,True
2399,0.4616,0.4786,0.2209,A_person_moves_a_heavy_object_by_pushing,5,True
2400,0.4757,0.4645,0.221,A_person_pushes_an_object_that_is_hard_to_lift,94,True
2401,0.4058,0.5448,0.221,An_individual_tumbles_forward_and_then_gets_up,74,True
2402,0.3758,0.5882,0.221,A_person_stretches_to_touch_their_toes_and_then_rises,53,True
2403,0.5811,0.3805,0.2211,An_individual_does_a_turning_pirouette,8,True
2404,0.4287,0.5159,0.2212,A_person_jumps_really_high,55,True
2405,0.4309,0.5134,0.2212,Someone_touches_their_toes_and_then_lifts_themselves_up,94,True
2406,0.4742,0.4664,0.2212,A_person_pushes_an_object_that_is_hard_to_lift,19,True
2407,0.4298,0.5147,0.2212,An_individual_pushes_something_heavy,36,True
2408,0.4521,0.4892,0.2212,Someone_executes_a_pirouette,26,True
2409,0.4667,0.474,0.2212,A_person_rotates_in_a_pirouette,76,True
2410,0.427,0.5183,0.2213,Someone_executes_a_pirouette,1,True
2411,0.4041,0.5475,0.2213,An_individual_pushes_something_heavy,94,True
2412,0.4512,0.4906,0.2213,A_person_reaches_for_their_toes_and_gets_back_up,56,True
2413,0.4494,0.4926,0.2213,Someone_executes_a_pirouette,57,True
2414,0.4162,0.5319,0.2214,A_person_rolls_forward_and_returns_to_a_standing_position,43,True
2415,0.4659,0.4751,0.2214,An_individual_rolls_forward_and_quickly_gets_up,83,True
2416,0.4776,0.4635,0.2214,An_individual_pushes_something_heavy,33,True
2417,0.4404,0.5027,0.2214,Someone_rolls_forward_and_stands_up,3,True
2418,0.4515,0.4907,0.2215,Someone_rolls_in_a_forward_motion_and_stands_up,43,True
2419,0.4766,0.4648,0.2215,An_individual_lifts_a_knee_up_to_their_chest,76,True
2420,0.5355,0.4136,0.2215,Someone_elevates_their_knee_to_their_chest,5,True
2421,0.5295,0.4182,0.2215,Someone_bends_down_to_touch_their_toes_and_then_stands_up,79,True
2422,0.4369,0.5069,0.2215,An_individual_lifts_a_knee_up_to_their_chest,75,True
2423,0.4439,0.499,0.2215,A_person_reaches_for_their_toes_and_gets_back_up,13,True
2424,0.5858,0.3781,0.2215,A_person_bends_to_touch_their_toes_and_stands_again,81,True
2425,0.3938,0.5623,0.2215,A_person_pulls_their_knee_up_to_their_chest,70,True
2426,0.5105,0.4341,0.2216,Someone_performs_a_pirouette,92,True
2427,0.5283,0.4194,0.2216,An_individual_exerts_force_on_a_heavy_object,56,True
2428,0.4623,0.4793,0.2216,A_person_gives_a_round_of_applause,6,True
2429,0.4367,0.5074,0.2216,Someone_pushes_a_large_object,49,True
2430,0.4831,0.4589,0.2217,Someone_rolls_forward_and_gets_up,78,True
2431,0.5219,0.4249,0.2217,An_individual_brings_their_knee_close_to_their_chest,72,True
2432,0.3767,0.5886,0.2217,A_person_claps_their_hands,85,True
2433,0.4131,0.537,0.2218,Someone_positions_their_knee_at_chest_height,8,True
2434,0.5035,0.4404,0.2218,An_individual_rolls_forward_and_quickly_gets_up,67,True
2435,0.4079,0.544,0.2219,An_individual_tumbles_forward_and_then_gets_up,85,True
2436,0.472,0.4702,0.2219,Someone_does_a_pirouette,58,True
2437,0.5157,0.4305,0.222,Someone_brings_their_hands_together_to_clap,8,True
2438,0.4752,0.4671,0.222,An_individual_touches_their_toes_and_returns_to_a_standing_position,54,True
2439,0.4647,0.4777,0.222,A_person_lifts_their_knee_to_their_chest,54,True
2440,0.4251,0.5225,0.2221,An_individual_touches_their_toes_and_returns_to_a_standing_position,62,True
2441,0.4493,0.4943,0.2221,Someone_leaps_up_high,92,True
2442,0.4738,0.4687,0.2221,Someone_does_a_quick_spin_in_a_pirouette,44,True
2443,0.4954,0.4483,0.2221,A_person_rotates_in_a_pirouette,10,True
2444,0.4412,0.5038,0.2222,A_person_pushes_an_object_that_is_hard_to_lift,97,True
2445,0.404,0.55,0.2222,A_person_claps_their_hands,87,True
2446,0.5337,0.4163,0.2222,Someone_rolls_forward_and_stands_up,26,True
2447,0.4309,0.5157,0.2222,An_individual_tumbles_forward_and_then_gets_up,56,True
2448,0.4499,0.4942,0.2223,Someone_pushes_a_large_object,14,True
2449,0.5015,0.4433,0.2223,A_person_lifts_their_knee_to_their_chest,39,True
2450,0.4203,0.5289,0.2223,An_individual_reaches_down_to_their_toes_and_stands_up_straight,81,True
2451,0.4743,0.4689,0.2224,Someone_rolls_in_a_forward_motion_and_stands_up,61,True
2452,0.4965,0.4478,0.2224,Someone_pushes_off_the_ground_and_rises,63,True
2453,0.5537,0.4017,0.2224,An_individual_reaches_down_to_their_toes_and_stands_up_straight,52,True
2454,0.4406,0.5049,0.2224,Someone_moves_forward_by_rolling_and_then_stands,88,True
2455,0.4224,0.5265,0.2224,A_person_claps,72,True
2456,0.4913,0.4526,0.2224,A_person_pulls_their_knee_up_to_their_chest,45,True
2457,0.4254,0.5229,0.2224,An_individual_lifts_a_knee_up_to_their_chest,71,True
2458,0.5184,0.4289,0.2224,An_individual_reaches_down_to_their_toes_and_stands_up_straight,73,True
2459,0.4721,0.4712,0.2224,A_person_pulls_their_knee_up_to_their_chest,39,True
2460,0.4789,0.4644,0.2224,A_person_rotates_in_a_pirouette,36,True
2461,0.4399,0.5057,0.2225,An_individual_tumbles_forward_and_then_gets_up,13,True
2462,0.4167,0.534,0.2225,A_person_pulls_their_knee_up_to_their_chest,84,True
2463,0.4789,0.4647,0.2225,Someone_rolls_forward_and_stands_up,95,True
2464,0.4296,0.518,0.2225,A_person_reaches_for_their_toes_and_gets_back_up,49,True
2465,0.5126,0.434,0.2225,Someone_springs_up_off_the_ground,60,True
2466,0.4618,0.4818,0.2225,An_individual_completes_a_pirouette,26,True
2467,0.5303,0.4198,0.2226,Someone_springs_up_off_the_ground,3,True
2468,0.4715,0.4721,0.2226,An_individual_goes_down_to_touch_their_toes_and_then_stands_back_up,59,True
2469,0.427,0.5212,0.2226,An_individual_rolls_forward_and_rises,85,True
2470,0.4755,0.4681,0.2226,Someone_rolls_forward_and_stands_up,10,True
2471,0.542,0.4107,0.2226,Someone_performs_a_forward_roll_and_then_stands,48,True
2472,0.4272,0.5212,0.2227,A_person_rolls_forward_and_returns_to_a_standing_position,1,True
2473,0.4515,0.4931,0.2227,An_individual_tumbles_forward_and_then_gets_up,50,True
2474,0.4475,0.4977,0.2227,Someone_performs_a_forward_roll_and_then_stands,81,True
2475,0.4657,0.4783,0.2227,Someone_performs_a_pirouette,31,True
2476,0.5133,0.4338,0.2227,An_individual_reaches_down_to_their_toes_and_stands_up_straight,19,True
2477,0.4137,0.5384,0.2228,A_person_stretches_to_touch_their_toes_and_then_rises,8,True
2478,0.4702,0.4741,0.2229,An_individual_pushes_a_heavy_object,7,True
2479,0.5328,0.4185,0.2229,Someone_performs_a_forward_roll_and_then_stands,73,True
2480,0.4808,0.4636,0.2229,An_individual_completes_a_pirouette,78,True
2481,0.4645,0.4799,0.2229,Someone_touches_their_toes_and_then_lifts_themselves_up,13,True
2482,0.4754,0.4689,0.2229,An_individual_rolls_forward_and_quickly_gets_up,81,True
2483,0.4456,0.5003,0.223,Someone_elevates_their_knee_to_their_chest,19,True
2484,0.3862,0.5779,0.2231,A_person_performs_a_clap,11,True
2485,0.4013,0.5558,0.2231,A_person_rolls_ahead_and_gets_back_on_their_feet,39,True
2486,0.4499,0.4958,0.2231,Someone_executes_a_pirouette,92,True
2487,0.4781,0.4667,0.2231,Someone_shoves_a_weighty_object,70,True
2488,0.4029,0.5539,0.2231,A_person_performs_a_clap,92,True
2489,0.475,0.4696,0.2231,A_person_bends_their_leg_and_raises_their_knee_to_their_chest,80,True
2490,0.4738,0.4708,0.2231,Someone_brings_their_knee_up_to_their_chest,57,True
2491,0.4392,0.508,0.2232,Someone_rolls_forward_and_stands_up,22,True
2492,0.4785,0.4665,0.2232,Someone_touches_their_toes_and_then_lifts_themselves_up,23,True
2493,0.4393,0.5081,0.2232,Someone_moves_forward_by_rolling_and_then_stands,58,True
2494,0.4489,0.4972,0.2232,Someone_pushes_a_large_object,25,True
2495,0.5369,0.4157,0.2232,An_individual_goes_down_to_touch_their_toes_and_then_stands_back_up,18,True
2496,0.5374,0.4154,0.2232,Someone_rolls_forward_and_gets_up,49,True
2497,0.4364,0.5116,0.2233,Someone_elevates_their_knee_to_their_chest,10,True
2498,0.425,0.5255,0.2233,An_individual_pushes_something_heavy,79,True
2499,0.4765,0.4689,0.2234,An_individual_rolls_forward_and_quickly_gets_up,53,True
2500,0.4808,0.4646,0.2234,Someone_rolls_in_a_forward_motion_and_stands_up,75,True
2501,0.4574,0.4884,0.2234,An_individual_completes_a_pirouette,99,True
2502,0.526,0.4247,0.2234,A_person_swings_their_left_arm_back_and_forth,27,True
2503,0.4232,0.5279,0.2234,A_person_gives_a_round_of_applause,93,True
2504,0.4966,0.45,0.2235,Someone_pushes_off_the_ground_and_rises,9,True
2505,0.4461,0.5011,0.2235,A_person_pushes_an_object_that_is_hard_to_lift,47,True
2506,0.4422,0.5054,0.2235,A_person_bends_their_leg_and_raises_their_knee_to_their_chest,49,True
2507,0.4844,0.4613,0.2235,Someone_reaches_up_with_their_right_arm_to_their_head,25,True
2508,0.378,0.5916,0.2236,A_person_performs_a_clap,8,True
2509,0.4436,0.504,0.2236,An_individual_rolls_forward_and_quickly_gets_up,99,True
2510,0.4347,0.5145,0.2237,Someone_executes_a_pirouette,99,True
2511,0.4567,0.4899,0.2237,A_person_jumps_very_high,63,True
2512,0.468,0.478,0.2237,An_individual_lifts_a_knee_up_to_their_chest,32,True
2513,0.538,0.416,0.2238,Someone_bends_down_to_touch_their_toes_and_then_stands_up,6,True
2514,0.3922,0.5707,0.2238,An_individual_pushes_a_heavy_item,17,True
2515,0.4471,0.5005,0.2238,Someone_pushes_off_the_ground_and_rises,58,True
2516,0.4152,0.5388,0.2238,A_person_claps_their_hands,62,True
2517,0.3868,0.5786,0.2238,A_person_performs_a_clap,94,True
2518,0.4624,0.4842,0.2239,Someone_elevates_their_knee_to_their_chest,22,True
2519,0.3821,0.586,0.2239,A_person_performs_a_clap,77,True
2520,0.422,0.5307,0.224,A_person_lifts_their_knee_to_their_chest,60,True
2521,0.5394,0.4154,0.224,A_person_rolls_ahead_and_gets_back_on_their_feet,27,True
2522,0.4409,0.508,0.224,An_individual_pushes_something_heavy,60,True
2523,0.3965,0.5653,0.2241,A_person_lifts_their_knee_to_their_chest,69,True
2524,0.5212,0.43,0.2241,A_person_applies_pressure_to_push_a_heavy_object,98,True
2525,0.4545,0.4931,0.2241,An_individual_completes_a_pirouette,25,True
2526,0.4208,0.5325,0.2241,An_individual_pushes_a_heavy_object,19,True
2527,0.4711,0.4757,0.2241,A_person_stretches_to_touch_their_toes_and_then_rises,32,True
2528,0.4518,0.4963,0.2242,Someone_rolls_in_a_forward_motion_and_stands_up,68,True
2529,0.3919,0.5721,0.2242,A_person_rolls_forward_and_returns_to_a_standing_position,84,True
2530,0.4179,0.5365,0.2242,An_individual_makes_a_high_jump,14,True
2531,0.4286,0.5232,0.2242,Someone_applauds_by_clapping,32,True
2532,0.448,0.5005,0.2242,A_person_lifts_their_knee_to_their_chest,10,True
2533,0.5605,0.4002,0.2243,Someone_bends_down_to_touch_their_toes_and_then_stands_up,29,True
2534,0.4003,0.5603,0.2243,A_person_does_a_high_jump,82,True
2535,0.4476,0.5012,0.2244,Someone_pushes_a_large_object,42,True
2536,0.3819,0.5876,0.2244,An_individual_claps_in_celebration,33,True
2537,0.447,0.5019,0.2244,A_person_pulls_their_knee_up_to_their_chest,99,True
2538,0.4114,0.5455,0.2244,Someone_moves_forward_by_rolling_and_then_stands,29,True
2539,0.4609,0.487,0.2245,Someone_touches_their_toes_and_then_lifts_themselves_up,98,True
2540,0.4687,0.4789,0.2245,An_individual_completes_a_pirouette,48,True
2541,0.4336,0.5178,0.2245,An_individual_goes_down_to_touch_their_toes_and_then_stands_back_up,56,True
2542,0.4318,0.5202,0.2246,A_person_moves_a_heavy_object_by_pushing,15,True
2543,0.4688,0.4791,0.2246,A_person_rotates_in_a_pirouette,41,True
2544,0.4204,0.5344,0.2246,A_person_applies_pressure_to_push_a_heavy_object,25,True
2545,0.3784,0.5939,0.2247,A_person_performs_a_clap,23,True
2546,0.4826,0.4656,0.2247,Someone_does_a_pirouette,34,True
2547,0.5146,0.4367,0.2247,A_person_goes_up_into_the_air,33,True
2548,0.3998,0.5619,0.2247,A_person_performs_a_clap,63,True
2549,0.4115,0.546,0.2247,A_person_does_a_high_jump,28,True
2550,0.5071,0.4431,0.2247,An_individual_lifts_a_knee_up_to_their_chest,44,True
2551,0.4757,0.4724,0.2247,A_person_lifts_their_knee_to_their_chest,57,True
2552,0.4499,0.4995,0.2247,A_person_rotates_in_a_pirouette,23,True
2553,0.448,0.5015,0.2247,Someone_performs_a_pirouette,0,True
2554,0.4523,0.4968,0.2247,Someone_executes_a_pirouette,88,True
2555,0.4418,0.5087,0.2247,Someone_rolls_in_a_forward_motion_and_stands_up,85,True
2556,0.4474,0.5024,0.2247,A_person_claps,70,True
2557,0.4753,0.4728,0.2247,Someone_is_moving_a_bulky_object_by_pushing,65,True
2558,0.4807,0.4677,0.2248,A_person_bends_to_touch_their_toes_and_stands_again,34,True
2559,0.419,0.5366,0.2248,A_person_moves_a_heavy_object_by_pushing,55,True
2560,0.4196,0.5359,0.2249,An_individual_tries_to_push_a_heavy_thing,48,True
2561,0.4706,0.4778,0.2249,Someone_touches_their_toes_and_stands_back_up,20,True
2562,0.4198,0.5357,0.2249,Someone_does_a_pirouette,90,True
2563,0.4156,0.5413,0.2249,A_person_moves_a_heavy_object_by_pushing,9,True
2564,0.4447,0.506,0.225,A_person_claps,17,True
2565,0.5086,0.4424,0.225,A_person_lifts_their_knee_to_their_chest,34,True
2566,0.4569,0.4925,0.225,Someone_leaps_up_high,13,True
2567,0.4245,0.5301,0.225,Someone_does_push-up_exercises,90,True
2568,0.4066,0.5537,0.2251,A_person_pushes_an_object_that_is_hard_to_lift,43,True
2569,0.4284,0.5254,0.2251,Someone_is_moving_a_bulky_object_by_pushing,85,True
2570,0.5211,0.432,0.2251,Someone_leans_down_to_touch_their_toes_and_stands_back_up,15,True
2571,0.4025,0.5593,0.2251,A_person_pushes_an_object_that_is_hard_to_lift,9,True
2572,0.4124,0.5457,0.2251,A_person_gives_a_round_of_applause,78,True
2573,0.4558,0.4938,0.2251,Someone_does_a_pirouette,27,True
2574,0.4271,0.5272,0.2252,An_individual_completes_a_pirouette,51,True
2575,0.4662,0.483,0.2252,Someone_performs_a_forward_roll_and_then_stands,28,True
2576,0.5226,0.4309,0.2252,A_person_performs_push-ups,41,True
2577,0.5592,0.4026,0.2252,An_individual_engages_in_push-ups,73,True
2578,0.5204,0.4328,0.2252,An_individual_dances_a_pirouette,98,True
2579,0.5425,0.4152,0.2253,A_person_rotates_in_a_pirouette,29,True
2580,0.4295,0.5246,0.2253,A_person_applies_pressure_to_push_a_heavy_object,77,True
2581,0.4138,0.5447,0.2254,An_individual_pushes_a_heavy_object,22,True
2582,0.4429,0.5089,0.2254,Someone_pushes_a_large_object,90,True
2583,0.5105,0.4418,0.2255,A_person_rotates_in_a_pirouette,19,True
2584,0.4284,0.5264,0.2255,Someone_rolls_in_a_forward_motion_and_stands_up,98,True
2585,0.4521,0.4987,0.2255,Someone_does_a_pirouette,20,True
2586,0.4995,0.4515,0.2255,Someone_leaps_up_high,6,True
2587,0.4733,0.4765,0.2255,Someone_executes_a_pirouette,74,True
2588,0.4855,0.4646,0.2256,A_person_rotates_in_a_pirouette,65,True
2589,0.4853,0.4648,0.2256,A_person_bends_their_leg_and_raises_their_knee_to_their_chest,44,True
2590,0.4657,0.4844,0.2256,An_individual_lifts_a_knee_up_to_their_chest,4,True
2591,0.5199,0.4339,0.2256,Someone_elevates_their_knee_to_their_chest,16,True
2592,0.5329,0.4234,0.2256,A_person_raises_a_knee_to_their_chest,44,True
2593,0.5375,0.4199,0.2257,A_person_raises_the_right_arm_to_touch_their_head,20,True
2594,0.4203,0.5369,0.2257,A_person_gives_a_round_of_applause,47,True
2595,0.4605,0.4901,0.2257,A_person_bends_their_leg_and_raises_their_knee_to_their_chest,89,True
2596,0.3771,0.5986,0.2257,A_person_performs_a_clap,89,True
2597,0.4782,0.4721,0.2257,A_person_rotates_in_a_pirouette,96,True
2598,0.5288,0.427,0.2258,A_person_applies_pressure_to_push_a_heavy_object,43,True
2599,0.444,0.5085,0.2258,A_person_reaches_for_their_toes_and_gets_back_up,10,True
2600,0.4653,0.4851,0.2258,Someone_executes_a_pirouette,30,True
2601,0.4528,0.4987,0.2258,An_individual_pushes_something_heavy,84,True
2602,0.5807,0.3889,0.2258,Someone_bends_down_to_touch_their_toes_and_then_stands_up,30,True
2603,0.4321,0.5228,0.2259,An_individual_dances_a_pirouette,32,True
2604,0.4536,0.498,0.2259,A_person_moves_a_heavy_object_by_pushing,93,True
2605,0.4255,0.531,0.2259,Someone_touches_their_toes_and_stands_back_up,38,True
2606,0.4063,0.5561,0.226,An_individual_jumps_up_into_the_air,14,True
2607,0.384,0.5885,0.226,An_individual_raises_a_knee_towards_their_chest,4,True
2608,0.4714,0.4793,0.226,An_individual_touches_their_toes_and_returns_to_a_standing_position,92,True
2609,0.433,0.5219,0.226,Someone_executes_a_pirouette,24,True
2610,0.5019,0.4502,0.226,Someone_brings_their_knee_up_to_their_chest,86,True
2611,0.4451,0.5077,0.226,An_individual_touches_their_toes_and_returns_to_a_standing_position,24,True
2612,0.5188,0.4359,0.2261,A_person_practices_push-ups,71,True
2613,0.4006,0.5644,0.2261,An_individual_pushes_a_heavy_item,92,True
2614,0.4839,0.4671,0.2261,Someone_brings_their_hands_together_to_clap,23,True
2615,0.4482,0.5044,0.2261,A_person_bends_their_leg_and_raises_their_knee_to_their_chest,71,True
2616,0.453,0.4992,0.2261,Someone_does_a_pirouette,14,True
2617,0.5171,0.4373,0.2261,Someone_performs_a_pirouette,73,True
2618,0.4821,0.4692,0.2262,An_individual_pushes_a_heavy_object,26,True
2619,0.4572,0.4947,0.2262,A_person_rotates_in_a_pirouette,63,True
2620,0.3873,0.5839,0.2262,A_person_performs_a_clap,49,True
2621,0.5474,0.4135,0.2263,An_individual_engages_in_push-ups,30,True
2622,0.402,0.5628,0.2263,An_individual_rolls_forward_and_rises,7,True
2623,0.4124,0.5488,0.2263,A_person_rolls_ahead_and_gets_back_on_their_feet,30,True
2624,0.4355,0.5197,0.2263,A_person_does_a_forward_roll_and_gets_up,96,True
2625,0.3885,0.5824,0.2263,A_person_performs_a_clap,67,True
2626,0.5096,0.444,0.2263,A_person_performs_push-ups,10,True
2627,0.4871,0.4647,0.2264,A_person_rolls_ahead_and_gets_back_on_their_feet,12,True
2628,0.4259,0.5317,0.2265,Someone_does_push-up_exercises,2,True
2629,0.4582,0.4944,0.2265,An_individual_makes_a_high_jump,36,True
2630,0.4181,0.5418,0.2265,An_individual_pushes_a_heavy_object,90,True
2631,0.4586,0.4939,0.2265,Someone_does_a_quick_spin_in_a_pirouette,69,True
2632,0.4211,0.5381,0.2266,An_individual_reaches_down_to_their_toes_and_stands_up_straight,63,True
2633,0.4137,0.5478,0.2266,A_person_moves_a_heavy_object_by_pushing,34,True
2634,0.5171,0.4382,0.2266,A_person_practices_push-ups,73,True
2635,0.4156,0.5454,0.2266,An_individual_tumbles_forward_and_then_gets_up,48,True
2636,0.3948,0.5741,0.2266,An_individual_exerts_force_on_a_heavy_object,8,True
2637,0.4637,0.4889,0.2267,Someone_leans_down_to_touch_their_toes_and_stands_back_up,59,True
2638,0.5054,0.4485,0.2267,An_individual_reaches_down_to_their_toes_and_stands_up_straight,79,True
2639,0.4539,0.4994,0.2267,An_individual_tumbles_forward_and_then_gets_up,59,True
2640,0.4036,0.5619,0.2268,Someone_pushes_a_large_object,20,True
2641,0.4824,0.4701,0.2268,A_person_rotates_in_a_pirouette,15,True
2642,0.5144,0.4408,0.2268,Someone_performs_a_pirouette,14,True
2643,0.5292,0.4285,0.2268,A_person_rolls_ahead_and_gets_back_on_their_feet,91,True
2644,0.5009,0.453,0.2269,Someone_rolls_forward_and_gets_up,28,True
2645,0.5082,0.4465,0.2269,A_person_rolls_ahead_and_gets_back_on_their_feet,51,True
2646,0.6021,0.3769,0.2269,A_person_raises_the_right_arm_to_touch_their_head,25,True
2647,0.4192,0.5414,0.2269,An_individual_tumbles_forward_and_then_gets_up,9,True
2648,0.4226,0.537,0.2269,A_person_claps_their_hands,7,True
2649,0.4481,0.5065,0.2269,Someone_is_moving_a_bulky_object_by_pushing,68,True
2650,0.511,0.4442,0.227,An_individual_brings_their_knee_close_to_their_chest,91,True
2651,0.4672,0.486,0.227,Someone_leaps_up_high,59,True
2652,0.4968,0.457,0.227,An_individual_lifts_a_knee_up_to_their_chest,20,True
2653,0.4395,0.5166,0.227,Someone_pushes_a_large_object,95,True
2654,0.4345,0.5224,0.227,A_person_jumps_very_high,21,True
2655,0.4534,0.5006,0.227,Someone_elevates_their_knee_to_their_chest,73,True
2656,0.4825,0.4707,0.2271,Someone_touches_their_toes_and_then_lifts_themselves_up,37,True
2657,0.4442,0.5113,0.2271,An_individual_dances_a_pirouette,67,True
2658,0.429,0.5293,0.2271,A_person_rolls_forward_and_returns_to_a_standing_position,48,True
2659,0.5509,0.4122,0.2271,A_person_carries_out_push-ups,65,True
2660,0.4912,0.4625,0.2272,Someone_performs_a_pirouette,81,True
2661,0.4421,0.514,0.2272,A_person_claps,12,True
2662,0.3766,0.6033,0.2272,A_person_performs_a_clap,80,True
2663,0.5037,0.4512,0.2272,Someone_does_a_quick_spin_in_a_pirouette,94,True
2664,0.5498,0.4134,0.2273,An_individual_touches_their_toes_and_returns_to_a_standing_position,7,True
2665,0.3954,0.5748,0.2273,A_person_performs_a_clap,18,True
2666,0.4328,0.5253,0.2273,An_individual_brings_their_knee_close_to_their_chest,41,True
2667,0.3662,0.6205,0.2273,An_individual_rolls_forward_and_rises,96,True
2668,0.4229,0.5375,0.2273,A_person_rolls_forward_and_returns_to_a_standing_position,97,True
2669,0.4603,0.4939,0.2274,Someone_does_a_pirouette,70,True
2670,0.5223,0.4353,0.2274,A_person_stretches_to_touch_their_toes_and_then_rises,39,True
2671,0.4491,0.5063,0.2274,Someone_is_moving_a_bulky_object_by_pushing,2,True
2672,0.4881,0.4661,0.2275,Someone_elevates_their_knee_to_their_chest,56,True
2673,0.4368,0.5207,0.2275,An_individual_brings_their_knee_close_to_their_chest,16,True
2674,0.5004,0.4547,0.2275,An_individual_brings_their_knee_close_to_their_chest,98,True
2675,0.5511,0.4128,0.2275,Someone_rolls_forward_and_gets_up,22,True
2676,0.4806,0.4734,0.2275,Someone_touches_their_toes_and_then_lifts_themselves_up,97,True
2677,0.4155,0.5475,0.2275,An_individual_lifts_a_knee_up_to_their_chest,80,True
2678,0.4233,0.5374,0.2275,A_person_swings_their_left_arm_back_and_forth,36,True
2679,0.4612,0.4934,0.2276,Someone_makes_a_full_turn_in_a_pirouette,27,True
2680,0.4716,0.4825,0.2276,An_individual_touches_their_toes_and_returns_to_a_standing_position,77,True
2681,0.4763,0.478,0.2276,An_individual_rolls_forward_and_quickly_gets_up,55,True
2682,0.452,0.5035,0.2276,Someone_leaps_up_high,27,True
2683,0.4472,0.5089,0.2276,Someone_does_a_pirouette,80,True
2684,0.4632,0.4916,0.2277,Someone_executes_a_pirouette,34,True
2685,0.4086,0.5573,0.2277,A_person_claps_their_hands,8,True
2686,0.4996,0.4559,0.2277,An_individual_pushes_a_heavy_object,34,True
2687,0.4247,0.5363,0.2278,A_person_applies_pressure_to_push_a_heavy_object,81,True
2688,0.4295,0.5305,0.2278,An_individual_claps_in_celebration,1,True
2689,0.408,0.5584,0.2278,A_person_performs_a_clap,74,True
2690,0.6475,0.3519,0.2279,Someone_elevates_their_knee_to_their_chest,41,True
2691,0.4284,0.5321,0.2279,Someone_pushes_a_large_object,36,True
2692,0.4611,0.4944,0.2279,Someone_executes_a_pirouette,85,True
2693,0.5273,0.4321,0.2279,A_person_performs_push-ups,3,True
2694,0.3745,0.6089,0.228,A_person_performs_a_clap,25,True
2695,0.4748,0.4801,0.228,A_person_brings_their_knee_in_towards_their_chest,40,True
2696,0.4769,0.4781,0.228,Someone_does_a_pirouette,95,True
2697,0.5317,0.4288,0.228,Someone_reaches_up_with_their_right_arm_to_their_head,54,True
2698,0.4773,0.4776,0.228,A_person_pushes_an_object_that_is_hard_to_lift,82,True
2699,0.4567,0.4993,0.228,An_individual_goes_down_to_touch_their_toes_and_then_stands_back_up,15,True
2700,0.4381,0.5204,0.228,An_individual_rolls_forward_and_quickly_gets_up,80,True
2701,0.5027,0.4536,0.2281,Someone_rolls_in_a_forward_motion_and_stands_up,19,True
2702,0.4992,0.4568,0.2281,A_person_rotates_in_a_pirouette,45,True
2703,0.382,0.5971,0.2281,An_individual_claps_in_celebration,82,True
2704,0.4457,0.5117,0.2281,A_person_claps_their_hands,17,True
2705,0.4683,0.4871,0.2281,A_person_claps,83,True
2706,0.5051,0.4517,0.2282,Someone_touches_their_toes_and_stands_back_up,21,True
2707,0.4963,0.4598,0.2282,A_person_creates_a_clapping_noise_with_their_hands,54,True
2708,0.5063,0.4508,0.2282,A_person_pulls_their_knee_up_to_their_chest,17,True
2709,0.4606,0.4953,0.2282,A_person_goes_up_into_the_air,62,True
2710,0.5824,0.3918,0.2282,A_person_bends_to_touch_their_toes_and_stands_again,80,True
2711,0.5429,0.4204,0.2282,A_person_brings_their_right_arm_up_to_their_head,3,True
2712,0.4235,0.5388,0.2282,A_person_rolls_forward_and_returns_to_a_standing_position,64,True
2713,0.4307,0.5299,0.2282,Someone_leaps_up_high,43,True
2714,0.3867,0.5905,0.2283,A_person_does_a_high_jump,89,True
2715,0.5461,0.418,0.2283,A_person_practices_push-ups,17,True
2716,0.525,0.4349,0.2283,A_person_stretches_to_touch_their_toes_and_then_rises,11,True
2717,0.4794,0.4762,0.2283,A_person_claps_their_hands,54,True
2718,0.5519,0.4136,0.2283,A_person_turns_around_in_a_pirouette,89,True
2719,0.4848,0.471,0.2283,Someone_performs_a_pirouette,75,True
2720,0.4903,0.4657,0.2283,Someone_applauds_by_clapping,54,True
2721,0.4495,0.508,0.2284,An_individual_lifts_a_knee_up_to_their_chest,74,False
2722,0.5038,0.4534,0.2284,A_person_pushes_an_object_that_is_hard_to_lift,41,True
2723,0.4907,0.4655,0.2284,Someone_leans_down_to_touch_their_toes_and_stands_back_up,89,True
2724,0.4525,0.5047,0.2284,An_individual_pushes_a_heavy_item,19,True
2725,0.4207,0.543,0.2284,A_person_applies_pressure_to_push_a_heavy_object,21,True
2726,0.4009,0.5697,0.2284,A_person_reaches_for_their_toes_and_gets_back_up,45,True
2727,0.4364,0.5238,0.2286,Someone_touches_their_toes_and_stands_back_up,49,False
2728,0.4017,0.5691,0.2286,An_individual_pushes_a_heavy_object,79,True
2729,0.5613,0.4073,0.2286,An_individual_lifts_a_knee_up_to_their_chest,77,True
2730,0.5088,0.4494,0.2286,A_person_lifts_their_knee_to_their_chest,50,True
2731,0.4302,0.5313,0.2286,A_person_rolls_ahead_and_gets_back_on_their_feet,74,True
2732,0.3969,0.5763,0.2287,A_person_performs_a_clap,46,True
2733,0.4412,0.5183,0.2287,A_person_bends_their_leg_and_raises_their_knee_to_their_chest,17,True
2734,0.5667,0.4036,0.2287,A_person_rolls_ahead_and_gets_back_on_their_feet,57,True
2735,0.5069,0.4511,0.2287,An_individual_engages_in_push-ups,45,True
2736,0.4523,0.5059,0.2288,Someone_touches_their_toes_and_then_lifts_themselves_up,16,True
2737,0.4303,0.5318,0.2288,A_person_bends_their_leg_and_raises_their_knee_to_their_chest,46,True
2738,0.3775,0.6063,0.2288,An_individual_rolls_forward_and_rises,55,True
2739,0.4568,0.501,0.2288,Someone_touches_their_toes_and_stands_back_up,9,True
2740,0.3946,0.5799,0.2288,A_person_reaches_for_their_toes_and_gets_back_up,46,True
2741,0.4362,0.5247,0.2289,A_person_claps_their_hands,42,True
2742,0.4622,0.4953,0.2289,A_person_claps,19,True
2743,0.4473,0.5117,0.2289,A_person_claps_their_hands,88,True
2744,0.4956,0.4618,0.2289,Someone_does_a_quick_spin_in_a_pirouette,20,True
2745,0.423,0.5414,0.229,An_individual_rolls_forward_and_rises,43,True
2746,0.5076,0.4512,0.229,Someone_rolls_in_a_forward_motion_and_stands_up,4,True
2747,0.4399,0.5205,0.229,A_person_claps_their_hands,76,True
2748,0.5273,0.4343,0.229,A_person_turns_around_in_a_pirouette,12,True
2749,0.4231,0.5412,0.229,A_person_claps,90,True
2750,0.4588,0.4993,0.2291,An_individual_pushes_something_heavy,10,True
2751,0.5796,0.3952,0.2291,Someone_reaches_up_with_their_right_arm_to_their_head,61,True
2752,0.5364,0.4273,0.2292,Someone_rolls_forward_and_gets_up,88,True
2753,0.5149,0.4452,0.2292,Someone_brings_their_hands_together_to_clap,46,True
2754,0.4666,0.4911,0.2292,A_person_rolls_forward_and_returns_to_a_standing_position,41,True
2755,0.4638,0.4943,0.2293,An_individual_brings_their_knee_close_to_their_chest,93,True
2756,0.463,0.4952,0.2293,An_individual_touches_their_toes_and_returns_to_a_standing_position,98,True
2757,0.445,0.5153,0.2293,Someone_pushes_a_large_object,47,True
2758,0.5566,0.4119,0.2293,An_individual_goes_down_to_touch_their_toes_and_then_stands_back_up,64,True
2759,0.4374,0.5242,0.2293,A_person_goes_up_into_the_air,6,True
2760,0.4731,0.4849,0.2294,Someone_touches_their_toes_and_then_lifts_themselves_up,19,True
2761,0.4454,0.5152,0.2294,Someone_makes_a_full_turn_in_a_pirouette,79,True
2762,0.4294,0.5342,0.2294,A_person_moves_a_heavy_object_by_pushing,67,True
2763,0.4472,0.5129,0.2294,An_individual_pushes_something_heavy,37,True
2764,0.436,0.5261,0.2294,Someone_executes_a_pirouette,37,True
2765,0.5442,0.4218,0.2295,Someone_rolls_forward_and_stands_up,50,True
2766,0.4193,0.5473,0.2295,An_individual_rolls_forward_and_rises,37,True
2767,0.4157,0.5522,0.2295,An_individual_pushes_a_heavy_object,92,True
2768,0.4211,0.5452,0.2296,An_individual_rolls_forward_and_quickly_gets_up,57,True
2769,0.4483,0.5123,0.2296,An_individual_completes_a_pirouette,3,True
2770,0.4564,0.5029,0.2296,A_person_does_a_high_jump,98,True
2771,0.5593,0.4104,0.2296,Someone_shoves_a_weighty_object,25,True
2772,0.4924,0.4665,0.2297,A_person_stretches_to_touch_their_toes_and_then_rises,16,True
2773,0.5076,0.4525,0.2297,An_individual_touches_their_toes_and_returns_to_a_standing_position,46,True
2774,0.4598,0.4996,0.2297,A_person_stretches_to_touch_their_toes_and_then_rises,19,True
2775,0.4515,0.5088,0.2298,Someone_pushes_off_the_ground_and_rises,8,True
2776,0.4816,0.4772,0.2298,Someone_performs_a_forward_roll_and_then_stands,5,True
2777,0.5011,0.4585,0.2298,A_person_rotates_in_a_pirouette,18,True
2778,0.5461,0.4208,0.2298,A_person_swings_their_left_arm_back_and_forth,7,True
2779,0.4768,0.4823,0.2299,Someone_leaps_up_high,88,True
2780,0.4972,0.4623,0.2299,An_individual_does_a_turning_pirouette,48,True
2781,0.4789,0.48,0.2299,An_individual_exerts_force_on_a_heavy_object,39,True
2782,0.4187,0.5495,0.23,An_individual_brings_their_knee_close_to_their_chest,85,True
2783,0.4157,0.5534,0.23,An_individual_pushes_something_heavy,8,True
2784,0.4227,0.544,0.23,A_person_goes_up_into_the_air,69,True
2785,0.4283,0.5372,0.2301,An_individual_tumbles_forward_and_then_gets_up,51,True
2786,0.4807,0.4787,0.2301,Someone_performs_a_forward_roll_and_then_stands,30,True
2787,0.3908,0.5888,0.2301,An_individual_rolls_forward_and_quickly_gets_up,63,True
2788,0.4102,0.5611,0.2301,An_individual_tumbles_forward_and_then_gets_up,65,True
2789,0.5715,0.4027,0.2302,An_individual_rolls_forward_and_quickly_gets_up,5,True
2790,0.4504,0.5112,0.2302,A_person_moves_a_heavy_object_by_pushing,72,True
2791,0.4076,0.5646,0.2302,Someone_leaps_up_high,81,True
2792,0.5031,0.4579,0.2303,An_individual_brings_their_knee_close_to_their_chest,52,True
2793,0.4447,0.5179,0.2303,An_individual_pushes_a_heavy_object,48,True
2794,0.5005,0.4601,0.2303,A_person_rolls_ahead_and_gets_back_on_their_feet,42,True
2795,0.4949,0.4653,0.2303,A_person_rotates_in_a_pirouette,73,True
2796,0.5954,0.3868,0.2303,A_person_bends_to_touch_their_toes_and_stands_again,60,True
2797,0.4593,0.5015,0.2303,An_individual_exerts_force_on_a_heavy_object,3,True
2798,0.4469,0.5153,0.2303,A_person_pushes_an_object_that_is_hard_to_lift,71,True
2799,0.4509,0.511,0.2304,An_individual_pushes_a_heavy_object,40,True
2800,0.4585,0.5026,0.2305,Someone_pushes_off_the_ground_and_rises,99,True
2801,0.4176,0.5519,0.2305,Someone_applauds_by_clapping,55,True
2802,0.5808,0.3968,0.2305,An_individual_rolls_forward_and_quickly_gets_up,74,True
2803,0.4707,0.4898,0.2305,A_person_reaches_for_their_toes_and_gets_back_up,70,True
2804,0.4646,0.4962,0.2306,A_person_rotates_in_a_pirouette,92,True
2805,0.4392,0.525,0.2306,An_individual_pushes_a_heavy_object,54,True
2806,0.5394,0.4275,0.2306,An_individual_reaches_down_to_their_toes_and_stands_up_straight,13,True
2807,0.4043,0.5703,0.2306,An_individual_tries_to_push_a_heavy_thing,4,True
2808,0.5518,0.4179,0.2306,Someone_touches_their_toes_and_then_lifts_themselves_up,12,True
2809,0.44,0.5243,0.2307,An_individual_pushes_a_heavy_object,95,True
2810,0.485,0.4758,0.2307,Someone_moves_forward_by_rolling_and_then_stands,93,True
2811,0.4768,0.4839,0.2307,Someone_leaps_up_high,78,True
2812,0.4237,0.5445,0.2307,A_person_rolls_ahead_and_gets_back_on_their_feet,46,True
2813,0.402,0.5739,0.2307,A_person_does_a_high_jump,35,True
2814,0.5126,0.45,0.2307,An_individual_goes_down_to_touch_their_toes_and_then_stands_back_up,78,True
2815,0.4257,0.5423,0.2308,An_individual_rolls_forward_and_quickly_gets_up,46,True
2816,0.4642,0.4971,0.2308,An_individual_goes_down_to_touch_their_toes_and_then_stands_back_up,3,True
2817,0.4647,0.4967,0.2308,Someone_performs_a_forward_roll_and_then_stands,74,True
2818,0.4257,0.5423,0.2308,A_person_jumps_really_high,24,True
2819,0.4527,0.5101,0.2309,An_individual_lifts_a_knee_up_to_their_chest,5,True
2820,0.3726,0.6196,0.2309,An_individual_brings_their_knee_close_to_their_chest,60,True
2821,0.4551,0.5076,0.231,Someone_performs_a_pirouette,16,True
2822,0.4233,0.5456,0.231,A_person_rolls_forward_and_returns_to_a_standing_position,60,True
2823,0.4502,0.5132,0.231,An_individual_tries_to_push_a_heavy_thing,42,True
2824,0.4722,0.4892,0.231,Someone_leans_down_to_touch_their_toes_and_stands_back_up,97,True
2825,0.4999,0.462,0.231,Someone_leans_down_to_touch_their_toes_and_stands_back_up,14,True
2826,0.5378,0.4295,0.231,Someone_touches_their_toes_and_then_lifts_themselves_up,95,True
2827,0.3942,0.5859,0.231,An_individual_puts_their_hands_together_to_clap,91,True
2828,0.4473,0.5164,0.231,An_individual_pushes_something_heavy,0,True
2829,0.4156,0.556,0.2311,A_person_stretches_to_touch_their_toes_and_then_rises,0,True
2830,0.5165,0.4475,0.2311,Someone_does_a_quick_spin_in_a_pirouette,60,True
2831,0.4723,0.4894,0.2311,An_individual_makes_a_high_jump,62,True
2832,0.5512,0.4193,0.2311,A_person_does_push-ups,6,True
2833,0.4303,0.5371,0.2311,Someone_pushes_off_the_ground_and_rises,68,True
2834,0.4551,0.5078,0.2311,Someone_performs_a_pirouette,38,True
2835,0.4161,0.5553,0.2311,An_individual_pushes_a_heavy_item,98,True
2836,0.4554,0.5076,0.2311,Someone_rolls_in_a_forward_motion_and_stands_up,78,True
2837,0.4686,0.4934,0.2312,Someone_shoves_a_weighty_object,42,True
2838,0.4507,0.5129,0.2312,Someone_pushes_off_the_ground_and_rises,71,True
2839,0.5328,0.4341,0.2313,An_individual_lifts_a_knee_up_to_their_chest,90,True
2840,0.4067,0.5688,0.2313,A_person_performs_a_clap,52,True
2841,0.4546,0.5087,0.2313,An_individual_raises_a_knee_towards_their_chest,66,True
2842,0.505,0.4582,0.2314,Someone_does_a_pirouette,72,True
2843,0.4961,0.4665,0.2314,An_individual_tumbles_forward_and_then_gets_up,84,True
2844,0.4689,0.4934,0.2314,A_person_rolls_ahead_and_gets_back_on_their_feet,36,True
2845,0.4621,0.5008,0.2314,A_person_bends_their_leg_and_raises_their_knee_to_their_chest,20,True
2846,0.443,0.5223,0.2314,Someone_pushes_a_large_object,18,True
2847,0.4441,0.521,0.2314,Someone_leaps_up_high,45,True
2848,0.4785,0.4837,0.2315,Someone_does_push-up_exercises,22,True
2849,0.4166,0.5557,0.2315,A_person_claps,44,True
2850,0.5095,0.4543,0.2315,Someone_touches_their_toes_and_then_lifts_themselves_up,39,True
2851,0.4723,0.4901,0.2315,Someone_does_push-up_exercises,3,True
2852,0.4947,0.4679,0.2315,Someone_leaps_up_high,65,True
2853,0.4502,0.5142,0.2315,A_person_claps_their_hands,32,True
2854,0.424,0.5461,0.2316,An_individual_touches_their_toes_and_returns_to_a_standing_position,17,True
2855,0.4703,0.4925,0.2316,Someone_rolls_in_a_forward_motion_and_stands_up,14,True
2856,0.4068,0.5696,0.2317,An_individual_claps_in_celebration,54,True
2857,0.5482,0.4227,0.2317,An_individual_tries_to_push_a_heavy_thing,55,True
2858,0.419,0.553,0.2317,A_person_performs_a_clap,86,True
2859,0.4929,0.47,0.2317,A_person_lifts_their_knee_to_their_chest,18,True
2860,0.4997,0.4636,0.2317,An_individual_completes_a_pirouette,15,True
2861,0.4625,0.5011,0.2317,Someone_rolls_in_a_forward_motion_and_stands_up,91,True
2862,0.4409,0.5257,0.2318,Someone_performs_a_pirouette,91,True
2863,0.4457,0.52,0.2318,A_person_brings_their_knee_in_towards_their_chest,51,True
2864,0.4783,0.4847,0.2318,Someone_performs_a_forward_roll_and_then_stands,15,True
2865,0.4504,0.5146,0.2318,A_person_rolls_forward_and_returns_to_a_standing_position,31,True
2866,0.4721,0.4911,0.2318,A_person_pulls_their_knee_up_to_their_chest,27,True
2867,0.4631,0.5005,0.2318,An_individual_tries_to_push_a_heavy_thing,7,True
2868,0.5207,0.4455,0.2319,An_individual_does_a_turning_pirouette,1,True
2869,0.5648,0.4105,0.2319,A_person_bends_to_touch_their_toes_and_stands_again,68,True
2870,0.4375,0.5301,0.2319,A_person_reaches_for_their_toes_and_gets_back_up,88,True
2871,0.5324,0.4359,0.232,A_person_performs_push-ups,72,True
2872,0.4405,0.5267,0.232,A_person_stretches_to_touch_their_toes_and_then_rises,74,True
2873,0.544,0.4267,0.2321,A_person_turns_around_in_a_pirouette,20,True
2874,0.5395,0.4303,0.2322,A_person_rolls_ahead_and_gets_back_on_their_feet,53,True
2875,0.4771,0.4866,0.2322,Someone_executes_a_pirouette,15,True
2876,0.4292,0.5409,0.2322,Someone_pushes_a_large_object,48,True
2877,0.5785,0.4015,0.2322,Someone_springs_up_off_the_ground,25,True
2878,0.5138,0.4519,0.2322,Someone_shoves_a_weighty_object,55,True
2879,0.4861,0.478,0.2323,Someone_touches_their_toes_and_stands_back_up,28,True
2880,0.4447,0.5224,0.2323,A_person_rolls_forward_and_returns_to_a_standing_position,74,True
2881,0.4253,0.5463,0.2323,A_person_claps,63,True
2882,0.4657,0.4987,0.2323,Someone_pushes_a_large_object,30,True
2883,0.5692,0.4081,0.2323,Someone_leans_down_to_touch_their_toes_and_stands_back_up,64,True
2884,0.4138,0.5615,0.2323,A_person_performs_a_clap,13,True
2885,0.4459,0.5213,0.2324,Someone_moves_forward_by_rolling_and_then_stands,69,True
2886,0.4974,0.4672,0.2324,A_person_performs_push-ups,36,True
2887,0.4997,0.465,0.2324,Someone_shoves_a_weighty_object,46,True
2888,0.3754,0.619,0.2324,A_person_performs_a_clap,10,True
2889,0.4582,0.5072,0.2324,A_person_moves_a_heavy_object_by_pushing,85,True
2890,0.4569,0.5088,0.2325,A_person_does_a_forward_roll_and_gets_up,61,True
2891,0.5434,0.4279,0.2325,Someone_brings_their_hands_together_to_clap,64,True
2892,0.5234,0.4442,0.2325,Someone_elevates_their_knee_to_their_chest,2,True
2893,0.4903,0.4743,0.2325,Someone_does_a_pirouette,6,True
2894,0.4501,0.5168,0.2326,A_person_stretches_to_touch_their_toes_and_then_rises,24,True
2895,0.4313,0.5392,0.2326,Someone_brings_their_knee_up_to_their_chest,69,True
2896,0.4887,0.476,0.2326,A_person_rotates_in_a_pirouette,58,True
2897,0.5326,0.4367,0.2326,Someone_brings_their_hands_together_to_clap,60,True
2898,0.4595,0.5063,0.2326,Someone_pushes_a_large_object,59,True
2899,0.4817,0.4832,0.2327,A_person_reaches_for_their_toes_and_gets_back_up,39,True
2900,0.5363,0.434,0.2327,Someone_brings_their_hands_together_to_clap,17,True
2901,0.5588,0.4165,0.2327,Someone_springs_up_off_the_ground,36,True
2902,0.4701,0.4949,0.2327,Someone_rolls_in_a_forward_motion_and_stands_up,88,True
2903,0.3805,0.6118,0.2328,An_individual_rolls_forward_and_rises,21,True
2904,0.4444,0.5239,0.2328,Someone_performs_a_forward_roll_and_then_stands,94,True
2905,0.4586,0.5076,0.2328,A_person_pushes_an_object_that_is_hard_to_lift,64,True
2906,0.4091,0.5693,0.2329,An_individual_rolls_forward_and_rises,60,True
2907,0.5933,0.3925,0.2329,A_person_lifts_their_right_arm_to_touch_their_head,54,True
2908,0.4926,0.4729,0.2329,A_person_stretches_to_touch_their_toes_and_then_rises,30,True
2909,0.5068,0.4595,0.2329,A_person_rotates_in_a_pirouette,44,True
2910,0.5248,0.4438,0.2329,Someone_performs_a_forward_roll_and_then_stands,42,True
2911,0.4286,0.5433,0.2329,An_individual_goes_down_to_touch_their_toes_and_then_stands_back_up,49,True
2912,0.4532,0.514,0.2329,A_person_pushes_an_object_that_is_hard_to_lift,26,True
2913,0.462,0.5041,0.2329,Someone_touches_their_toes_and_stands_back_up,76,True
2914,0.4123,0.565,0.2329,A_person_claps_their_hands,47,True
2915,0.4242,0.5493,0.233,A_person_does_a_high_jump,38,True
2916,0.5134,0.4538,0.233,Someone_executes_a_pirouette,52,True
2917,0.4357,0.5351,0.2331,Someone_rolls_in_a_forward_motion_and_stands_up,27,True
2918,0.5186,0.4494,0.2331,Someone_shoves_a_weighty_object,22,True
2919,0.5444,0.4282,0.2331,An_individual_goes_down_to_touch_their_toes_and_then_stands_back_up,21,True
2920,0.4408,0.5289,0.2331,A_person_pushes_an_object_that_is_hard_to_lift,24,True
2921,0.5301,0.4399,0.2332,A_person_jumps_straight_up,0,True
2922,0.4301,0.5422,0.2332,Someone_leaps_up_high,82,True
2923,0.4227,0.5519,0.2333,An_individual_exerts_force_on_a_heavy_object,37,True
2924,0.4117,0.5667,0.2333,A_person_rolls_forward_and_returns_to_a_standing_position,75,True
2925,0.4356,0.5357,0.2333,A_person_does_a_forward_roll_and_gets_up,75,True
2926,0.4221,0.5527,0.2333,An_individual_pushes_a_heavy_item,49,True
2927,0.513,0.4549,0.2334,Someone_shoves_a_weighty_object,18,True
2928,0.3848,0.6065,0.2334,Someone_pushes_off_the_ground_and_rises,92,True
2929,0.5019,0.4651,0.2335,A_person_bends_their_leg_and_raises_their_knee_to_their_chest,31,True
2930,0.4938,0.4728,0.2335,Someone_performs_a_forward_roll_and_then_stands,46,True
2931,0.4438,0.5262,0.2335,A_person_gives_a_round_of_applause,44,True
2932,0.5391,0.4332,0.2335,A_person_raises_the_right_arm_to_touch_their_head,39,True
2933,0.4433,0.5267,0.2335,Someone_does_push-up_exercises,34,True
2934,0.6104,0.3824,0.2335,An_individual_reaches_down_to_their_toes_and_stands_up_straight,62,True
2935,0.4468,0.5226,0.2335,An_individual_tumbles_forward_and_then_gets_up,31,True
2936,0.463,0.5045,0.2336,An_individual_completes_a_pirouette,68,True
2937,0.4868,0.4799,0.2336,Someone_performs_a_pirouette,37,True
2938,0.5174,0.4515,0.2336,Someone_elevates_their_knee_to_their_chest,53,True
2939,0.462,0.5056,0.2336,An_individual_makes_a_high_jump,79,True
2940,0.4995,0.4676,0.2336,Someone_moves_forward_by_rolling_and_then_stands,42,True
2941,0.6036,0.387,0.2336,Someone_brings_their_knee_up_to_their_chest,4,True
2942,0.5036,0.4642,0.2337,Someone_makes_a_full_turn_in_a_pirouette,26,True
2943,0.5086,0.4595,0.2337,Someone_performs_a_pirouette,7,True
2944,0.4817,0.4852,0.2337,Someone_performs_a_pirouette,96,True
2945,0.4114,0.5682,0.2337,A_person_does_a_high_jump,81,True
2946,0.4568,0.5116,0.2337,Someone_pushes_a_large_object,54,True
2947,0.5195,0.45,0.2338,Someone_rolls_forward_and_gets_up,7,True
2948,0.4946,0.4727,0.2338,A_person_bends_their_leg_and_raises_their_knee_to_their_chest,75,True
2949,0.4853,0.4818,0.2338,Someone_elevates_their_knee_to_their_chest,76,True
2950,0.421,0.5556,0.2339,A_person_claps_their_hands,71,True
2951,0.5938,0.394,0.2339,A_person_bends_to_touch_their_toes_and_stands_again,72,True
2952,0.4538,0.5155,0.2339,An_individual_pushes_something_heavy,81,True
2953,0.4951,0.4724,0.2339,Someone_rolls_forward_and_stands_up,12,True
2954,0.4971,0.4705,0.2339,An_individual_goes_down_to_touch_their_toes_and_then_stands_back_up,74,True
2955,0.4958,0.4718,0.234,Someone_moves_forward_by_rolling_and_then_stands,17,True
2956,0.4861,0.4814,0.234,A_person_rotates_in_a_pirouette,71,True
2957,0.53,0.4416,0.234,An_individual_tumbles_forward_and_then_gets_up,76,True
2958,0.4215,0.5553,0.234,A_person_performs_a_clap,61,True
2959,0.4665,0.5018,0.2341,An_individual_touches_their_toes_and_returns_to_a_standing_position,37,True
2960,0.5256,0.4454,0.2341,An_individual_does_a_turning_pirouette,19,True
2961,0.4462,0.5246,0.2341,Someone_pushes_a_large_object,11,True
2962,0.5885,0.3978,0.2341,A_person_performs_push-ups,9,True
2963,0.4706,0.4978,0.2342,A_person_jumps_very_high,54,True
2964,0.4484,0.5222,0.2342,An_individual_pushes_something_heavy,92,True
2965,0.5797,0.404,0.2342,An_individual_tries_to_push_a_heavy_thing,0,True
2966,0.5269,0.4447,0.2343,Someone_rolls_forward_and_stands_up,89,True
2967,0.5435,0.4311,0.2343,A_person_performs_push-ups,8,True
2968,0.4482,0.5227,0.2343,An_individual_makes_a_high_jump,49,True
2969,0.4177,0.5609,0.2343,Someone_is_moving_a_bulky_object_by_pushing,50,True
2970,0.5328,0.4398,0.2343,An_individual_rolls_forward_and_quickly_gets_up,27,True
2971,0.4624,0.5069,0.2344,An_individual_completes_a_pirouette,87,True
2972,0.4735,0.495,0.2344,A_person_gives_a_round_of_applause,42,True
2973,0.4537,0.5167,0.2344,A_person_pushes_an_object_that_is_hard_to_lift,46,True
2974,0.4483,0.5229,0.2344,A_person_pulls_their_knee_up_to_their_chest,4,True
2975,0.4428,0.5294,0.2344,An_individual_rolls_forward_and_rises,74,True
2976,0.5297,0.4425,0.2344,Someone_rolls_forward_and_stands_up,72,True
2977,0.4539,0.5167,0.2345,Someone_pushes_a_large_object,35,True
2978,0.4088,0.5737,0.2345,An_individual_jumps_up_into_the_air,55,True
2979,0.4684,0.5006,0.2345,Someone_executes_a_pirouette,33,True
2980,0.4427,0.5297,0.2345,Someone_performs_a_pirouette,69,True
2981,0.4904,0.4781,0.2345,A_person_turns_around_in_a_pirouette,26,True
2982,0.4777,0.4909,0.2345,A_person_moves_a_heavy_object_by_pushing,80,True
2983,0.5162,0.4543,0.2345,An_individual_brings_their_knee_close_to_their_chest,77,True
2984,0.4731,0.4958,0.2346,Someone_moves_forward_by_rolling_and_then_stands,63,True
2985,0.5874,0.3993,0.2346,A_person_bends_to_touch_their_toes_and_stands_again,40,True
2986,0.4507,0.5208,0.2347,A_person_pushes_an_object_that_is_hard_to_lift,99,True
2987,0.4805,0.4884,0.2347,A_person_reaches_for_their_toes_and_gets_back_up,7,True
2988,0.4803,0.4886,0.2347,Someone_does_a_quick_spin_in_a_pirouette,41,True
2989,0.4641,0.5057,0.2347,Someone_performs_a_forward_roll_and_then_stands,66,True
2990,0.4962,0.4729,0.2347,A_person_lifts_their_knee_to_their_chest,49,True
2991,0.5593,0.4196,0.2347,A_person_bends_to_touch_their_toes_and_stands_again,54,True
2992,0.4394,0.5343,0.2347,Someone_does_a_pirouette,9,True
2993,0.4848,0.4843,0.2348,An_individual_reaches_down_to_their_toes_and_stands_up_straight,2,True
2994,0.4545,0.5166,0.2348,Someone_is_moving_a_bulky_object_by_pushing,35,True
2995,0.4767,0.4927,0.2348,Someone_executes_a_pirouette,13,True
2996,0.4037,0.5816,0.2348,An_individual_rolls_forward_and_rises,88,True
2997,0.5165,0.4547,0.2348,An_individual_does_a_turning_pirouette,90,True
2998,0.459,0.5115,0.2348,Someone_leans_down_to_touch_their_toes_and_stands_back_up,9,True
2999,0.5175,0.4536,0.2348,Someone_rolls_forward_and_gets_up,13,True
3000,0.4747,0.4946,0.2348,An_individual_reaches_down_to_their_toes_and_stands_up_straight,53,True
3001,0.5439,0.4316,0.2348,An_individual_reaches_down_to_their_toes_and_stands_up_straight,99,True
3002,0.4551,0.516,0.2348,An_individual_rolls_forward_and_quickly_gets_up,34,True
3003,0.4857,0.4836,0.2349,A_person_pulls_their_knee_up_to_their_chest,81,True
3004,0.4733,0.4963,0.2349,An_individual_reaches_down_to_their_toes_and_stands_up_straight,9,True
3005,0.4218,0.5571,0.2349,An_individual_pushes_a_heavy_item,29,True
3006,0.5714,0.4111,0.2349,Someone_brings_their_knee_up_to_their_chest,77,True
3007,0.5882,0.3994,0.2349,A_person_bends_to_touch_their_toes_and_stands_again,33,True
3008,0.4422,0.5314,0.235,A_person_pushes_an_object_that_is_hard_to_lift,37,True
3009,0.5632,0.4173,0.235,Someone_bends_down_to_touch_their_toes_and_then_stands_up,9,True
3010,0.4521,0.5197,0.235,A_person_rolls_ahead_and_gets_back_on_their_feet,79,True
3011,0.4757,0.4941,0.235,Someone_moves_forward_by_rolling_and_then_stands,9,True
3012,0.5178,0.4538,0.235,A_person_bends_their_leg_and_raises_their_knee_to_their_chest,97,True
3013,0.4257,0.552,0.235,An_individual_tries_to_push_a_heavy_thing,90,True
3014,0.5612,0.4189,0.2351,Someone_brings_their_hands_together_to_clap,91,True
3015,0.4348,0.5407,0.2351,An_individual_raises_a_knee_towards_their_chest,32,True
3016,0.4834,0.4864,0.2351,Someone_does_a_pirouette,32,True
3017,0.4053,0.5803,0.2352,A_person_rolls_ahead_and_gets_back_on_their_feet,95,True
3018,0.4924,0.4777,0.2352,A_person_pulls_their_knee_up_to_their_chest,69,True
3019,0.6133,0.3837,0.2353,An_individual_waves_hello_with_their_left_arm,58,True
3020,0.4183,0.5626,0.2353,A_person_bends_their_leg_and_raises_their_knee_to_their_chest,3,True
3021,0.468,0.5027,0.2353,A_person_gives_a_round_of_applause,52,True
3022,0.4028,0.5844,0.2354,An_individual_rolls_forward_and_rises,87,True
3023,0.4587,0.5132,0.2354,An_individual_claps_in_celebration,38,True
3024,0.6209,0.3793,0.2355,A_person_brings_their_knee_in_towards_their_chest,43,True
3025,0.4916,0.479,0.2355,Someone_touches_their_toes_and_stands_back_up,56,True
3026,0.4791,0.4915,0.2355,A_person_claps,33,True
3027,0.5303,0.4441,0.2355,An_individual_reaches_down_to_their_toes_and_stands_up_straight,6,True
3028,0.4403,0.5348,0.2355,A_person_does_a_high_jump,20,True
3029,0.4513,0.5218,0.2355,An_individual_pushes_a_heavy_object,24,True
3030,0.5735,0.4108,0.2356,An_individual_reaches_down_to_their_toes_and_stands_up_straight,15,True
3031,0.4356,0.5409,0.2356,Someone_does_push-up_exercises,1,True
3032,0.5274,0.4466,0.2356,Someone_bends_down_to_touch_their_toes_and_then_stands_up,1,True
3033,0.5332,0.4418,0.2356,Someone_performs_a_pirouette,87,True
3034,0.4244,0.5552,0.2356,Someone_leaps_up_high,75,True
3035,0.4749,0.4964,0.2357,An_individual_jumps_up_into_the_air,63,True
3036,0.5376,0.4385,0.2357,An_individual_brings_their_knee_close_to_their_chest,96,True
3037,0.4971,0.4741,0.2357,A_person_pulls_their_knee_up_to_their_chest,13,True
3038,0.5352,0.4404,0.2357,Someone_shoves_a_weighty_object,92,True
3039,0.4913,0.4799,0.2358,Someone_touches_their_toes_and_stands_back_up,19,True
3040,0.4464,0.5282,0.2358,A_person_rolls_forward_and_returns_to_a_standing_position,73,True
3041,0.4081,0.5779,0.2358,Someone_applauds_by_clapping,12,True
3042,0.5216,0.4521,0.2358,An_individual_goes_down_to_touch_their_toes_and_then_stands_back_up,25,True
3043,0.4826,0.4886,0.2358,Someone_does_a_quick_spin_in_a_pirouette,31,True
3044,0.476,0.4953,0.2358,Someone_performs_a_forward_roll_and_then_stands,50,True
3045,0.4599,0.5126,0.2358,An_individual_makes_a_high_jump,42,True
3046,0.4569,0.5161,0.2358,An_individual_dances_a_pirouette,8,True
3047,0.4277,0.5516,0.2359,A_person_moves_a_heavy_object_by_pushing,71,True
3048,0.472,0.4999,0.2359,An_individual_touches_their_toes_and_returns_to_a_standing_position,38,True
3049,0.4806,0.4907,0.2359,A_person_stretches_to_touch_their_toes_and_then_rises,49,True
3050,0.4109,0.5741,0.2359,A_person_moves_a_heavy_object_by_pushing,23,True
3051,0.5292,0.4457,0.2359,Someone_bends_down_to_touch_their_toes_and_then_stands_up,95,True
3052,0.46,0.5128,0.2359,An_individual_completes_a_pirouette,83,True
3053,0.4536,0.52,0.2359,An_individual_touches_their_toes_and_returns_to_a_standing_position,75,True
3054,0.4853,0.4864,0.236,Someone_does_a_quick_spin_in_a_pirouette,87,True
3055,0.4447,0.5306,0.236,A_person_performs_a_clap,33,True
3056,0.4668,0.5056,0.236,A_person_jumps_straight_up,91,True
3057,0.5856,0.4029,0.236,A_person_bends_to_touch_their_toes_and_stands_again,58,True
3058,0.4177,0.5652,0.2361,An_individual_tries_to_push_a_heavy_thing,56,True
3059,0.5123,0.4609,0.2361,An_individual_pushes_something_heavy,9,True
3060,0.4958,0.4763,0.2361,An_individual_does_a_turning_pirouette,76,True
3061,0.4848,0.4871,0.2361,Someone_rolls_in_a_forward_motion_and_stands_up,51,True
3062,0.4527,0.5218,0.2362,Someone_pushes_a_large_object,19,True
3063,0.5032,0.4693,0.2362,An_individual_brings_their_knee_close_to_their_chest,18,True
3064,0.5712,0.4138,0.2363,An_individual_lifts_a_knee_up_to_their_chest,41,True
3065,0.5811,0.4066,0.2363,Someone_springs_up_off_the_ground,11,True
3066,0.4766,0.4958,0.2363,Someone_performs_a_pirouette,59,True
3067,0.5028,0.47,0.2363,Someone_elevates_their_knee_to_their_chest,35,True
3068,0.6387,0.3699,0.2363,Someone_positions_their_knee_at_chest_height,83,True
3069,0.4882,0.4839,0.2363,An_individual_makes_a_high_jump,83,True
3070,0.5201,0.4543,0.2363,A_person_gives_a_round_of_applause,68,True
3071,0.4915,0.4807,0.2363,Someone_touches_their_toes_and_stands_back_up,91,True
3072,0.4559,0.5184,0.2363,A_person_pushes_an_object_that_is_hard_to_lift,7,True
3073,0.461,0.5128,0.2364,Someone_does_a_pirouette,60,True
3074,0.4503,0.5251,0.2364,A_person_raises_a_knee_to_their_chest,90,True
3075,0.4436,0.5331,0.2365,Someone_pushes_off_the_ground_and_rises,97,True
3076,0.4496,0.526,0.2365,An_individual_exerts_force_on_a_heavy_object,57,True
3077,0.501,0.472,0.2365,An_individual_reaches_down_to_their_toes_and_stands_up_straight,47,True
3078,0.4945,0.4782,0.2365,A_person_brings_their_knee_in_towards_their_chest,78,True
3079,0.4107,0.5758,0.2365,An_individual_tumbles_forward_and_then_gets_up,71,True
3080,0.5275,0.4485,0.2366,An_individual_rolls_forward_and_quickly_gets_up,58,True
3081,0.4261,0.5552,0.2366,An_individual_tries_to_push_a_heavy_thing,69,True
3082,0.4587,0.516,0.2367,A_person_gives_a_round_of_applause,57,True
3083,0.481,0.492,0.2367,Someone_gestures_with_their_left_arm,36,True
3084,0.4803,0.4928,0.2367,Someone_touches_their_toes_and_then_lifts_themselves_up,15,True
3085,0.4904,0.4826,0.2367,A_person_bends_their_leg_and_raises_their_knee_to_their_chest,41,True
3086,0.4731,0.5004,0.2367,Someone_rolls_forward_and_stands_up,8,True
3087,0.5388,0.4392,0.2367,A_person_lifts_their_knee_to_their_chest,46,True
3088,0.4856,0.4877,0.2368,A_person_bends_to_touch_their_toes_and_stands_again,12,True
3089,0.5113,0.4632,0.2368,Someone_does_a_quick_spin_in_a_pirouette,70,True
3090,0.4787,0.4946,0.2368,Someone_touches_their_toes_and_stands_back_up,75,True
3091,0.3901,0.6072,0.2369,An_individual_claps_in_celebration,51,True
3092,0.4059,0.5837,0.2369,An_individual_brings_their_knee_close_to_their_chest,84,True
3093,0.431,0.5496,0.2369,An_individual_exerts_force_on_a_heavy_object,25,True
3094,0.4797,0.4939,0.2369,A_person_brings_their_knee_in_towards_their_chest,89,True
3095,0.437,0.542,0.2369,A_person_pushes_an_object_that_is_hard_to_lift,53,True
3096,0.4554,0.5203,0.237,A_person_pushes_an_object_that_is_hard_to_lift,14,True
3097,0.5915,0.4007,0.237,Someone_positions_their_knee_at_chest_height,25,True
3098,0.4414,0.5372,0.2371,An_individual_pushes_a_heavy_object,81,True
3099,0.4953,0.4787,0.2371,Someone_performs_a_pirouette,62,True
3100,0.4727,0.5018,0.2372,Someone_rolls_in_a_forward_motion_and_stands_up,45,True
3101,0.6597,0.3595,0.2372,A_person_raises_the_right_arm_to_touch_their_head,50,True
3102,0.5231,0.4535,0.2372,Someone_performs_a_forward_roll_and_then_stands,22,True
3103,0.4663,0.5087,0.2372,A_person_pushes_an_object_that_is_hard_to_lift,16,True
3104,0.4747,0.4999,0.2373,Someone_rolls_in_a_forward_motion_and_stands_up,9,True
3105,0.469,0.506,0.2373,An_individual_reaches_down_to_their_toes_and_stands_up_straight,42,True
3106,0.4827,0.4915,0.2373,Someone_leaps_up_high,33,True
3107,0.4379,0.5418,0.2373,A_person_pushes_an_object_that_is_hard_to_lift,63,True
3108,0.5188,0.4576,0.2374,Someone_pushes_off_the_ground_and_rises,65,True
3109,0.5281,0.4496,0.2374,Someone_springs_up_off_the_ground,85,True
3110,0.4534,0.5236,0.2374,An_individual_touches_their_toes_and_returns_to_a_standing_position,40,True
3111,0.4995,0.4753,0.2374,An_individual_raises_their_right_arm_to_make_contact_with_their_head,26,True
3112,0.5876,0.404,0.2374,Someone_springs_up_off_the_ground,77,True
3113,0.4707,0.5045,0.2375,Someone_does_a_pirouette,22,True
3114,0.4576,0.5189,0.2375,An_individual_brings_their_knee_close_to_their_chest,0,True
3115,0.4379,0.5424,0.2375,Someone_pushes_a_large_object,33,True
3116,0.442,0.5373,0.2375,A_person_brings_their_knee_in_towards_their_chest,38,True
3117,0.4502,0.5276,0.2375,An_individual_pushes_something_heavy,45,True
3118,0.4318,0.5502,0.2376,An_individual_claps_in_celebration,61,True
3119,0.572,0.4155,0.2377,Someone_bends_down_to_touch_their_toes_and_then_stands_up,77,True
3120,0.5061,0.4696,0.2377,Someone_performs_a_forward_roll_and_then_stands,54,True
3121,0.4755,0.4998,0.2377,Someone_executes_a_pirouette,25,True
3122,0.4977,0.4779,0.2378,A_person_stretches_to_touch_their_toes_and_then_rises,14,True
3123,0.4578,0.5195,0.2378,Someone_performs_a_pirouette,68,True
3124,0.5427,0.4382,0.2378,A_person_pushes_an_object_that_is_hard_to_lift,72,True
3125,0.5326,0.4465,0.2378,A_person_performs_push-ups,73,True
3126,0.4709,0.5049,0.2378,An_individual_goes_down_to_touch_their_toes_and_then_stands_back_up,34,True
3127,0.4586,0.5185,0.2378,An_individual_claps_in_celebration,76,True
3128,0.4807,0.4948,0.2379,Someone_rolls_in_a_forward_motion_and_stands_up,96,True
3129,0.4999,0.4758,0.2379,Someone_does_a_quick_spin_in_a_pirouette,61,True
3130,0.5107,0.4659,0.2379,Someone_rolls_forward_and_gets_up,21,True
3131,0.444,0.5358,0.2379,A_person_rolls_forward_and_returns_to_a_standing_position,72,True
3132,0.5368,0.4431,0.2379,A_person_pulls_their_knee_up_to_their_chest,46,True
3133,0.6044,0.3937,0.2379,Someone_springs_up_off_the_ground,50,True
3134,0.4938,0.4819,0.238,An_individual_rolls_forward_and_quickly_gets_up,66,True
3135,0.5458,0.4361,0.238,Someone_elevates_their_knee_to_their_chest,15,True
3136,0.504,0.4723,0.238,An_individual_does_a_turning_pirouette,62,True
3137,0.4763,0.4998,0.2381,Someone_makes_a_full_turn_in_a_pirouette,21,True
3138,0.4936,0.4824,0.2381,A_person_applies_pressure_to_push_a_heavy_object,80,True
3139,0.5102,0.4667,0.2381,An_individual_tries_to_push_a_heavy_thing,45,True
3140,0.4672,0.5097,0.2381,An_individual_puts_their_hands_together_to_clap,1,True
3141,0.5245,0.4541,0.2382,Someone_bends_down_to_touch_their_toes_and_then_stands_up,75,True
3142,0.4748,0.5016,0.2382,A_person_bends_their_leg_and_raises_their_knee_to_their_chest,29,True
3143,0.438,0.5439,0.2382,An_individual_tumbles_forward_and_then_gets_up,44,True
3144,0.5288,0.4506,0.2383,An_individual_lifts_a_knee_up_to_their_chest,85,True
3145,0.4283,0.5564,0.2383,A_person_reaches_for_their_toes_and_gets_back_up,95,True
3146,0.4705,0.5065,0.2383,A_person_goes_up_into_the_air,36,True
3147,0.45,0.5296,0.2383,A_person_applies_pressure_to_push_a_heavy_object,5,True
3148,0.6768,0.3521,0.2383,Someone_raises_their_right_arm_to_reach_their_head,32,True
3149,0.4565,0.522,0.2383,Someone_performs_a_pirouette,80,True
3150,0.602,0.3959,0.2384,Someone_elevates_their_knee_to_their_chest,25,True
3151,0.449,0.5309,0.2384,An_individual_pushes_a_heavy_item,53,True
3152,0.4783,0.4984,0.2384,A_person_does_a_forward_roll_and_gets_up,52,True
3153,0.4863,0.4902,0.2384,Someone_executes_a_pirouette,97,True
3154,0.4349,0.5484,0.2385,An_individual_jumps_up_into_the_air,51,True
3155,0.4455,0.5353,0.2385,Someone_does_a_pirouette,21,True
3156,0.5578,0.4275,0.2385,Someone_brings_their_hands_together_to_clap,11,True
3157,0.535,0.4459,0.2385,A_person_rotates_in_a_pirouette,83,True
3158,0.5058,0.4716,0.2385,An_individual_engages_in_push-ups,11,True
3159,0.4713,0.506,0.2385,An_individual_lifts_a_knee_up_to_their_chest,72,True
3160,0.411,0.5805,0.2386,An_individual_rolls_forward_and_rises,29,True
3161,0.4466,0.5342,0.2386,Someone_does_a_pirouette,84,True
3162,0.4895,0.4874,0.2386,A_person_reaches_for_their_toes_and_gets_back_up,11,True
3163,0.4505,0.5298,0.2387,An_individual_pushes_a_heavy_object,20,True
3164,0.3977,0.6002,0.2387,A_person_performs_a_clap,81,True
3165,0.4934,0.4838,0.2387,A_person_gives_a_round_of_applause,73,True
3166,0.3813,0.626,0.2387,An_individual_pushes_a_heavy_item,36,True
3167,0.506,0.4717,0.2387,Someone_elevates_their_knee_to_their_chest,79,True
3168,0.4782,0.4994,0.2388,Someone_elevates_their_knee_to_their_chest,72,True
3169,0.5249,0.4549,0.2388,Someone_elevates_their_knee_to_their_chest,84,True
3170,0.5562,0.4294,0.2388,Someone_bends_down_to_touch_their_toes_and_then_stands_up,20,True
3171,0.5461,0.4373,0.2388,A_person_pulls_their_knee_up_to_their_chest,16,True
3172,0.4746,0.5032,0.2388,Someone_does_push-up_exercises,76,True
3173,0.5434,0.4397,0.2389,A_person_claps,74,True
3174,0.5434,0.4397,0.2389,A_person_performs_push-ups,17,True
3175,0.452,0.5284,0.2389,A_person_swings_their_left_arm_back_and_forth,92,True
3176,0.4245,0.5632,0.239,A_person_moves_a_heavy_object_by_pushing,19,True
3177,0.5798,0.4122,0.239,A_person_brings_their_knee_in_towards_their_chest,96,True
3178,0.4477,0.5338,0.239,Someone_is_moving_a_bulky_object_by_pushing,28,True
3179,0.4964,0.4814,0.239,An_individual_puts_their_hands_together_to_clap,28,True
3180,0.4446,0.5377,0.2391,A_person_moves_a_heavy_object_by_pushing,84,True
3181,0.5061,0.4725,0.2391,Someone_is_moving_a_bulky_object_by_pushing,25,True
3182,0.4661,0.5131,0.2391,Someone_is_moving_a_bulky_object_by_pushing,3,True
3183,0.5069,0.4718,0.2391,Someone_positions_their_knee_at_chest_height,12,True
3184,0.4715,0.5074,0.2392,Someone_executes_a_pirouette,14,True
3185,0.4472,0.5348,0.2392,A_person_pushes_an_object_that_is_hard_to_lift,83,True
3186,0.4318,0.5539,0.2392,An_individual_completes_a_pirouette,38,True
3187,0.49,0.4882,0.2392,A_person_bends_their_leg_and_raises_their_knee_to_their_chest,18,True
3188,0.5028,0.4758,0.2393,An_individual_goes_down_to_touch_their_toes_and_then_stands_back_up,8,True
3189,0.4894,0.4891,0.2393,An_individual_raises_their_right_arm_to_make_contact_with_their_head,44,True
3190,0.4394,0.5445,0.2393,An_individual_pushes_something_heavy,97,True
3191,0.4752,0.5038,0.2394,A_person_pushes_an_object_that_is_hard_to_lift,79,True
3192,0.5242,0.4567,0.2394,A_person_moves_a_heavy_object_by_pushing,61,True
3193,0.5024,0.4764,0.2394,Someone_rolls_forward_and_stands_up,42,True
3194,0.5125,0.4671,0.2394,Someone_performs_a_forward_roll_and_then_stands,33,True
3195,0.4371,0.5478,0.2395,Someone_does_a_pirouette,39,True
3196,0.4721,0.5074,0.2395,Someone_does_push-up_exercises,43,True
3197,0.542,0.4419,0.2395,Someone_leans_down_to_touch_their_toes_and_stands_back_up,57,True
3198,0.5142,0.466,0.2396,Someone_pushes_off_the_ground_and_rises,94,True
3199,0.4624,0.5183,0.2396,An_individual_goes_down_to_touch_their_toes_and_then_stands_back_up,26,True
3200,0.5487,0.4367,0.2396,A_person_lifts_their_knee_to_their_chest,48,True
3201,0.4234,0.5661,0.2397,An_individual_exerts_force_on_a_heavy_object,97,True
3202,0.4347,0.5515,0.2397,A_person_does_a_high_jump,29,True
3203,0.4335,0.5531,0.2397,An_individual_tries_to_push_a_heavy_thing,26,True
3204,0.5851,0.4098,0.2398,Someone_bends_down_to_touch_their_toes_and_then_stands_up,8,True
3205,0.4233,0.5666,0.2398,An_individual_pushes_a_heavy_object,63,True
3206,0.5295,0.4528,0.2398,Someone_elevates_their_knee_to_their_chest,9,True
3207,0.5333,0.4499,0.2399,A_person_practices_push-ups,75,True
3208,0.46,0.5216,0.2399,Someone_shoves_a_weighty_object,99,True
3209,0.5116,0.4689,0.2399,A_person_pushes_an_object_that_is_hard_to_lift,98,True
3210,0.4521,0.5307,0.2399,A_person_does_a_high_jump,1,True
3211,0.46,0.5215,0.2399,An_individual_puts_their_hands_together_to_clap,88,True
3212,0.5205,0.4608,0.2399,Someone_does_a_quick_spin_in_a_pirouette,64,True
3213,0.4752,0.5049,0.2399,Someone_rolls_in_a_forward_motion_and_stands_up,36,True
3214,0.4777,0.5023,0.2399,An_individual_dances_a_pirouette,43,True
3215,0.4622,0.5191,0.2399,An_individual_pushes_a_heavy_object,11,True
3216,0.5023,0.4776,0.2399,An_individual_raises_their_right_arm_to_make_contact_with_their_head,3,True
3217,0.4819,0.498,0.24,An_individual_exerts_force_on_a_heavy_object,17,True
3218,0.5198,0.4618,0.24,A_person_bends_to_touch_their_toes_and_stands_again,4,True
3219,0.4647,0.5165,0.24,A_person_claps,87,True
3220,0.5331,0.4504,0.2401,An_individual_tries_to_push_a_heavy_thing,61,True
3221,0.4667,0.5147,0.2402,A_person_rolls_ahead_and_gets_back_on_their_feet,4,True
3222,0.4532,0.5301,0.2402,An_individual_completes_a_pirouette,6,True
3223,0.5148,0.4666,0.2402,Someone_makes_a_full_turn_in_a_pirouette,8,True
3224,0.4397,0.5463,0.2402,A_person_does_a_high_jump,71,True
3225,0.5482,0.4381,0.2402,A_person_rotates_in_a_pirouette,26,True
3226,0.5171,0.4645,0.2402,An_individual_does_a_turning_pirouette,23,True
3227,0.4473,0.5371,0.2402,Someone_does_push-up_exercises,29,True
3228,0.4738,0.5072,0.2403,Someone_applauds_by_clapping,65,True
3229,0.4717,0.5095,0.2403,Someone_does_a_quick_spin_in_a_pirouette,34,True
3230,0.4329,0.5553,0.2404,A_person_goes_up_into_the_air,13,True
3231,0.4603,0.5222,0.2404,An_individual_rolls_forward_and_quickly_gets_up,45,True
3232,0.4048,0.5938,0.2404,A_person_gives_a_round_of_applause,39,True
3233,0.5966,0.4029,0.2404,A_person_carries_out_push-ups,48,True
3234,0.4705,0.5109,0.2404,An_individual_completes_a_pirouette,40,True
3235,0.4846,0.496,0.2404,An_individual_tries_to_push_a_heavy_thing,83,True
3236,0.4613,0.5213,0.2405,Someone_moves_forward_by_rolling_and_then_stands,79,True
3237,0.5235,0.4593,0.2405,Someone_springs_up_off_the_ground,59,True
3238,0.5477,0.439,0.2405,Someone_brings_their_hands_together_to_clap,74,True
3239,0.5115,0.4701,0.2405,An_individual_lifts_a_knee_up_to_their_chest,38,True
3240,0.4712,0.5104,0.2405,An_individual_raises_their_right_arm_to_make_contact_with_their_head,39,True
3241,0.4663,0.5158,0.2405,An_individual_claps_in_celebration,40,True
3242,0.5141,0.468,0.2406,An_individual_goes_down_to_touch_their_toes_and_then_stands_back_up,90,True
3243,0.5122,0.4697,0.2406,An_individual_jumps_up_into_the_air,50,True
3244,0.4085,0.589,0.2406,A_person_performs_a_clap,98,True
3245,0.4776,0.5039,0.2406,A_person_bends_their_leg_and_raises_their_knee_to_their_chest,7,True
3246,0.4301,0.5593,0.2406,An_individual_rolls_forward_and_rises,17,True
3247,0.5694,0.4226,0.2406,An_individual_reaches_down_to_their_toes_and_stands_up_straight,93,True
3248,0.454,0.53,0.2406,An_individual_completes_a_pirouette,29,True
3249,0.4474,0.5377,0.2406,An_individual_tumbles_forward_and_then_gets_up,7,True
3250,0.4659,0.5167,0.2407,An_individual_brings_their_knee_close_to_their_chest,76,True
3251,0.4379,0.5498,0.2407,A_person_gives_a_round_of_applause,23,True
3252,0.445,0.5408,0.2407,An_individual_pushes_something_heavy,62,True
3253,0.4498,0.5353,0.2408,Someone_does_a_pirouette,17,True
3254,0.4029,0.5977,0.2408,An_individual_exerts_force_on_a_heavy_object,35,True
3255,0.5069,0.4751,0.2408,An_individual_exerts_force_on_a_heavy_object,34,True
3256,0.4773,0.5044,0.2408,Someone_does_a_pirouette,16,True
3257,0.4459,0.5401,0.2408,Someone_pushes_off_the_ground_and_rises,21,True
3258,0.4443,0.542,0.2408,An_individual_exerts_force_on_a_heavy_object,47,True
3259,0.4232,0.569,0.2408,A_person_claps_their_hands,25,True
3260,0.4417,0.5451,0.2408,A_person_rolls_ahead_and_gets_back_on_their_feet,13,True
3261,0.5819,0.414,0.2409,An_individual_dances_a_pirouette,5,True
3262,0.4033,0.5973,0.2409,A_person_rolls_ahead_and_gets_back_on_their_feet,1,True
3263,0.4888,0.4929,0.2409,Someone_pushes_off_the_ground_and_rises,56,True
3264,0.502,0.4798,0.2409,Someone_performs_a_forward_roll_and_then_stands,31,True
3265,0.4508,0.5344,0.2409,A_person_pushes_an_object_that_is_hard_to_lift,89,True
3266,0.4789,0.5031,0.2409,A_person_rolls_ahead_and_gets_back_on_their_feet,60,True
3267,0.405,0.5951,0.241,An_individual_rolls_forward_and_quickly_gets_up,9,True
3268,0.6292,0.383,0.241,An_individual_extends_their_right_arm_to_their_head,92,True
3269,0.4028,0.5983,0.241,Someone_does_push-up_exercises,86,True
3270,0.4732,0.5092,0.241,A_person_pushes_an_object_that_is_hard_to_lift,68,True
3271,0.4716,0.5111,0.241,Someone_shoves_a_weighty_object,49,True
3272,0.5625,0.4286,0.2411,Someone_bends_down_to_touch_their_toes_and_then_stands_up,38,True
3273,0.4873,0.4948,0.2411,A_person_rolls_ahead_and_gets_back_on_their_feet,75,True
3274,0.4395,0.5486,0.2411,Someone_does_push-up_exercises,28,True
3275,0.4836,0.4986,0.2411,A_person_practices_push-ups,6,True
3276,0.5649,0.4267,0.2411,A_person_rotates_in_a_pirouette,85,True
3277,0.4611,0.5232,0.2412,Someone_executes_a_pirouette,58,True
3278,0.5056,0.477,0.2412,An_individual_tumbles_forward_and_then_gets_up,95,True
3279,0.4963,0.486,0.2412,Someone_moves_forward_by_rolling_and_then_stands,66,True
3280,0.4783,0.5045,0.2413,Someone_executes_a_pirouette,42,True
3281,0.4938,0.4885,0.2413,A_person_pulls_their_knee_up_to_their_chest,49,True
3282,0.4697,0.5138,0.2413,A_person_does_a_forward_roll_and_gets_up,10,True
3283,0.4374,0.5516,0.2413,A_person_applies_pressure_to_push_a_heavy_object,82,True
3284,0.5747,0.4198,0.2413,A_person_swings_their_left_arm_back_and_forth,18,True
3285,0.4284,0.5634,0.2413,An_individual_tries_to_push_a_heavy_thing,38,True
3286,0.4525,0.5335,0.2414,A_person_pushes_an_object_that_is_hard_to_lift,57,True
3287,0.484,0.4988,0.2414,Someone_moves_forward_by_rolling_and_then_stands,43,True
3288,0.434,0.5562,0.2414,Someone_is_moving_a_bulky_object_by_pushing,26,True
3289,0.4754,0.5077,0.2414,Someone_touches_their_toes_and_stands_back_up,69,True
3290,0.5016,0.4814,0.2414,A_person_rotates_in_a_pirouette,34,True
3291,0.5493,0.4396,0.2415,A_person_bends_to_touch_their_toes_and_stands_again,90,True
3292,0.5177,0.4665,0.2415,An_individual_raises_their_right_arm_to_make_contact_with_their_head,27,True
3293,0.4496,0.537,0.2415,Someone_performs_a_pirouette,36,True
3294,0.5583,0.4325,0.2415,Someone_does_a_quick_spin_in_a_pirouette,11,True
3295,0.5493,0.4396,0.2415,An_individual_does_a_turning_pirouette,56,True
3296,0.3735,0.6467,0.2415,A_person_applies_pressure_to_push_a_heavy_object,13,True
3297,0.4941,0.4887,0.2415,Someone_rolls_forward_and_stands_up,52,True
3298,0.5846,0.4132,0.2416,An_individual_reaches_down_to_their_toes_and_stands_up_straight,39,True
3299,0.555,0.4355,0.2417,Someone_does_a_quick_spin_in_a_pirouette,24,True
3300,0.4527,0.5339,0.2417,An_individual_claps_in_celebration,59,True
3301,0.5167,0.4678,0.2417,A_person_bends_their_leg_and_raises_their_knee_to_their_chest,26,True
3302,0.5338,0.4528,0.2417,A_person_bends_to_touch_their_toes_and_stands_again,14,True
3303,0.4562,0.5298,0.2417,Someone_does_a_pirouette,87,True
3304,0.4905,0.4928,0.2417,Someone_executes_a_pirouette,81,True
3305,0.4346,0.5565,0.2418,An_individual_raises_a_knee_towards_their_chest,9,True
3306,0.4081,0.5926,0.2418,Someone_pushes_off_the_ground_and_rises,66,True
3307,0.5074,0.4767,0.2418,A_person_gives_a_round_of_applause,28,True
3308,0.4194,0.5766,0.2418,A_person_jumps_really_high,62,True
3309,0.5819,0.4157,0.2419,Someone_reaches_up_with_their_right_arm_to_their_head,95,True
3310,0.5231,0.4625,0.2419,Someone_bends_down_to_touch_their_toes_and_then_stands_up,74,True
3311,0.4676,0.5174,0.2419,A_person_lifts_their_knee_to_their_chest,41,True
3312,0.552,0.4382,0.2419,A_person_bends_to_touch_their_toes_and_stands_again,85,True
3313,0.4427,0.5465,0.2419,An_individual_exerts_force_on_a_heavy_object,90,True
3314,0.4306,0.562,0.242,Someone_pushes_a_large_object,4,True
3315,0.525,0.4609,0.242,Someone_rolls_forward_and_stands_up,91,True
3316,0.4566,0.53,0.242,Someone_pushes_a_large_object,70,True
3317,0.4289,0.5641,0.242,A_person_reaches_for_their_toes_and_gets_back_up,71,True
3318,0.4852,0.4988,0.242,Someone_leaps_up_high,61,True
3319,0.3939,0.6146,0.2421,An_individual_claps_in_celebration,41,True
3320,0.5918,0.4091,0.2421,A_person_carries_out_push-ups,93,True
3321,0.4334,0.5586,0.2421,An_individual_pushes_a_heavy_object,69,True
3322,0.5059,0.4786,0.2421,Someone_rolls_in_a_forward_motion_and_stands_up,11,True
3323,0.5785,0.4185,0.2421,An_individual_brings_their_knee_close_to_their_chest,14,True
3324,0.4349,0.5568,0.2421,A_person_gives_a_round_of_applause,91,True
3325,0.5915,0.4095,0.2422,A_person_bends_to_touch_their_toes_and_stands_again,11,True
3326,0.4754,0.5096,0.2422,A_person_gives_a_round_of_applause,24,True
3327,0.4569,0.53,0.2422,An_individual_tumbles_forward_and_then_gets_up,90,True
3328,0.4412,0.549,0.2422,A_person_claps,69,True
3329,0.4396,0.5509,0.2422,An_individual_claps_in_celebration,44,True
3330,0.4639,0.522,0.2422,A_person_pushes_an_object_that_is_hard_to_lift,34,True
3331,0.5607,0.4319,0.2422,Someone_performs_a_forward_roll_and_then_stands,52,True
3332,0.4521,0.5356,0.2422,Someone_pushes_a_large_object,21,True
3333,0.5329,0.4547,0.2423,A_person_pulls_their_knee_up_to_their_chest,29,True
3334,0.4464,0.5428,0.2423,Someone_positions_their_knee_at_chest_height,37,True
3335,0.4378,0.5534,0.2423,An_individual_tumbles_forward_and_then_gets_up,64,True
3336,0.5408,0.4481,0.2423,An_individual_raises_their_right_arm_to_make_contact_with_their_head,45,True
3337,0.4271,0.5672,0.2423,Someone_touches_their_toes_and_stands_back_up,88,True
3338,0.5402,0.4486,0.2423,Someone_touches_their_toes_and_stands_back_up,92,True
3339,0.4374,0.5542,0.2424,A_person_performs_a_clap,58,True
3340,0.4615,0.5253,0.2424,A_person_claps,77,True
3341,0.4671,0.5189,0.2424,Someone_leans_down_to_touch_their_toes_and_stands_back_up,79,True
3342,0.4707,0.5149,0.2424,A_person_moves_a_heavy_object_by_pushing,79,True
3343,0.4337,0.5591,0.2424,An_individual_tries_to_push_a_heavy_thing,40,True
3344,0.5674,0.4272,0.2424,Someone_bends_down_to_touch_their_toes_and_then_stands_up,5,True
3345,0.5446,0.4453,0.2425,Someone_rolls_in_a_forward_motion_and_stands_up,29,True
3346,0.4664,0.52,0.2425,An_individual_pushes_something_heavy,88,True
3347,0.4451,0.5448,0.2425,An_individual_pushes_a_heavy_object,73,True
3348,0.5369,0.4519,0.2426,Someone_bends_down_to_touch_their_toes_and_then_stands_up,10,True
3349,0.4495,0.5397,0.2426,A_person_does_a_high_jump,44,True
3350,0.4732,0.5129,0.2427,Someone_does_a_pirouette,38,True
3351,0.5911,0.4106,0.2427,Someone_rolls_forward_and_stands_up,84,True
3352,0.503,0.4825,0.2427,Someone_leans_down_to_touch_their_toes_and_stands_back_up,72,True
3353,0.4706,0.5158,0.2427,A_person_claps,9,True
3354,0.4703,0.5164,0.2428,An_individual_rolls_forward_and_rises,58,True
3355,0.5173,0.4693,0.2428,A_person_goes_up_into_the_air,59,True
3356,0.4539,0.5352,0.2429,Someone_performs_a_pirouette,44,True
3357,0.4649,0.5225,0.2429,A_person_does_a_high_jump,16,True
3358,0.5587,0.4348,0.2429,Someone_elevates_their_knee_to_their_chest,20,True
3359,0.4776,0.5088,0.243,An_individual_exerts_force_on_a_heavy_object,5,True
3360,0.5122,0.4744,0.243,A_person_bends_to_touch_their_toes_and_stands_again,48,True
3361,0.4148,0.5859,0.243,A_person_rolls_forward_and_returns_to_a_standing_position,51,True
3362,0.4352,0.5583,0.243,An_individual_pushes_a_heavy_object,3,True
3363,0.5303,0.4582,0.243,Someone_positions_their_knee_at_chest_height,67,True
3364,0.474,0.5129,0.2431,An_individual_pushes_a_heavy_object,1,True
3365,0.5026,0.4837,0.2431,An_individual_does_a_turning_pirouette,88,True
3366,0.5162,0.471,0.2431,A_person_rolls_forward_and_returns_to_a_standing_position,42,True
3367,0.4836,0.5028,0.2431,An_individual_touches_their_toes_and_returns_to_a_standing_position,60,True
3368,0.5097,0.4773,0.2433,An_individual_lifts_a_knee_up_to_their_chest,69,True
3369,0.4776,0.5093,0.2433,Someone_does_push-up_exercises,23,True
3370,0.4572,0.5321,0.2433,An_individual_hops_up_high,35,True
3371,0.462,0.5265,0.2433,A_person_goes_up_into_the_air,75,True
3372,0.4773,0.5097,0.2433,A_person_applies_pressure_to_push_a_heavy_object,85,True
3373,0.521,0.4671,0.2434,A_person_bends_to_touch_their_toes_and_stands_again,21,True
3374,0.5505,0.4421,0.2434,Someone_brings_their_knee_up_to_their_chest,25,True
3375,0.4377,0.556,0.2434,A_person_does_a_high_jump,33,True
3376,0.5534,0.4397,0.2434,An_individual_tumbles_forward_and_then_gets_up,24,True
3377,0.4522,0.5383,0.2434,An_individual_pushes_a_heavy_object,16,True
3378,0.4857,0.501,0.2434,An_individual_does_a_turning_pirouette,25,True
3379,0.4728,0.515,0.2435,Someone_does_a_pirouette,1,True
3380,0.4671,0.5213,0.2435,Someone_rolls_in_a_forward_motion_and_stands_up,42,True
3381,0.4678,0.5204,0.2435,Someone_does_a_quick_spin_in_a_pirouette,75,True
3382,0.4503,0.5407,0.2435,Someone_executes_a_pirouette,22,True
3383,0.5241,0.4649,0.2436,Someone_performs_a_pirouette,57,True
3384,0.4482,0.5435,0.2436,Someone_is_moving_a_bulky_object_by_pushing,52,True
3385,0.4245,0.5737,0.2436,An_individual_pushes_a_heavy_object,29,True
3386,0.5446,0.4474,0.2436,Someone_bends_down_to_touch_their_toes_and_then_stands_up,18,True
3387,0.4945,0.4927,0.2436,Someone_touches_their_toes_and_stands_back_up,84,True
3388,0.4415,0.5516,0.2436,An_individual_pushes_a_heavy_item,96,True
3389,0.4903,0.4968,0.2436,An_individual_tries_to_push_a_heavy_thing,44,True
3390,0.4262,0.5718,0.2437,An_individual_rolls_forward_and_rises,22,True
3391,0.4791,0.5086,0.2437,A_person_goes_up_into_the_air,18,True
3392,0.4539,0.5369,0.2437,A_person_rolls_ahead_and_gets_back_on_their_feet,86,True
3393,0.5124,0.4756,0.2437,A_person_reaches_for_their_toes_and_gets_back_up,8,True
3394,0.5959,0.409,0.2437,An_individual_lifts_a_knee_up_to_their_chest,83,True
3395,0.5783,0.4216,0.2438,Someone_springs_up_off_the_ground,56,True
3396,0.5659,0.4309,0.2438,An_individual_engages_in_push-ups,33,True
3397,0.4645,0.525,0.2438,A_person_does_a_forward_roll_and_gets_up,3,True
3398,0.4649,0.5244,0.2438,An_individual_brings_their_knee_close_to_their_chest,7,True
3399,0.4429,0.5507,0.2439,Someone_executes_a_pirouette,39,True
3400,0.5071,0.481,0.2439,Someone_does_a_pirouette,53,True
3401,0.4137,0.5895,0.2439,A_person_performs_a_clap,70,True
3402,0.5738,0.4252,0.244,An_individual_engages_in_push-ups,6,True
3403,0.6352,0.3841,0.244,An_individual_waves_hello_with_their_left_arm,94,True
3404,0.5106,0.4779,0.244,Someone_leaps_up_high,67,True
3405,0.5358,0.4555,0.2441,An_individual_lifts_a_knee_up_to_their_chest,29,True
3406,0.4703,0.519,0.2441,A_person_reaches_for_their_toes_and_gets_back_up,58,True
3407,0.476,0.5129,0.2441,Someone_brings_their_knee_up_to_their_chest,8,True
3408,0.5407,0.4515,0.2441,A_person_bends_their_leg_and_raises_their_knee_to_their_chest,99,True
3409,0.5524,0.442,0.2441,A_person_swings_their_left_arm_back_and_forth,44,True
3410,0.4699,0.5196,0.2442,A_person_pushes_an_object_that_is_hard_to_lift,85,True
3411,0.4558,0.5357,0.2442,An_individual_completes_a_pirouette,92,True
3412,0.5788,0.4219,0.2442,Someone_bends_down_to_touch_their_toes_and_then_stands_up,99,True
3413,0.4653,0.5248,0.2442,An_individual_pushes_something_heavy,73,True
3414,0.5693,0.429,0.2442,A_person_brings_their_knee_in_towards_their_chest,30,True
3415,0.5256,0.4647,0.2442,Someone_touches_their_toes_and_then_lifts_themselves_up,22,True
3416,0.5019,0.4868,0.2443,A_person_brings_their_knee_in_towards_their_chest,7,True
3417,0.4368,0.5593,0.2443,A_person_pulls_their_knee_up_to_their_chest,38,True
3418,0.5962,0.4098,0.2443,Someone_brings_their_hands_together_to_clap,68,True
3419,0.4188,0.5833,0.2443,A_person_moves_a_heavy_object_by_pushing,8,True
3420,0.4664,0.5239,0.2443,An_individual_claps_in_celebration,35,True
3421,0.4599,0.5313,0.2443,An_individual_makes_a_high_jump,22,True
3422,0.425,0.5752,0.2444,A_person_performs_a_clap,6,True
3423,0.4742,0.5154,0.2444,An_individual_pushes_a_heavy_object,64,True
3424,0.5004,0.4885,0.2444,An_individual_lifts_a_knee_up_to_their_chest,43,True
3425,0.5382,0.4541,0.2444,An_individual_brings_their_knee_close_to_their_chest,35,True
3426,0.5318,0.4596,0.2444,Someone_leans_down_to_touch_their_toes_and_stands_back_up,1,True
3427,0.5121,0.4775,0.2445,Someone_brings_their_knee_up_to_their_chest,35,True
3428,0.5329,0.4588,0.2445,Someone_does_a_quick_spin_in_a_pirouette,8,True
3429,0.5529,0.4423,0.2445,A_person_rolls_ahead_and_gets_back_on_their_feet,14,True
3430,0.4684,0.5219,0.2445,A_person_stretches_to_touch_their_toes_and_then_rises,21,True
3431,0.4186,0.5842,0.2445,Someone_does_push-up_exercises,0,True
3432,0.5502,0.4445,0.2445,A_person_turns_around_in_a_pirouette,61,True
3433,0.4445,0.5503,0.2446,A_person_claps,81,True
3434,0.4457,0.5488,0.2446,An_individual_pushes_something_heavy,90,True
3435,0.5136,0.4763,0.2446,An_individual_touches_their_toes_and_returns_to_a_standing_position,49,True
3436,0.4404,0.5553,0.2446,A_person_moves_a_heavy_object_by_pushing,22,True
3437,0.4931,0.496,0.2446,A_person_bends_their_leg_and_raises_their_knee_to_their_chest,85,True
3438,0.4682,0.5227,0.2447,A_person_gives_a_round_of_applause,12,True
3439,0.4191,0.5837,0.2447,An_individual_puts_their_hands_together_to_clap,45,True
3440,0.4727,0.5177,0.2447,A_person_lifts_their_knee_to_their_chest,79,True
3441,0.4413,0.5545,0.2447,Someone_pushes_a_large_object,26,True
3442,0.4544,0.5386,0.2447,A_person_does_a_forward_roll_and_gets_up,40,True
3443,0.4493,0.5447,0.2447,A_person_moves_a_heavy_object_by_pushing,74,True
3444,0.5314,0.4606,0.2448,An_individual_puts_their_hands_together_to_clap,57,True
3445,0.535,0.4576,0.2448,Someone_leans_down_to_touch_their_toes_and_stands_back_up,75,True
3446,0.4797,0.5102,0.2448,Someone_performs_a_forward_roll_and_then_stands,18,True
3447,0.5503,0.4447,0.2448,A_person_spins_in_a_pirouette,97,True
3448,0.4452,0.5499,0.2448,Someone_is_moving_a_bulky_object_by_pushing,34,True
3449,0.5306,0.4613,0.2448,Someone_does_a_pirouette,55,True
3450,0.4974,0.4923,0.2449,Someone_does_a_pirouette,15,True
3451,0.4693,0.522,0.2449,An_individual_completes_a_pirouette,88,True
3452,0.6573,0.3726,0.2449,Someone_waves_with_their_left_arm,89,True
3453,0.5333,0.4594,0.245,Someone_positions_their_knee_at_chest_height,90,True
3454,0.4609,0.5317,0.245,Someone_performs_a_forward_roll_and_then_stands,79,True
3455,0.4736,0.5173,0.245,A_person_pushes_an_object_that_is_hard_to_lift,5,True
3456,0.4328,0.5663,0.2451,Someone_performs_a_pirouette,78,True
3457,0.4584,0.5347,0.2451,An_individual_pushes_something_heavy,26,True
3458,0.5414,0.4527,0.2451,Someone_bends_down_to_touch_their_toes_and_then_stands_up,24,True
3459,0.4231,0.5792,0.2451,An_individual_pushes_something_heavy,3,True
3460,0.5541,0.4425,0.2451,An_individual_brings_their_knee_close_to_their_chest,40,True
3461,0.5237,0.4683,0.2452,Someone_brings_their_knee_up_to_their_chest,44,True
3462,0.4265,0.5748,0.2452,A_person_performs_a_clap,96,True
3463,0.5896,0.4159,0.2452,Someone_brings_their_hands_together_to_clap,62,True
3464,0.4271,0.5742,0.2452,Someone_is_moving_a_bulky_object_by_pushing,32,True
3465,0.4548,0.5392,0.2452,A_person_moves_a_heavy_object_by_pushing,29,True
3466,0.5176,0.4737,0.2452,Someone_elevates_their_knee_to_their_chest,50,True
3467,0.45,0.5449,0.2452,An_individual_jumps_up_into_the_air,60,True
3468,0.5146,0.4767,0.2453,An_individual_raises_their_right_arm_to_make_contact_with_their_head,74,True
3469,0.4657,0.5267,0.2453,Someone_pushes_off_the_ground_and_rises,37,True
3470,0.4424,0.5544,0.2453,Someone_does_push-up_exercises,47,True
3471,0.4289,0.5722,0.2454,A_person_moves_a_heavy_object_by_pushing,58,True
3472,0.4493,0.546,0.2454,A_person_swings_their_left_arm_back_and_forth,41,True
3473,0.4356,0.5634,0.2454,Someone_does_a_pirouette,28,True
3474,0.4937,0.4973,0.2455,An_individual_touches_their_toes_and_returns_to_a_standing_position,57,True
3475,0.5339,0.4597,0.2455,A_person_raises_the_right_arm_to_touch_their_head,78,True
3476,0.5434,0.452,0.2456,An_individual_rolls_forward_and_quickly_gets_up,50,True
3477,0.4985,0.4927,0.2456,Someone_does_a_quick_spin_in_a_pirouette,98,True
3478,0.5315,0.4621,0.2456,A_person_brings_their_knee_in_towards_their_chest,17,True
3479,0.532,0.4616,0.2456,Someone_brings_their_knee_up_to_their_chest,48,True
3480,0.4645,0.529,0.2457,An_individual_tumbles_forward_and_then_gets_up,3,True
3481,0.5464,0.4496,0.2457,A_person_performs_push-ups,31,True
3482,0.4685,0.5245,0.2457,A_person_claps,71,True
3483,0.584,0.4208,0.2458,A_person_bends_their_leg_and_raises_their_knee_to_their_chest,48,True
3484,0.4952,0.4963,0.2458,A_person_bends_their_leg_and_raises_their_knee_to_their_chest,83,True
3485,0.5711,0.4305,0.2458,Someone_touches_their_toes_and_then_lifts_themselves_up,21,True
3486,0.4482,0.5485,0.2458,Someone_pushes_a_large_object,96,True
3487,0.4384,0.5608,0.2458,An_individual_claps_in_celebration,64,True
3488,0.5042,0.4877,0.2459,An_individual_lifts_a_knee_up_to_their_chest,96,True
3489,0.4164,0.5909,0.246,Someone_is_moving_a_bulky_object_by_pushing,10,True
3490,0.4575,0.5379,0.2461,An_individual_touches_their_toes_and_returns_to_a_standing_position,25,True
3491,0.5428,0.4534,0.2461,A_person_performs_push-ups,68,True
3492,0.4596,0.5357,0.2462,Someone_pushes_a_large_object,56,True
3493,0.3983,0.6185,0.2463,A_person_goes_up_into_the_air,38,True
3494,0.4535,0.5431,0.2463,An_individual_completes_a_pirouette,35,True
3495,0.4469,0.5514,0.2464,Someone_leaps_up_high,77,True
3496,0.4525,0.5446,0.2464,A_person_gives_a_round_of_applause,34,True
3497,0.4416,0.558,0.2464,A_person_claps,14,True
3498,0.4692,0.5252,0.2464,An_individual_pushes_something_heavy,57,True
3499,0.4878,0.5053,0.2465,A_person_swings_their_left_arm_back_and_forth,6,True
3500,0.4342,0.5678,0.2465,An_individual_tries_to_push_a_heavy_thing,94,True
3501,0.5675,0.4344,0.2465,A_person_turns_around_in_a_pirouette,33,True
3502,0.4731,0.521,0.2465,An_individual_touches_their_toes_and_returns_to_a_standing_position,78,True
3503,0.5165,0.4772,0.2465,Someone_executes_a_pirouette,68,True
3504,0.5355,0.4605,0.2466,Someone_pushes_off_the_ground_and_rises,81,True
3505,0.501,0.4922,0.2466,An_individual_completes_a_pirouette,31,True
3506,0.455,0.542,0.2466,A_person_brings_their_knee_in_towards_their_chest,60,True
3507,0.4563,0.5405,0.2466,An_individual_rolls_forward_and_quickly_gets_up,52,True
3508,0.5073,0.4863,0.2467,An_individual_exerts_force_on_a_heavy_object,36,True
3509,0.5018,0.4916,0.2467,A_person_pushes_an_object_that_is_hard_to_lift,23,True
3510,0.4525,0.5452,0.2467,Someone_touches_their_toes_and_then_lifts_themselves_up,29,True
3511,0.5005,0.4929,0.2467,Someone_performs_a_pirouette,45,True
3512,0.5585,0.4416,0.2467,An_individual_rolls_forward_and_quickly_gets_up,8,True
3513,0.4786,0.5157,0.2468,An_individual_tries_to_push_a_heavy_thing,1,True
3514,0.4721,0.5227,0.2468,A_person_gives_a_round_of_applause,98,True
3515,0.4521,0.5462,0.2469,An_individual_pushes_a_heavy_object,67,True
3516,0.5801,0.4256,0.2469,A_person_applies_pressure_to_push_a_heavy_object,38,True
3517,0.4517,0.5465,0.2469,Someone_is_moving_a_bulky_object_by_pushing,92,True
3518,0.4869,0.507,0.2469,Someone_shoves_a_weighty_object,93,True
3519,0.5825,0.4239,0.2469,An_individual_brings_their_knee_close_to_their_chest,33,True
3520,0.5704,0.4331,0.247,A_person_practices_push-ups,88,True
3521,0.498,0.4961,0.247,An_individual_touches_their_toes_and_returns_to_a_standing_position,84,True
3522,0.5465,0.452,0.247,A_person_brings_their_knee_in_towards_their_chest,45,True
3523,0.5267,0.469,0.247,Someone_shoves_a_weighty_object,52,True
3524,0.4824,0.5121,0.2471,An_individual_jumps_up_into_the_air,31,True
3525,0.5184,0.4769,0.2472,A_person_bends_their_leg_and_raises_their_knee_to_their_chest,1,True
3526,0.4981,0.4963,0.2472,Someone_does_a_pirouette,13,True
3527,0.4569,0.541,0.2472,An_individual_makes_a_clapping_motion,55,True
3528,0.4893,0.5054,0.2473,A_person_pulls_their_knee_up_to_their_chest,34,True
3529,0.4364,0.5666,0.2473,A_person_jumps_really_high,89,True
3530,0.5452,0.4537,0.2473,An_individual_goes_down_to_touch_their_toes_and_then_stands_back_up,71,True
3531,0.5088,0.486,0.2473,Someone_does_a_pirouette,37,True
3532,0.4864,0.5087,0.2474,Someone_pushes_off_the_ground_and_rises,88,True
3533,0.6188,0.3998,0.2474,An_individual_extends_their_right_arm_to_their_head,23,True
3534,0.4922,0.5025,0.2474,An_individual_dances_a_pirouette,71,True
3535,0.4744,0.5215,0.2474,An_individual_lifts_a_knee_up_to_their_chest,93,True
3536,0.4669,0.53,0.2474,A_person_does_a_high_jump,65,True
3537,0.5063,0.489,0.2475,A_person_bends_their_leg_and_raises_their_knee_to_their_chest,84,True
3538,0.4424,0.5595,0.2475,An_individual_pushes_something_heavy,44,True
3539,0.4546,0.5444,0.2475,An_individual_pushes_a_heavy_object,70,True
3540,0.4341,0.5701,0.2475,Someone_is_moving_a_bulky_object_by_pushing,40,True
3541,0.4598,0.5383,0.2475,An_individual_hops_up_high,85,True
3542,0.4642,0.5333,0.2475,An_individual_completes_a_pirouette,46,True
3543,0.4979,0.4972,0.2475,Someone_performs_a_forward_roll_and_then_stands,26,True
3544,0.5112,0.4844,0.2476,Someone_makes_a_full_turn_in_a_pirouette,91,True
3545,0.4731,0.5232,0.2476,A_person_rolls_ahead_and_gets_back_on_their_feet,64,True
3546,0.5998,0.4128,0.2476,A_person_pushes_an_object_that_is_hard_to_lift,31,True
3547,0.5356,0.4622,0.2476,Someone_performs_a_pirouette,76,True
3548,0.5158,0.4802,0.2477,An_individual_tries_to_push_a_heavy_thing,32,True
3549,0.4889,0.5066,0.2477,Someone_shoves_a_weighty_object,13,True
3550,0.5472,0.4526,0.2477,Someone_does_a_quick_spin_in_a_pirouette,6,True
3551,0.4815,0.5145,0.2477,An_individual_exerts_force_on_a_heavy_object,42,True
3552,0.5091,0.4867,0.2477,Someone_makes_a_full_turn_in_a_pirouette,88,True
3553,0.4151,0.5966,0.2477,An_individual_completes_a_pirouette,55,True
3554,0.46,0.5385,0.2477,A_person_jumps_really_high,53,True
3555,0.5234,0.4733,0.2477,An_individual_rolls_forward_and_quickly_gets_up,49,True
3556,0.4923,0.5033,0.2478,A_person_brings_their_knee_in_towards_their_chest,71,True
3557,0.5599,0.4427,0.2478,A_person_claps,38,True
3558,0.4889,0.5071,0.2479,A_person_rotates_in_a_pirouette,98,True
3559,0.4386,0.5651,0.2479,Someone_executes_a_pirouette,78,True
3560,0.42,0.5905,0.248,An_individual_rolls_forward_and_rises,35,True
3561,0.5875,0.4221,0.248,A_person_bends_to_touch_their_toes_and_stands_again,8,True
3562,0.595,0.4168,0.248,A_person_bends_to_touch_their_toes_and_stands_again,50,True
3563,0.5021,0.4939,0.248,Someone_does_push-up_exercises,85,True
3564,0.4676,0.5303,0.248,Someone_touches_their_toes_and_then_lifts_themselves_up,46,True
3565,0.4515,0.5492,0.248,An_individual_goes_down_to_touch_their_toes_and_then_stands_back_up,69,True
3566,0.4069,0.6096,0.248,An_individual_exerts_force_on_a_heavy_object,62,True
3567,0.4732,0.5241,0.248,An_individual_jumps_up_into_the_air,88,True
3568,0.4793,0.5174,0.248,A_person_claps,61,True
3569,0.4196,0.5913,0.2481,An_individual_pushes_a_heavy_item,99,True
3570,0.5298,0.4684,0.2481,An_individual_exerts_force_on_a_heavy_object,96,True
3571,0.5201,0.4771,0.2481,Someone_performs_a_pirouette,65,True
3572,0.4316,0.5748,0.2481,A_person_performs_a_clap,29,True
3573,0.4311,0.5754,0.2481,A_person_claps,82,True
3574,0.5241,0.4734,0.2481,An_individual_does_a_turning_pirouette,75,True
3575,0.4952,0.5012,0.2482,An_individual_dances_a_pirouette,58,True
3576,0.4967,0.4996,0.2482,An_individual_completes_a_pirouette,75,True
3577,0.5536,0.4482,0.2482,Someone_brings_their_hands_together_to_clap,37,True
3578,0.4907,0.5059,0.2482,An_individual_tumbles_forward_and_then_gets_up,66,True
3579,0.4903,0.5064,0.2483,A_person_applies_pressure_to_push_a_heavy_object,72,True
3580,0.4927,0.504,0.2483,An_individual_pushes_something_heavy,52,True
3581,0.4246,0.5852,0.2484,An_individual_pushes_a_heavy_object,85,True
3582,0.4677,0.5311,0.2484,An_individual_makes_a_clapping_motion,62,True
3583,0.5748,0.4321,0.2484,An_individual_lifts_a_knee_up_to_their_chest,36,True
3584,0.5912,0.4202,0.2484,Someone_reaches_up_with_their_right_arm_to_their_head,11,True
3585,0.4555,0.5454,0.2484,A_person_gives_a_round_of_applause,45,True
3586,0.4395,0.5651,0.2484,Someone_is_moving_a_bulky_object_by_pushing,91,True
3587,0.5219,0.4764,0.2486,A_person_goes_up_into_the_air,83,True
3588,0.4418,0.5628,0.2486,A_person_performs_a_clap,99,True
3589,0.5069,0.4905,0.2486,An_individual_does_a_turning_pirouette,42,True
3590,0.4893,0.5081,0.2486,A_person_reaches_for_their_toes_and_gets_back_up,69,True
3591,0.5068,0.4904,0.2486,A_person_performs_push-ups,65,True
3592,0.5155,0.4822,0.2486,A_person_pushes_an_object_that_is_hard_to_lift,54,True
3593,0.4884,0.5091,0.2486,A_person_bends_their_leg_and_raises_their_knee_to_their_chest,30,True
3594,0.4484,0.5547,0.2487,An_individual_brings_their_knee_close_to_their_chest,22,True
3595,0.434,0.5731,0.2487,An_individual_exerts_force_on_a_heavy_object,92,True
3596,0.5522,0.4503,0.2487,A_person_practices_push-ups,47,True
3597,0.4566,0.5446,0.2487,Someone_is_moving_a_bulky_object_by_pushing,57,True
3598,0.541,0.4597,0.2487,A_person_spins_in_a_pirouette,44,True
3599,0.4743,0.5243,0.2487,An_individual_claps_in_celebration,62,True
3600,0.452,0.5502,0.2487,A_person_rolls_ahead_and_gets_back_on_their_feet,87,True
3601,0.4804,0.5177,0.2487,A_person_rotates_in_a_pirouette,95,True
3602,0.4319,0.5762,0.2488,A_person_performs_a_clap,7,True
3603,0.6129,0.4059,0.2488,Someone_bends_down_to_touch_their_toes_and_then_stands_up,49,True
3604,0.4333,0.5741,0.2488,An_individual_completes_a_pirouette,27,True
3605,0.4307,0.5776,0.2488,An_individual_pushes_something_heavy,67,True
3606,0.5223,0.4765,0.2489,Someone_positions_their_knee_at_chest_height,74,True
3607,0.4811,0.5174,0.2489,A_person_reaches_for_their_toes_and_gets_back_up,23,True
3608,0.603,0.4127,0.2489,Someone_leans_down_to_touch_their_toes_and_stands_back_up,26,True
3609,0.473,0.5262,0.2489,A_person_brings_their_knee_in_towards_their_chest,20,True
3610,0.5371,0.4636,0.249,Someone_does_a_quick_spin_in_a_pirouette,14,True
3611,0.5163,0.4825,0.2491,Someone_brings_their_hands_together_to_clap,77,True
3612,0.4598,0.5418,0.2491,An_individual_touches_their_toes_and_returns_to_a_standing_position,53,True
3613,0.4205,0.5924,0.2491,An_individual_tries_to_push_a_heavy_thing,12,True
3614,0.5336,0.4669,0.2491,Someone_rolls_forward_and_stands_up,25,True
3615,0.4984,0.4998,0.2491,An_individual_tries_to_push_a_heavy_thing,77,True
3616,0.4735,0.526,0.2491,A_person_rolls_ahead_and_gets_back_on_their_feet,61,True
3617,0.4543,0.5485,0.2492,Someone_does_push-up_exercises,18,True
3618,0.4254,0.5858,0.2492,A_person_performs_a_clap,48,True
3619,0.5554,0.4486,0.2492,A_person_pulls_their_knee_up_to_their_chest,1,True
3620,0.4989,0.4995,0.2492,A_person_brings_their_knee_in_towards_their_chest,34,True
3621,0.5209,0.4784,0.2492,An_individual_puts_their_hands_together_to_clap,74,True
3622,0.4816,0.5176,0.2493,A_person_moves_a_heavy_object_by_pushing,37,True
3623,0.4774,0.5223,0.2493,A_person_applies_pressure_to_push_a_heavy_object,58,True
3624,0.4827,0.5165,0.2493,Someone_does_a_pirouette,18,True
3625,0.4867,0.5123,0.2493,An_individual_does_a_turning_pirouette,41,True
3626,0.5263,0.4738,0.2494,A_person_reaches_for_their_toes_and_gets_back_up,29,True
3627,0.3963,0.6293,0.2494,A_person_does_a_high_jump,19,True
3628,0.4581,0.5444,0.2494,A_person_lifts_their_knee_to_their_chest,59,True
3629,0.5789,0.4308,0.2494,Someone_brings_their_knee_up_to_their_chest,18,True
3630,0.4321,0.5773,0.2495,A_person_performs_a_clap,72,True
3631,0.4734,0.527,0.2495,Someone_does_a_pirouette,0,True
3632,0.587,0.4251,0.2495,Someone_leans_down_to_touch_their_toes_and_stands_back_up,42,True
3633,0.523,0.4772,0.2496,A_person_does_a_forward_roll_and_gets_up,36,True
3634,0.4412,0.5658,0.2496,An_individual_raises_a_knee_towards_their_chest,90,True
3635,0.4899,0.5096,0.2496,An_individual_brings_their_knee_close_to_their_chest,67,True
3636,0.4901,0.5093,0.2496,A_person_swings_their_left_arm_back_and_forth,53,True
3637,0.5081,0.4913,0.2496,A_person_applies_pressure_to_push_a_heavy_object,10,True
3638,0.501,0.4981,0.2496,An_individual_does_a_turning_pirouette,30,True
3639,0.5356,0.4662,0.2497,A_person_turns_around_in_a_pirouette,48,True
3640,0.4592,0.5437,0.2497,An_individual_pushes_a_heavy_object,68,True
3641,0.5174,0.4826,0.2497,An_individual_goes_down_to_touch_their_toes_and_then_stands_back_up,77,True
3642,0.4816,0.5186,0.2498,A_person_gives_a_round_of_applause,76,True
3643,0.5084,0.4912,0.2498,An_individual_touches_their_toes_and_returns_to_a_standing_position,52,True
3644,0.5574,0.4482,0.2498,An_individual_makes_a_clapping_motion,80,True
3645,0.4806,0.5197,0.2498,An_individual_pushes_something_heavy,35,True
3646,0.4989,0.5007,0.2498,An_individual_tumbles_forward_and_then_gets_up,88,True
3647,0.4415,0.5661,0.2499,A_person_rolls_ahead_and_gets_back_on_their_feet,3,True
3648,0.4455,0.561,0.2499,Someone_positions_their_knee_at_chest_height,79,True
3649,0.4144,0.6029,0.2499,An_individual_pushes_something_heavy,93,True
3650,0.4365,0.5727,0.25,A_person_gives_a_round_of_applause,94,True
3651,0.4708,0.531,0.25,Someone_touches_their_toes_and_then_lifts_themselves_up,50,True
3652,0.4425,0.5652,0.2501,A_person_performs_a_clap,9,True
3653,0.5186,0.4823,0.2501,A_person_pushes_an_object_that_is_hard_to_lift,96,True
3654,0.4839,0.5168,0.2501,An_individual_completes_a_pirouette,32,True
3655,0.4707,0.5314,0.2501,An_individual_reaches_down_to_their_toes_and_stands_up_straight,8,True
3656,0.4214,0.5935,0.2501,Someone_positions_their_knee_at_chest_height,41,True
3657,0.4431,0.5645,0.2501,An_individual_pushes_a_heavy_item,20,True
3658,0.511,0.4894,0.2501,An_individual_puts_their_hands_together_to_clap,84,True
3659,0.5682,0.4401,0.2501,A_person_performs_push-ups,20,True
3660,0.4656,0.537,0.2501,A_person_rolls_ahead_and_gets_back_on_their_feet,89,True
3661,0.4974,0.5031,0.2502,A_person_pushes_an_object_that_is_hard_to_lift,21,True
3662,0.4551,0.5498,0.2502,A_person_moves_a_heavy_object_by_pushing,59,True
3663,0.4467,0.5601,0.2502,A_person_creates_a_clapping_noise_with_their_hands,46,True
3664,0.581,0.4306,0.2502,Someone_reaches_up_with_their_right_arm_to_their_head,39,True
3665,0.4489,0.5576,0.2503,Someone_executes_a_pirouette,71,True
3666,0.5254,0.4765,0.2504,Someone_performs_a_pirouette,61,True
3667,0.4436,0.5646,0.2505,Someone_does_push-up_exercises,73,True
3668,0.4541,0.5516,0.2505,A_person_moves_a_heavy_object_by_pushing,50,True
3669,0.5175,0.4839,0.2505,An_individual_brings_their_knee_close_to_their_chest,57,True
3670,0.541,0.4631,0.2505,An_individual_does_a_turning_pirouette,65,True
3671,0.464,0.5397,0.2505,An_individual_rolls_forward_and_rises,61,True
3672,0.4409,0.568,0.2505,An_individual_pushes_a_heavy_object,77,True
3673,0.5417,0.4625,0.2505,Someone_performs_a_forward_roll_and_then_stands,95,True
3674,0.4612,0.5433,0.2506,Someone_is_moving_a_bulky_object_by_pushing,99,True
3675,0.4899,0.5115,0.2506,A_person_gives_a_round_of_applause,90,True
3676,0.4344,0.5769,0.2506,An_individual_pushes_a_heavy_item,1,True
3677,0.4633,0.541,0.2507,An_individual_exerts_force_on_a_heavy_object,21,True
3678,0.4762,0.5264,0.2507,A_person_goes_up_into_the_air,7,True
3679,0.4805,0.5218,0.2507,Someone_moves_forward_by_rolling_and_then_stands,87,True
3680,0.4302,0.5829,0.2507,An_individual_jumps_up_into_the_air,65,True
3681,0.4746,0.5283,0.2507,A_person_claps,66,True
3682,0.4926,0.509,0.2508,An_individual_pushes_a_heavy_object,55,True
3683,0.476,0.527,0.2508,A_person_reaches_for_their_toes_and_gets_back_up,60,True
3684,0.4168,0.6017,0.2508,An_individual_pushes_a_heavy_item,2,True
3685,0.4825,0.52,0.2509,Someone_is_moving_a_bulky_object_by_pushing,0,True
3686,0.4691,0.5349,0.2509,A_person_moves_a_heavy_object_by_pushing,4,True
3687,0.491,0.5111,0.2509,An_individual_rolls_forward_and_quickly_gets_up,64,True
3688,0.4303,0.5834,0.251,An_individual_claps_in_celebration,71,True
3689,0.4509,0.5567,0.251,An_individual_pushes_a_heavy_object,53,True
3690,0.5126,0.4896,0.251,A_person_practices_push-ups,34,True
3691,0.5192,0.4835,0.251,A_person_pulls_their_knee_up_to_their_chest,79,True
3692,0.4402,0.5703,0.2511,A_person_moves_a_heavy_object_by_pushing,6,True
3693,0.5492,0.4572,0.2511,A_person_brings_their_right_arm_up_to_their_head,52,True
3694,0.4786,0.5247,0.2511,An_individual_puts_their_hands_together_to_clap,62,True
3695,0.4931,0.5093,0.2511,An_individual_lifts_a_knee_up_to_their_chest,48,True
3696,0.4992,0.5031,0.2512,Someone_does_push-up_exercises,83,True
3697,0.4702,0.5343,0.2512,Someone_rolls_in_a_forward_motion_and_stands_up,5,True
3698,0.4689,0.5358,0.2512,Someone_does_a_pirouette,48,True
3699,0.4358,0.5766,0.2513,A_person_performs_a_clap,97,True
3700,0.4954,0.5074,0.2513,Someone_pushes_off_the_ground_and_rises,73,True
3701,0.4231,0.5941,0.2514,A_person_does_a_high_jump,77,True
3702,0.4488,0.5603,0.2514,An_individual_completes_a_pirouette,30,True
3703,0.4404,0.5707,0.2514,An_individual_exerts_force_on_a_heavy_object,9,True
3704,0.451,0.5575,0.2514,Someone_is_moving_a_bulky_object_by_pushing,80,True
3705,0.564,0.4458,0.2514,Someone_bends_down_to_touch_their_toes_and_then_stands_up,71,True
3706,0.5821,0.4318,0.2514,Someone_positions_their_knee_at_chest_height,76,True
3707,0.4182,0.601,0.2514,An_individual_rolls_forward_and_quickly_gets_up,84,True
3708,0.4612,0.5454,0.2515,Someone_is_moving_a_bulky_object_by_pushing,64,True
3709,0.5039,0.499,0.2515,A_person_goes_up_into_the_air,4,True
3710,0.5311,0.4735,0.2515,Someone_brings_their_knee_up_to_their_chest,0,True
3711,0.456,0.5515,0.2515,A_person_pushes_an_object_that_is_hard_to_lift,28,True
3712,0.5227,0.4813,0.2515,An_individual_dances_a_pirouette,49,True
3713,0.5364,0.4691,0.2516,Someone_performs_a_forward_roll_and_then_stands,0,True
3714,0.436,0.5772,0.2516,An_individual_claps_in_celebration,0,True
3715,0.4985,0.5046,0.2516,Someone_rolls_in_a_forward_motion_and_stands_up,83,True
3716,0.4971,0.5062,0.2516,Someone_pushes_off_the_ground_and_rises,25,True
3717,0.4949,0.5083,0.2516,A_person_rolls_ahead_and_gets_back_on_their_feet,38,True
3718,0.5313,0.4735,0.2516,Someone_rolls_forward_and_stands_up,82,True
3719,0.4637,0.5426,0.2516,A_person_moves_a_heavy_object_by_pushing,31,True
3720,0.5902,0.4264,0.2517,Someone_positions_their_knee_at_chest_height,1,True
3721,0.4795,0.5248,0.2517,An_individual_completes_a_pirouette,1,True
3722,0.4466,0.5637,0.2517,Someone_pushes_a_large_object,71,True
3723,0.6101,0.4125,0.2517,Someone_shoves_a_weighty_object,72,True
3724,0.5184,0.4855,0.2517,A_person_pulls_their_knee_up_to_their_chest,95,True
3725,0.463,0.544,0.2518,Someone_shoves_a_weighty_object,89,True
3726,0.472,0.5335,0.2518,Someone_pushes_a_large_object,68,True
3727,0.5434,0.4635,0.2518,An_individual_goes_down_to_touch_their_toes_and_then_stands_back_up,75,True
3728,0.533,0.4724,0.2518,Someone_elevates_their_knee_to_their_chest,87,True
3729,0.4016,0.6271,0.2518,A_person_performs_a_clap,90,True
3730,0.4687,0.5374,0.2518,A_person_moves_a_heavy_object_by_pushing,10,True
3731,0.4281,0.5882,0.2518,An_individual_tries_to_push_a_heavy_thing,97,True
3732,0.4626,0.5445,0.2519,An_individual_exerts_force_on_a_heavy_object,40,True
3733,0.4858,0.5185,0.2519,An_individual_tries_to_push_a_heavy_thing,10,True
3734,0.4391,0.5736,0.2519,A_person_rolls_ahead_and_gets_back_on_their_feet,65,True
3735,0.5157,0.4885,0.2519,Someone_rolls_in_a_forward_motion_and_stands_up,26,True
3736,0.4533,0.5558,0.2519,Someone_is_moving_a_bulky_object_by_pushing,90,True
3737,0.4933,0.5108,0.252,Someone_pushes_off_the_ground_and_rises,86,True
3738,0.6322,0.3986,0.252,An_individual_waves_hello_with_their_left_arm,84,True
3739,0.4336,0.5812,0.252,Someone_pushes_a_large_object,15,True
3740,0.4405,0.5721,0.252,An_individual_pushes_a_heavy_object,17,True
3741,0.4101,0.6148,0.2521,An_individual_rolls_forward_and_rises,71,True
3742,0.4409,0.5716,0.2521,Someone_is_moving_a_bulky_object_by_pushing,86,True
3743,0.5032,0.501,0.2521,Someone_does_push-up_exercises,33,True
3744,0.6149,0.41,0.2521,A_person_brings_their_right_arm_up_to_their_head,17,True
3745,0.5026,0.5016,0.2521,An_individual_pushes_something_heavy,42,True
3746,0.4387,0.5747,0.2521,An_individual_pushes_a_heavy_item,38,True
3747,0.4875,0.517,0.2521,A_person_brings_their_knee_in_towards_their_chest,53,True
3748,0.4747,0.5312,0.2522,An_individual_completes_a_pirouette,93,True
3749,0.5143,0.4903,0.2522,A_person_stretches_to_touch_their_toes_and_then_rises,43,True
3750,0.4375,0.5765,0.2522,Someone_is_moving_a_bulky_object_by_pushing,46,True
3751,0.4772,0.5286,0.2523,A_person_rotates_in_a_pirouette,81,True
3752,0.5755,0.4383,0.2523,Someone_bends_down_to_touch_their_toes_and_then_stands_up,34,True
3753,0.5076,0.4971,0.2523,An_individual_goes_down_to_touch_their_toes_and_then_stands_back_up,53,True
3754,0.5611,0.4499,0.2524,An_individual_reaches_down_to_their_toes_and_stands_up_straight,78,True
3755,0.4957,0.5092,0.2524,An_individual_dances_a_pirouette,94,True
3756,0.579,0.4359,0.2524,An_individual_reaches_down_to_their_toes_and_stands_up_straight,11,True
3757,0.4798,0.5261,0.2524,A_person_turns_around_in_a_pirouette,91,True
3758,0.5902,0.4278,0.2525,Someone_touches_their_toes_and_then_lifts_themselves_up,7,True
3759,0.465,0.543,0.2525,An_individual_tries_to_push_a_heavy_thing,65,True
3760,0.4277,0.5903,0.2525,A_person_jumps_very_high,83,True
3761,0.5781,0.4368,0.2525,An_individual_tries_to_push_a_heavy_thing,74,True
3762,0.6283,0.4019,0.2525,A_person_brings_their_right_arm_up_to_their_head,83,True
3763,0.5183,0.4871,0.2525,Someone_touches_their_toes_and_then_lifts_themselves_up,58,True
3764,0.5031,0.5019,0.2525,Someone_pushes_off_the_ground_and_rises,19,True
3765,0.477,0.5294,0.2525,Someone_performs_a_pirouette,86,True
3766,0.4644,0.5438,0.2526,An_individual_pushes_a_heavy_object,36,True
3767,0.5034,0.502,0.2527,Someone_rolls_in_a_forward_motion_and_stands_up,8,True
3768,0.5397,0.4683,0.2527,A_person_brings_their_knee_in_towards_their_chest,33,True
3769,0.5135,0.4922,0.2527,Someone_pushes_off_the_ground_and_rises,76,True
3770,0.6647,0.3801,0.2527,A_person_brings_their_knee_in_towards_their_chest,26,True
3771,0.5204,0.4855,0.2527,Someone_touches_their_toes_and_then_lifts_themselves_up,73,True
3772,0.4909,0.5149,0.2528,An_individual_raises_their_right_arm_to_make_contact_with_their_head,88,True
3773,0.4863,0.5198,0.2528,A_person_reaches_for_their_toes_and_gets_back_up,83,True
3774,0.5207,0.4856,0.2528,Someone_performs_a_forward_roll_and_then_stands,35,True
3775,0.4694,0.5386,0.2528,Someone_does_a_pirouette,2,True
3776,0.519,0.4872,0.2528,Someone_moves_forward_by_rolling_and_then_stands,62,True
3777,0.4796,0.527,0.2528,Someone_does_a_pirouette,5,True
3778,0.4544,0.5564,0.2528,Someone_does_a_pirouette,74,True
3779,0.6081,0.4157,0.2528,Someone_brings_their_knee_up_to_their_chest,22,True
3780,0.4392,0.5758,0.2529,An_individual_tumbles_forward_and_then_gets_up,37,True
3781,0.5756,0.4394,0.2529,A_person_does_push-ups,27,True
3782,0.4815,0.5251,0.2529,Someone_rolls_in_a_forward_motion_and_stands_up,35,True
3783,0.4835,0.523,0.2529,Someone_does_push-up_exercises,88,True
3784,0.4617,0.5477,0.2529,Someone_does_push-up_exercises,70,True
3785,0.531,0.4762,0.2529,A_person_gives_a_round_of_applause,82,True
3786,0.4596,0.5502,0.2529,An_individual_pushes_something_heavy,66,True
3787,0.45,0.562,0.2529,Someone_makes_a_full_turn_in_a_pirouette,12,True
3788,0.5308,0.4766,0.253,Someone_brings_their_knee_up_to_their_chest,62,True
3789,0.6049,0.4182,0.253,Someone_bends_down_to_touch_their_toes_and_then_stands_up,41,True
3790,0.521,0.4856,0.253,Someone_does_a_quick_spin_in_a_pirouette,90,True
3791,0.5053,0.5007,0.253,A_person_lifts_their_knee_to_their_chest,81,True
3792,0.5989,0.4224,0.253,A_person_brings_their_knee_in_towards_their_chest,16,True
3793,0.5264,0.4805,0.253,An_individual_touches_their_toes_and_returns_to_a_standing_position,8,True
3794,0.4865,0.5201,0.253,An_individual_exerts_force_on_a_heavy_object,85,True
3795,0.4374,0.5788,0.2531,An_individual_pushes_something_heavy,69,True
3796,0.5164,0.49,0.2531,A_person_swings_their_left_arm_back_and_forth,0,True
3797,0.4465,0.5667,0.2531,A_person_claps,23,True
3798,0.5315,0.4765,0.2532,Someone_makes_a_clapping_sound,93,True
3799,0.4318,0.5865,0.2532,Someone_is_moving_a_bulky_object_by_pushing,12,True
3800,0.4891,0.5177,0.2532,Someone_executes_a_pirouette,89,True
3801,0.5492,0.4613,0.2533,An_individual_completes_a_pirouette,0,True
3802,0.479,0.5287,0.2533,Someone_pushes_off_the_ground_and_rises,98,True
3803,0.4581,0.553,0.2533,A_person_jumps_really_high,81,True
3804,0.5064,0.5002,0.2533,Someone_performs_a_forward_roll_and_then_stands,13,True
3805,0.4364,0.5804,0.2533,A_person_claps_their_hands,1,True
3806,0.6012,0.4214,0.2534,A_person_brings_their_knee_in_towards_their_chest,50,True
3807,0.5209,0.4864,0.2534,A_person_practices_push-ups,81,True
3808,0.4924,0.5148,0.2535,Someone_performs_a_pirouette,67,True
3809,0.4997,0.5072,0.2535,Someone_shoves_a_weighty_object,60,True
3810,0.5655,0.4485,0.2536,Someone_brings_their_hands_together_to_clap,38,True
3811,0.6516,0.3892,0.2536,Someone_waves_with_their_left_arm,21,True
3812,0.5223,0.4856,0.2536,Someone_performs_a_forward_roll_and_then_stands,27,True
3813,0.4445,0.5706,0.2536,A_person_swings_their_left_arm_back_and_forth,62,True
3814,0.4209,0.6028,0.2537,A_person_performs_a_clap,51,True
3815,0.5827,0.4354,0.2537,Someone_bends_down_to_touch_their_toes_and_then_stands_up,72,True
3816,0.4483,0.566,0.2537,An_individual_tries_to_push_a_heavy_thing,25,True
3817,0.574,0.4419,0.2537,Someone_brings_their_hands_together_to_clap,71,True
3818,0.4322,0.5869,0.2537,A_person_rolls_ahead_and_gets_back_on_their_feet,29,True
3819,0.458,0.5541,0.2538,A_person_goes_up_into_the_air,91,True
3820,0.467,0.5434,0.2538,Someone_rolls_in_a_forward_motion_and_stands_up,37,True
3821,0.5855,0.4336,0.2538,A_person_bends_their_leg_and_raises_their_knee_to_their_chest,13,True
3822,0.4753,0.534,0.2538,An_individual_pushes_something_heavy,63,True
3823,0.4859,0.5224,0.2538,An_individual_pushes_something_heavy,99,True
3824,0.4709,0.5389,0.2538,An_individual_claps_in_celebration,4,True
3825,0.4825,0.5262,0.2539,A_person_applies_pressure_to_push_a_heavy_object,59,True
3826,0.4559,0.557,0.254,A_person_gives_a_round_of_applause,48,True
3827,0.4984,0.5096,0.254,An_individual_dances_a_pirouette,37,True
3828,0.467,0.5439,0.254,A_person_rolls_forward_and_returns_to_a_standing_position,76,True
3829,0.5014,0.5065,0.254,Someone_leaps_up_high,3,True
3830,0.483,0.526,0.2541,Someone_performs_a_pirouette,40,True
3831,0.4935,0.515,0.2541,A_person_does_a_forward_roll_and_gets_up,5,True
3832,0.4769,0.5328,0.2541,Someone_does_a_pirouette,71,True
3833,0.453,0.561,0.2541,An_individual_pushes_a_heavy_object,12,True
3834,0.4713,0.5394,0.2542,A_person_reaches_for_their_toes_and_gets_back_up,31,True
3835,0.4333,0.5868,0.2542,An_individual_rolls_forward_and_rises,56,True
3836,0.4347,0.5849,0.2542,A_person_performs_a_clap,36,True
3837,0.4253,0.5977,0.2542,An_individual_pushes_something_heavy,77,True
3838,0.4501,0.5649,0.2542,A_person_does_a_high_jump,23,True
3839,0.6145,0.4137,0.2542,Someone_brings_their_knee_up_to_their_chest,40,True
3840,0.4568,0.5566,0.2542,Someone_does_push-up_exercises,78,True
3841,0.5777,0.4402,0.2543,Someone_shoves_a_weighty_object,91,True
3842,0.6708,0.3791,0.2543,A_person_lifts_their_right_arm_to_touch_their_head,24,True
3843,0.4821,0.5275,0.2543,An_individual_rolls_forward_and_rises,80,True
3844,0.4586,0.5544,0.2543,An_individual_pushes_something_heavy,72,True
3845,0.518,0.4909,0.2543,A_person_rotates_in_a_pirouette,86,True
3846,0.558,0.4557,0.2543,Someone_brings_their_hands_together_to_clap,95,True
3847,0.6678,0.381,0.2544,A_person_lifts_their_right_arm_to_touch_their_head,31,True
3848,0.4342,0.586,0.2544,A_person_does_a_high_jump,64,True
3849,0.479,0.5311,0.2544,A_person_claps,91,True
3850,0.5534,0.4596,0.2544,A_person_brings_their_knee_in_towards_their_chest,59,True
3851,0.446,0.5705,0.2545,Someone_does_push-up_exercises,42,True
3852,0.4767,0.5338,0.2545,A_person_reaches_for_their_toes_and_gets_back_up,97,True
3853,0.4131,0.6159,0.2545,An_individual_exerts_force_on_a_heavy_object,54,True
3854,0.4633,0.5494,0.2545,Someone_is_moving_a_bulky_object_by_pushing,55,True
3855,0.5421,0.4695,0.2545,Someone_leaps_up_high,54,True
3856,0.4949,0.5143,0.2546,An_individual_goes_down_to_touch_their_toes_and_then_stands_back_up,57,True
3857,0.4895,0.5201,0.2546,An_individual_pushes_something_heavy,13,True
3858,0.4476,0.5688,0.2546,A_person_claps,94,True
3859,0.4951,0.5142,0.2546,Someone_makes_a_full_turn_in_a_pirouette,83,True
3860,0.5164,0.4931,0.2546,Someone_touches_their_toes_and_stands_back_up,87,True
3861,0.5305,0.4799,0.2546,An_individual_makes_a_clapping_motion,54,True
3862,0.5152,0.4941,0.2546,A_person_bends_their_leg_and_raises_their_knee_to_their_chest,94,True
3863,0.5228,0.487,0.2546,An_individual_tries_to_push_a_heavy_thing,80,True
3864,0.554,0.4597,0.2547,A_person_stretches_to_touch_their_toes_and_then_rises,70,True
3865,0.4973,0.512,0.2547,An_individual_touches_their_toes_and_returns_to_a_standing_position,85,True
3866,0.5136,0.496,0.2547,An_individual_tumbles_forward_and_then_gets_up,55,True
3867,0.5316,0.4791,0.2547,Someone_rolls_in_a_forward_motion_and_stands_up,20,True
3868,0.5947,0.4283,0.2547,Someone_springs_up_off_the_ground,71,True
3869,0.4558,0.5589,0.2548,Someone_is_moving_a_bulky_object_by_pushing,47,True
3870,0.4917,0.5182,0.2548,An_individual_rolls_forward_and_rises,84,True
3871,0.5657,0.4505,0.2548,An_individual_completes_a_pirouette,74,True
3872,0.4792,0.5317,0.2548,Someone_executes_a_pirouette,59,True
3873,0.4708,0.5414,0.2549,Someone_is_moving_a_bulky_object_by_pushing,15,True
3874,0.571,0.4463,0.2549,A_person_bends_to_touch_their_toes_and_stands_again,26,True
3875,0.4992,0.5105,0.2549,Someone_pushes_off_the_ground_and_rises,14,True
3876,0.5474,0.4659,0.255,Someone_moves_forward_by_rolling_and_then_stands,39,True
3877,0.5007,0.5094,0.255,Someone_executes_a_pirouette,98,True
3878,0.5048,0.5052,0.255,A_person_brings_their_knee_in_towards_their_chest,18,True
3879,0.5039,0.5061,0.255,Someone_moves_forward_by_rolling_and_then_stands,53,True
3880,0.5317,0.4798,0.2551,Someone_does_a_quick_spin_in_a_pirouette,42,True
3881,0.435,0.5865,0.2551,A_person_jumps_really_high,57,True
3882,0.5915,0.4312,0.2551,An_individual_brings_their_knee_close_to_their_chest,27,True
3883,0.4754,0.5365,0.2551,A_person_goes_up_into_the_air,10,True
3884,0.5038,0.5065,0.2551,A_person_does_a_forward_roll_and_gets_up,33,True
3885,0.5177,0.4927,0.2551,Someone_does_a_quick_spin_in_a_pirouette,63,True
3886,0.5,0.5103,0.2551,An_individual_rolls_forward_and_quickly_gets_up,30,True
3887,0.5201,0.4905,0.2551,Someone_makes_a_full_turn_in_a_pirouette,63,True
3888,0.5748,0.4438,0.2551,Someone_brings_their_knee_up_to_their_chest,80,True
3889,0.4675,0.5458,0.2552,A_person_gives_a_round_of_applause,25,True
3890,0.465,0.5489,0.2552,An_individual_pushes_a_heavy_item,25,True
3891,0.4874,0.5235,0.2552,An_individual_raises_their_right_arm_to_make_contact_with_their_head,1,True
3892,0.5297,0.482,0.2553,An_individual_goes_down_to_touch_their_toes_and_then_stands_back_up,28,True
3893,0.481,0.531,0.2554,Someone_pushes_a_large_object,60,True
3894,0.4858,0.5256,0.2554,An_individual_makes_a_high_jump,92,True
3895,0.4713,0.5418,0.2554,A_person_claps,84,True
3896,0.5858,0.4362,0.2555,Someone_reaches_up_with_their_right_arm_to_their_head,68,True
3897,0.497,0.514,0.2555,Someone_performs_a_pirouette,21,True
3898,0.4412,0.5792,0.2555,A_person_rolls_forward_and_returns_to_a_standing_position,39,True
3899,0.4688,0.545,0.2555,An_individual_pushes_a_heavy_object,99,True
3900,0.4565,0.5597,0.2555,Someone_is_moving_a_bulky_object_by_pushing,81,True
3901,0.4936,0.5176,0.2555,A_person_swings_their_left_arm_back_and_forth,20,True
3902,0.5924,0.4314,0.2556,A_person_bends_to_touch_their_toes_and_stands_again,15,True
3903,0.462,0.5532,0.2556,Someone_does_push-up_exercises,97,True
3904,0.5606,0.456,0.2556,Someone_positions_their_knee_at_chest_height,21,True
3905,0.4239,0.6028,0.2556,A_person_swings_their_left_arm_back_and_forth,29,True
3906,0.4335,0.5898,0.2556,An_individual_tries_to_push_a_heavy_thing,84,True
3907,0.5177,0.494,0.2557,A_person_pulls_their_knee_up_to_their_chest,65,True
3908,0.6471,0.3951,0.2557,An_individual_waves_hello_with_their_left_arm,27,True
3909,0.5574,0.4589,0.2558,An_individual_does_a_turning_pirouette,82,True
3910,0.4323,0.5917,0.2558,An_individual_pushes_a_heavy_object,59,True
3911,0.4754,0.5382,0.2559,A_person_stretches_to_touch_their_toes_and_then_rises,5,True
3912,0.5024,0.5093,0.2559,Someone_performs_a_forward_roll_and_then_stands,6,True
3913,0.4769,0.5365,0.2559,Someone_shoves_a_weighty_object,85,True
3914,0.4317,0.5931,0.256,Someone_does_push-up_exercises,49,True
3915,0.4375,0.5852,0.256,An_individual_rolls_forward_and_rises,64,True
3916,0.5397,0.4743,0.256,An_individual_tries_to_push_a_heavy_thing,16,True
3917,0.5834,0.4388,0.256,An_individual_does_a_turning_pirouette,43,True
3918,0.4683,0.5468,0.2561,An_individual_hops_up_high,89,True
3919,0.4747,0.5395,0.2561,A_person_does_a_forward_roll_and_gets_up,12,True
3920,0.461,0.5557,0.2562,An_individual_pushes_something_heavy,5,True
3921,0.5809,0.441,0.2562,An_individual_engages_in_push-ups,36,True
3922,0.4736,0.541,0.2562,Someone_does_a_pirouette,30,True
3923,0.5187,0.4939,0.2562,A_person_moves_a_heavy_object_by_pushing,65,True
3924,0.5573,0.4598,0.2562,A_person_bends_their_leg_and_raises_their_knee_to_their_chest,32,True
3925,0.5265,0.4866,0.2562,An_individual_brings_their_knee_close_to_their_chest,74,True
3926,0.5053,0.5071,0.2563,An_individual_tumbles_forward_and_then_gets_up,21,True
3927,0.5397,0.4749,0.2563,A_person_creates_a_clapping_noise_with_their_hands,10,True
3928,0.4576,0.5601,0.2563,An_individual_tries_to_push_a_heavy_thing,35,True
3929,0.4781,0.5361,0.2563,A_person_reaches_for_their_toes_and_gets_back_up,94,True
3930,0.4983,0.5145,0.2564,Someone_leaps_up_high,34,True
3931,0.56,0.4579,0.2564,An_individual_brings_their_knee_close_to_their_chest,65,True
3932,0.4689,0.5468,0.2564,An_individual_rolls_forward_and_rises,67,True
3933,0.5809,0.4413,0.2564,Someone_positions_their_knee_at_chest_height,30,True
3934,0.4907,0.5225,0.2564,Someone_is_moving_a_bulky_object_by_pushing,61,True
3935,0.4846,0.529,0.2564,An_individual_jumps_up_into_the_air,95,True
3936,0.5311,0.483,0.2565,A_person_reaches_for_their_toes_and_gets_back_up,22,True
3937,0.4891,0.5244,0.2565,A_person_moves_a_heavy_object_by_pushing,24,True
3938,0.5269,0.4868,0.2565,Someone_does_a_quick_spin_in_a_pirouette,74,True
3939,0.4888,0.5247,0.2565,A_person_rotates_in_a_pirouette,78,True
3940,0.4448,0.5766,0.2565,A_person_applies_pressure_to_push_a_heavy_object,30,True
3941,0.4708,0.5447,0.2565,An_individual_tries_to_push_a_heavy_thing,43,True
3942,0.5468,0.4692,0.2565,A_person_bends_to_touch_their_toes_and_stands_again,42,True
3943,0.4951,0.5183,0.2566,A_person_rolls_ahead_and_gets_back_on_their_feet,24,True
3944,0.4695,0.5465,0.2566,A_person_reaches_for_their_toes_and_gets_back_up,28,True
3945,0.4654,0.5517,0.2567,An_individual_exerts_force_on_a_heavy_object,78,True
3946,0.489,0.5249,0.2567,A_person_pushes_an_object_that_is_hard_to_lift,56,True
3947,0.4501,0.5702,0.2567,An_individual_pushes_a_heavy_object,87,True
3948,0.4727,0.5433,0.2568,A_person_pushes_an_object_that_is_hard_to_lift,62,True
3949,0.457,0.5619,0.2568,Someone_executes_a_pirouette,31,True
3950,0.5737,0.4476,0.2568,A_person_performs_push-ups,69,True
3951,0.5132,0.5004,0.2568,Someone_rolls_in_a_forward_motion_and_stands_up,81,True
3952,0.4944,0.5193,0.2568,A_person_moves_a_heavy_object_by_pushing,68,True
3953,0.4923,0.5215,0.2568,An_individual_touches_their_toes_and_returns_to_a_standing_position,83,True
3954,0.5093,0.5043,0.2568,A_person_bends_their_leg_and_raises_their_knee_to_their_chest,33,True
3955,0.5295,0.4851,0.2569,Someone_brings_their_hands_together_to_clap,53,True
3956,0.5665,0.4535,0.2569,A_person_pulls_their_knee_up_to_their_chest,5,True
3957,0.4813,0.534,0.257,A_person_reaches_for_their_toes_and_gets_back_up,12,True
3958,0.5118,0.5022,0.257,A_person_gives_a_round_of_applause,22,True
3959,0.5319,0.4831,0.257,Someone_does_a_pirouette,73,True
3960,0.5337,0.4816,0.257,Someone_performs_a_forward_roll_and_then_stands,41,True
3961,0.5406,0.4754,0.257,An_individual_pushes_a_heavy_object,51,True
3962,0.4778,0.5378,0.257,An_individual_claps_in_celebration,6,True
3963,0.5321,0.483,0.257,Someone_does_a_quick_spin_in_a_pirouette,32,True
3964,0.468,0.5492,0.257,A_person_rolls_forward_and_returns_to_a_standing_position,18,True
3965,0.5927,0.4337,0.2571,An_individual_reaches_down_to_their_toes_and_stands_up_straight,83,True
3966,0.5637,0.4561,0.2571,Someone_brings_their_hands_together_to_clap,99,True
3967,0.4996,0.5147,0.2571,Someone_touches_their_toes_and_then_lifts_themselves_up,49,True
3968,0.557,0.4616,0.2571,A_person_bends_to_touch_their_toes_and_stands_again,55,True
3969,0.5319,0.4834,0.2571,A_person_reaches_for_their_toes_and_gets_back_up,19,True
3970,0.5583,0.4605,0.2571,Someone_rolls_forward_and_stands_up,16,True
3971,0.4671,0.5504,0.2571,Someone_does_push-up_exercises,96,True
3972,0.4938,0.5206,0.2571,Someone_performs_a_pirouette,25,True
3973,0.4952,0.5194,0.2572,A_person_pushes_an_object_that_is_hard_to_lift,25,True
3974,0.4107,0.6262,0.2572,An_individual_pushes_a_heavy_item,46,True
3975,0.5568,0.462,0.2572,Someone_rolls_in_a_forward_motion_and_stands_up,65,True
3976,0.4818,0.5339,0.2572,An_individual_exerts_force_on_a_heavy_object,24,True
3977,0.5334,0.4821,0.2572,Someone_shoves_a_weighty_object,6,True
3978,0.4586,0.5611,0.2573,An_individual_pushes_something_heavy,91,True
3979,0.5915,0.4351,0.2573,An_individual_reaches_down_to_their_toes_and_stands_up_straight,43,True
3980,0.5828,0.4414,0.2573,Someone_brings_their_hands_together_to_clap,27,True
3981,0.4815,0.5347,0.2574,A_person_does_a_high_jump,58,True
3982,0.5884,0.4374,0.2574,A_person_performs_push-ups,66,True
3983,0.5331,0.483,0.2575,Someone_leans_down_to_touch_their_toes_and_stands_back_up,71,True
3984,0.4671,0.5514,0.2575,Someone_executes_a_pirouette,11,True
3985,0.4642,0.5548,0.2575,Someone_does_push-up_exercises,31,True
3986,0.5114,0.5035,0.2575,Someone_makes_a_full_turn_in_a_pirouette,42,True
3987,0.5667,0.4544,0.2575,Someone_brings_their_hands_together_to_clap,0,True
3988,0.4372,0.5891,0.2576,An_individual_exerts_force_on_a_heavy_object,82,True
3989,0.4515,0.5705,0.2576,A_person_goes_up_into_the_air,47,True
3990,0.4684,0.55,0.2576,An_individual_exerts_force_on_a_heavy_object,61,True
3991,0.4776,0.5394,0.2576,An_individual_pushes_a_heavy_object,4,True
3992,0.461,0.559,0.2577,A_person_claps,21,True
3993,0.5668,0.4546,0.2577,An_individual_brings_their_knee_close_to_their_chest,90,True
3994,0.5528,0.4661,0.2577,An_individual_lifts_a_knee_up_to_their_chest,88,True
3995,0.4589,0.5615,0.2577,A_person_gives_a_round_of_applause,9,True
3996,0.5666,0.4548,0.2577,Someone_pushes_off_the_ground_and_rises,72,True
3997,0.4654,0.5537,0.2577,A_person_does_a_high_jump,69,True
3998,0.4568,0.5642,0.2577,A_person_rolls_ahead_and_gets_back_on_their_feet,26,True
3999,0.5853,0.4402,0.2577,Someone_brings_their_hands_together_to_clap,24,True
4000,0.5198,0.4958,0.2577,Someone_touches_their_toes_and_then_lifts_themselves_up,67,True
4001,0.4854,0.5312,0.2578,A_person_moves_a_heavy_object_by_pushing,46,True
4002,0.4899,0.5263,0.2578,Someone_does_a_pirouette,36,True
4003,0.4952,0.5206,0.2578,An_individual_touches_their_toes_and_returns_to_a_standing_position,66,True
4004,0.467,0.5522,0.2579,A_person_rolls_ahead_and_gets_back_on_their_feet,99,True
4005,0.4677,0.5514,0.2579,A_person_rolls_ahead_and_gets_back_on_their_feet,28,True
4006,0.5078,0.5078,0.2579,A_person_claps_their_hands,28,True
4007,0.5362,0.481,0.2579,Someone_does_push-up_exercises,52,True
4008,0.4478,0.5759,0.2579,A_person_rolls_forward_and_returns_to_a_standing_position,70,True
4009,0.5149,0.5008,0.2579,An_individual_raises_their_right_arm_to_make_contact_with_their_head,4,True
4010,0.4516,0.571,0.2579,A_person_jumps_really_high,92,True
4011,0.5557,0.464,0.2579,A_person_bends_to_touch_their_toes_and_stands_again,99,True
4012,0.4497,0.5737,0.258,An_individual_rolls_forward_and_quickly_gets_up,75,True
4013,0.4706,0.5483,0.258,An_individual_pushes_something_heavy,98,True
4014,0.4486,0.575,0.258,An_individual_tumbles_forward_and_then_gets_up,36,True
4015,0.5214,0.495,0.2581,Someone_does_a_pirouette,26,True
4016,0.5343,0.4831,0.2581,Someone_shoves_a_weighty_object,35,True
4017,0.5546,0.4654,0.2581,Someone_rolls_forward_and_stands_up,45,True
4018,0.4857,0.5314,0.2581,A_person_claps_their_hands,37,True
4019,0.4564,0.5656,0.2581,An_individual_puts_their_hands_together_to_clap,49,True
4020,0.4646,0.5559,0.2582,An_individual_pushes_a_heavy_object,65,True
4021,0.4415,0.5847,0.2582,An_individual_tries_to_push_a_heavy_thing,54,True
4022,0.4743,0.5444,0.2582,A_person_goes_up_into_the_air,56,True
4023,0.4633,0.5572,0.2582,An_individual_dances_a_pirouette,59,True
4024,0.5415,0.4768,0.2582,Someone_positions_their_knee_at_chest_height,81,True
4025,0.4198,0.6151,0.2582,Someone_does_push-up_exercises,24,True
4026,0.4418,0.5845,0.2582,A_person_jumps_really_high,41,True
4027,0.5103,0.506,0.2582,A_person_applies_pressure_to_push_a_heavy_object,7,True
4028,0.5775,0.4473,0.2583,Someone_touches_their_toes_and_then_lifts_themselves_up,36,True
4029,0.4764,0.5422,0.2583,An_individual_exerts_force_on_a_heavy_object,30,True
4030,0.529,0.4884,0.2583,Someone_performs_a_pirouette,95,True
4031,0.499,0.5177,0.2583,Someone_does_a_pirouette,61,True
4032,0.488,0.5294,0.2583,An_individual_hops_up_high,11,True
4033,0.5092,0.5072,0.2583,Someone_makes_a_full_turn_in_a_pirouette,64,True
4034,0.4687,0.5511,0.2583,A_person_jumps_really_high,16,True
4035,0.5269,0.4905,0.2584,An_individual_pushes_something_heavy,38,True
4036,0.4481,0.5766,0.2584,Someone_is_moving_a_bulky_object_by_pushing,53,True
4037,0.5342,0.4839,0.2585,A_person_swings_their_left_arm_back_and_forth,28,True
4038,0.5059,0.5109,0.2585,Someone_makes_a_full_turn_in_a_pirouette,5,True
4039,0.4234,0.6106,0.2585,An_individual_rolls_forward_and_rises,2,True
4040,0.4723,0.5475,0.2586,A_person_moves_a_heavy_object_by_pushing,0,True
4041,0.4484,0.5768,0.2586,An_individual_claps_in_celebration,20,True
4042,0.4755,0.5439,0.2586,An_individual_jumps_up_into_the_air,13,True
4043,0.5245,0.4931,0.2586,A_person_moves_a_heavy_object_by_pushing,7,True
4044,0.5089,0.5082,0.2587,Someone_positions_their_knee_at_chest_height,32,True
4045,0.5195,0.4979,0.2587,A_person_stretches_to_touch_their_toes_and_then_rises,41,True
4046,0.4656,0.5556,0.2587,An_individual_completes_a_pirouette,11,True
4047,0.4939,0.5238,0.2587,An_individual_tumbles_forward_and_then_gets_up,14,True
4048,0.4778,0.5415,0.2587,An_individual_hops_up_high,5,True
4049,0.4604,0.5621,0.2588,An_individual_pushes_something_heavy,32,True
4050,0.5445,0.4752,0.2588,A_person_pulls_their_knee_up_to_their_chest,57,True
4051,0.5909,0.4381,0.2589,An_individual_puts_their_hands_together_to_clap,29,True
4052,0.5658,0.4577,0.2589,Someone_shoves_a_weighty_object,20,True
4053,0.4971,0.5208,0.2589,A_person_pushes_an_object_that_is_hard_to_lift,80,True
4054,0.4516,0.5735,0.259,An_individual_pushes_a_heavy_item,59,True
4055,0.4463,0.5804,0.259,An_individual_pushes_something_heavy,40,True
4056,0.5059,0.5119,0.259,A_person_reaches_for_their_toes_and_gets_back_up,5,True
4057,0.5075,0.5103,0.259,Someone_makes_a_full_turn_in_a_pirouette,53,True
4058,0.5741,0.4512,0.259,A_person_rolls_ahead_and_gets_back_on_their_feet,11,True
4059,0.5546,0.4671,0.259,A_person_practices_push-ups,40,True
4060,0.4745,0.5462,0.2591,Someone_pushes_off_the_ground_and_rises,22,True
4061,0.5969,0.434,0.2591,A_person_brings_their_knee_in_towards_their_chest,74,True
4062,0.4735,0.5472,0.2591,A_person_goes_up_into_the_air,88,True
4063,0.5158,0.5023,0.2591,An_individual_raises_their_right_arm_to_make_contact_with_their_head,79,True
4064,0.5515,0.4698,0.2591,A_person_brings_their_knee_in_towards_their_chest,13,True
4065,0.4814,0.5383,0.2591,A_person_goes_up_into_the_air,72,True
4066,0.5324,0.4869,0.2592,An_individual_brings_their_knee_close_to_their_chest,50,True
4067,0.4026,0.6438,0.2592,A_person_rolls_forward_and_returns_to_a_standing_position,29,True
4068,0.5005,0.5179,0.2592,Someone_performs_a_pirouette,17,True
4069,0.45,0.576,0.2592,Someone_makes_a_full_turn_in_a_pirouette,23,True
4070,0.5616,0.4617,0.2593,Someone_bends_down_to_touch_their_toes_and_then_stands_up,14,True
4071,0.4241,0.6115,0.2593,An_individual_pushes_a_heavy_item,12,True
4072,0.4505,0.5757,0.2593,An_individual_rolls_forward_and_rises,92,True
4073,0.5131,0.5054,0.2593,A_person_pulls_their_knee_up_to_their_chest,21,True
4074,0.603,0.43,0.2593,Someone_reaches_up_with_their_right_arm_to_their_head,77,True
4075,0.5662,0.458,0.2593,A_person_rotates_in_a_pirouette,89,True
4076,0.4493,0.5773,0.2594,A_person_claps_their_hands,22,True
4077,0.5342,0.4856,0.2594,A_person_rolls_forward_and_returns_to_a_standing_position,28,True
4078,0.5714,0.4541,0.2594,Someone_brings_their_knee_up_to_their_chest,37,True
4079,0.4988,0.5203,0.2595,A_person_does_a_high_jump,59,True
4080,0.5382,0.4823,0.2596,An_individual_goes_down_to_touch_their_toes_and_then_stands_back_up,70,True
4081,0.4436,0.5853,0.2596,An_individual_pushes_a_heavy_item,58,True
4082,0.4979,0.5214,0.2596,An_individual_claps_in_celebration,56,True
4083,0.4887,0.5314,0.2597,A_person_rolls_forward_and_returns_to_a_standing_position,46,True
4084,0.4913,0.5287,0.2597,Someone_does_a_pirouette,93,True
4085,0.4621,0.562,0.2597,An_individual_hops_up_high,81,True
4086,0.4696,0.553,0.2597,An_individual_exerts_force_on_a_heavy_object,46,True
4087,0.5016,0.518,0.2598,An_individual_exerts_force_on_a_heavy_object,14,True
4088,0.4135,0.6283,0.2598,An_individual_pushes_a_heavy_item,84,True
4089,0.4432,0.5863,0.2598,An_individual_brings_their_knee_close_to_their_chest,83,True
4090,0.6065,0.4285,0.2599,Someone_shoves_a_weighty_object,5,True
4091,0.6174,0.421,0.2599,Someone_brings_their_hands_together_to_clap,56,True
4092,0.4644,0.5596,0.2599,An_individual_pushes_something_heavy,11,True
4093,0.5908,0.44,0.2599,A_person_bends_to_touch_their_toes_and_stands_again,39,True
4094,0.4203,0.6182,0.2599,A_person_moves_a_heavy_object_by_pushing,66,True
4095,0.5925,0.4388,0.26,Someone_bends_down_to_touch_their_toes_and_then_stands_up,45,True
4096,0.5326,0.4881,0.26,Someone_does_push-up_exercises,56,True
4097,0.4879,0.533,0.2601,An_individual_jumps_up_into_the_air,49,True
4098,0.5712,0.4553,0.2601,Someone_does_a_quick_spin_in_a_pirouette,52,True
4099,0.4677,0.5564,0.2602,A_person_moves_a_heavy_object_by_pushing,57,True
4100,0.464,0.5609,0.2602,Someone_touches_their_toes_and_stands_back_up,11,True
4101,0.4025,0.6466,0.2602,A_person_rolls_forward_and_returns_to_a_standing_position,98,True
4102,0.4789,0.5434,0.2602,An_individual_tries_to_push_a_heavy_thing,52,True
4103,0.4493,0.5791,0.2602,Someone_is_moving_a_bulky_object_by_pushing,98,True
4104,0.4645,0.56,0.2602,An_individual_pushes_something_heavy,80,True
4105,0.5765,0.4514,0.2602,A_person_turns_around_in_a_pirouette,6,True
4106,0.6343,0.4104,0.2603,A_person_spins_in_a_pirouette,50,True
4107,0.5345,0.487,0.2603,A_person_stretches_to_touch_their_toes_and_then_rises,52,True
4108,0.5396,0.4825,0.2603,An_individual_completes_a_pirouette,45,True
4109,0.4457,0.584,0.2603,A_person_pushes_an_object_that_is_hard_to_lift,66,True
4110,0.4815,0.5409,0.2604,Someone_leaps_up_high,22,True
4111,0.4527,0.5752,0.2604,A_person_performs_a_clap,12,True
4112,0.5981,0.4354,0.2604,Someone_bends_down_to_touch_their_toes_and_then_stands_up,33,True
4113,0.6106,0.4267,0.2605,An_individual_raises_their_right_arm_to_make_contact_with_their_head,35,True
4114,0.5107,0.5102,0.2605,A_person_gives_a_round_of_applause,49,True
4115,0.4855,0.5366,0.2605,Someone_shoves_a_weighty_object,88,True
4116,0.4421,0.5892,0.2605,An_individual_pushes_a_heavy_item,90,True
4117,0.5568,0.4679,0.2605,An_individual_dances_a_pirouette,12,True
4118,0.4461,0.5838,0.2605,An_individual_exerts_force_on_a_heavy_object,76,True
4119,0.4381,0.5947,0.2605,Someone_makes_a_clapping_sound,25,True
4120,0.5536,0.4708,0.2606,Someone_shoves_a_weighty_object,95,True
4121,0.483,0.5396,0.2606,Someone_is_moving_a_bulky_object_by_pushing,27,True
4122,0.4521,0.5765,0.2606,Someone_is_moving_a_bulky_object_by_pushing,49,True
4123,0.4711,0.5531,0.2606,An_individual_pushes_something_heavy,56,True
4124,0.5209,0.5005,0.2607,An_individual_tumbles_forward_and_then_gets_up,30,True
4125,0.4966,0.5251,0.2607,A_person_claps_their_hands,45,True
4126,0.6678,0.3904,0.2607,A_person_brings_their_right_arm_up_to_their_head,5,True
4127,0.4554,0.5726,0.2608,A_person_claps_their_hands,89,True
4128,0.4518,0.5773,0.2608,An_individual_claps_in_celebration,23,True
4129,0.5868,0.4444,0.2608,Someone_bends_down_to_touch_their_toes_and_then_stands_up,48,True
4130,0.5342,0.4884,0.2609,Someone_makes_a_full_turn_in_a_pirouette,85,True
4131,0.4851,0.5379,0.2609,A_person_stretches_to_touch_their_toes_and_then_rises,75,True
4132,0.586,0.4453,0.2609,An_individual_puts_their_hands_together_to_clap,0,True
4133,0.5678,0.4595,0.2609,Someone_bends_down_to_touch_their_toes_and_then_stands_up,81,True
4134,0.6443,0.4049,0.2609,A_person_swings_their_left_arm_back_and_forth,94,True
4135,0.467,0.5587,0.2609,An_individual_rolls_forward_and_rises,0,True
4136,0.5898,0.4423,0.2609,A_person_bends_to_touch_their_toes_and_stands_again,96,True
4137,0.4852,0.538,0.261,A_person_goes_up_into_the_air,97,True
4138,0.5063,0.5154,0.261,An_individual_puts_their_hands_together_to_clap,39,True
4139,0.4759,0.5487,0.2611,Someone_rolls_in_a_forward_motion_and_stands_up,12,True
4140,0.4984,0.5239,0.2611,Someone_does_a_pirouette,54,True
4141,0.5785,0.4513,0.2611,Someone_brings_their_hands_together_to_clap,82,True
4142,0.4533,0.5759,0.2611,An_individual_hops_up_high,13,True
4143,0.484,0.5394,0.2611,A_person_applies_pressure_to_push_a_heavy_object,62,True
4144,0.4394,0.5944,0.2612,A_person_goes_up_into_the_air,48,True
4145,0.4412,0.5921,0.2612,A_person_applies_pressure_to_push_a_heavy_object,40,True
4146,0.4292,0.6087,0.2612,A_person_does_a_high_jump,47,True
4147,0.5177,0.5046,0.2612,Someone_makes_a_full_turn_in_a_pirouette,11,True
4148,0.5073,0.5148,0.2612,An_individual_completes_a_pirouette,89,True
4149,0.4721,0.5533,0.2612,Someone_does_a_pirouette,23,True
4150,0.5711,0.4576,0.2613,An_individual_rolls_forward_and_quickly_gets_up,20,True
4151,0.5726,0.4563,0.2613,Someone_rolls_forward_and_stands_up,77,True
4152,0.4928,0.5302,0.2613,An_individual_puts_their_hands_together_to_clap,55,True
4153,0.487,0.5365,0.2613,An_individual_completes_a_pirouette,62,True
4154,0.5427,0.4815,0.2613,An_individual_raises_their_right_arm_to_make_contact_with_their_head,31,True
4155,0.5616,0.4654,0.2613,Someone_bends_down_to_touch_their_toes_and_then_stands_up,50,True
4156,0.4855,0.5383,0.2614,A_person_moves_a_heavy_object_by_pushing,44,True
4157,0.5347,0.489,0.2614,An_individual_does_a_turning_pirouette,35,True
4158,0.4158,0.6287,0.2614,An_individual_exerts_force_on_a_heavy_object,32,True
4159,0.5599,0.467,0.2614,A_person_performs_push-ups,23,True
4160,0.4581,0.5707,0.2614,A_person_claps,39,True
4161,0.6277,0.4166,0.2615,Someone_leans_down_to_touch_their_toes_and_stands_back_up,40,True
4162,0.4782,0.5468,0.2615,An_individual_hops_up_high,21,True
4163,0.5074,0.5155,0.2615,An_individual_exerts_force_on_a_heavy_object,67,True
4164,0.4753,0.5501,0.2615,An_individual_pushes_a_heavy_object,28,True
4165,0.4842,0.5402,0.2615,A_person_claps_their_hands,46,True
4166,0.4221,0.6194,0.2615,An_individual_rolls_forward_and_rises,97,True
4167,0.4758,0.5497,0.2615,An_individual_rolls_forward_and_rises,18,True
4168,0.5364,0.4876,0.2615,Someone_brings_their_hands_together_to_clap,73,True
4169,0.5321,0.4914,0.2615,A_person_swings_their_left_arm_back_and_forth,76,True
4170,0.5379,0.4862,0.2615,Someone_elevates_their_knee_to_their_chest,68,True
4171,0.4032,0.6486,0.2615,A_person_applies_pressure_to_push_a_heavy_object,70,True
4172,0.4507,0.5804,0.2616,A_person_pushes_an_object_that_is_hard_to_lift,44,True
4173,0.4723,0.5539,0.2616,Someone_does_push-up_exercises,10,True
4174,0.5033,0.5197,0.2616,An_individual_does_a_turning_pirouette,78,True
4175,0.5721,0.4572,0.2616,A_person_practices_push-ups,4,True
4176,0.4862,0.538,0.2616,Someone_gestures_with_their_left_arm,31,True
4177,0.489,0.5352,0.2617,A_person_stretches_to_touch_their_toes_and_then_rises,33,True
4178,0.529,0.4947,0.2617,An_individual_exerts_force_on_a_heavy_object,84,True
4179,0.5064,0.5169,0.2618,Someone_performs_a_forward_roll_and_then_stands,91,True
4180,0.5041,0.5194,0.2618,Someone_brings_their_hands_together_to_clap,87,True
4181,0.4293,0.6099,0.2618,A_person_performs_a_clap,1,True
4182,0.5024,0.5211,0.2618,Someone_does_a_pirouette,24,True
4183,0.4565,0.5736,0.2618,Someone_is_moving_a_bulky_object_by_pushing,94,True
4184,0.6131,0.4272,0.2619,A_person_carries_out_push-ups,10,True
4185,0.4989,0.5248,0.2619,Someone_does_a_quick_spin_in_a_pirouette,93,True
4186,0.4315,0.607,0.2619,An_individual_pushes_a_heavy_item,30,True
4187,0.4527,0.5785,0.2619,Someone_does_push-up_exercises,53,True
4188,0.5354,0.4894,0.262,An_individual_raises_their_right_arm_to_make_contact_with_their_head,42,True
4189,0.423,0.6194,0.262,A_person_performs_a_clap,65,True
4190,0.4387,0.5973,0.262,A_person_rolls_forward_and_returns_to_a_standing_position,54,True
4191,0.6181,0.4239,0.262,An_individual_goes_down_to_touch_their_toes_and_then_stands_back_up,60,True
4192,0.4752,0.5512,0.262,Someone_does_push-up_exercises,37,True
4193,0.5088,0.5149,0.262,Someone_performs_a_pirouette,35,True
4194,0.5099,0.5141,0.2621,A_person_applies_pressure_to_push_a_heavy_object,79,True
4195,0.5039,0.5201,0.2621,An_individual_completes_a_pirouette,85,True
4196,0.4338,0.6041,0.2621,A_person_pushes_an_object_that_is_hard_to_lift,90,True
4197,0.5425,0.4832,0.2621,A_person_moves_a_heavy_object_by_pushing,52,True
4198,0.6414,0.4087,0.2621,A_person_brings_their_right_arm_up_to_their_head,84,True
4199,0.5365,0.4885,0.2621,An_individual_brings_their_knee_close_to_their_chest,78,True
4200,0.5066,0.5175,0.2622,A_person_goes_up_into_the_air,26,True
4201,0.441,0.5946,0.2622,A_person_gives_a_round_of_applause,4,True
4202,0.4557,0.5754,0.2622,A_person_jumps_really_high,11,True
4203,0.5223,0.502,0.2622,An_individual_lifts_a_knee_up_to_their_chest,65,True
4204,0.5028,0.5217,0.2623,Someone_does_push-up_exercises,91,True
4205,0.4914,0.5338,0.2623,Someone_does_a_pirouette,44,True
4206,0.4563,0.5748,0.2623,An_individual_jumps_up_into_the_air,21,True
4207,0.4345,0.6037,0.2623,An_individual_rolls_forward_and_rises,33,True
4208,0.5956,0.4404,0.2623,A_person_bends_to_touch_their_toes_and_stands_again,30,True
4209,0.5087,0.5156,0.2623,An_individual_completes_a_pirouette,7,True
4210,0.4359,0.6017,0.2623,A_person_stretches_to_touch_their_toes_and_then_rises,96,True
4211,0.5781,0.4537,0.2623,Someone_brings_their_hands_together_to_clap,31,True
4212,0.5665,0.4631,0.2623,Someone_brings_their_hands_together_to_clap,32,True
4213,0.4494,0.5837,0.2623,An_individual_pushes_a_heavy_item,37,True
4214,0.4555,0.5759,0.2623,An_individual_pushes_a_heavy_item,70,True
4215,0.5034,0.5212,0.2624,A_person_reaches_for_their_toes_and_gets_back_up,17,True
4216,0.4486,0.5848,0.2624,An_individual_pushes_a_heavy_object,13,True
4217,0.5107,0.5141,0.2625,A_person_brings_their_knee_in_towards_their_chest,6,True
4218,0.4793,0.5477,0.2625,An_individual_tries_to_push_a_heavy_thing,21,True
4219,0.51,0.5148,0.2625,A_person_pulls_their_knee_up_to_their_chest,11,True
4220,0.5001,0.525,0.2625,An_individual_does_a_turning_pirouette,29,True
4221,0.5106,0.5141,0.2625,Someone_touches_their_toes_and_stands_back_up,23,True
4222,0.5837,0.4497,0.2625,Someone_brings_their_hands_together_to_clap,41,True
4223,0.5685,0.4618,0.2625,A_person_turns_around_in_a_pirouette,57,True
4224,0.5115,0.5132,0.2625,Someone_is_moving_a_bulky_object_by_pushing,8,True
4225,0.5448,0.4818,0.2625,A_person_bends_to_touch_their_toes_and_stands_again,89,True
4226,0.642,0.4091,0.2626,An_individual_brings_their_knee_close_to_their_chest,48,True
4227,0.5146,0.5104,0.2626,Someone_elevates_their_knee_to_their_chest,90,True
4228,0.6577,0.3992,0.2626,A_person_bends_to_touch_their_toes_and_stands_again,36,True
4229,0.4691,0.5597,0.2626,A_person_applies_pressure_to_push_a_heavy_object,63,True
4230,0.5359,0.4899,0.2626,An_individual_hops_up_high,83,True
4231,0.4658,0.5637,0.2626,Someone_does_push-up_exercises,48,True
4232,0.6129,0.4284,0.2626,Someone_brings_their_knee_up_to_their_chest,93,True
4233,0.4745,0.5537,0.2627,A_person_moves_a_heavy_object_by_pushing,32,True
4234,0.4735,0.5548,0.2627,An_individual_claps_in_celebration,91,True
4235,0.5122,0.513,0.2627,Someone_leaps_up_high,35,True
4236,0.4605,0.5705,0.2627,An_individual_pushes_a_heavy_item,4,True
4237,0.5321,0.4937,0.2627,An_individual_does_a_turning_pirouette,52,True
4238,0.4743,0.5539,0.2627,Someone_does_push-up_exercises,19,True
4239,0.5706,0.4604,0.2627,Someone_brings_their_hands_together_to_clap,94,True
4240,0.4784,0.5494,0.2628,Someone_makes_a_full_turn_in_a_pirouette,68,True
4241,0.5945,0.4421,0.2628,A_person_bends_to_touch_their_toes_and_stands_again,10,True
4242,0.6441,0.4083,0.2629,A_person_carries_out_push-ups,6,True
4243,0.5482,0.4796,0.2629,Someone_performs_a_pirouette,89,True
4244,0.5662,0.4643,0.2629,Someone_touches_their_toes_and_then_lifts_themselves_up,33,True
4245,0.4984,0.5276,0.2629,A_person_stretches_to_touch_their_toes_and_then_rises,26,True
4246,0.599,0.4388,0.2629,An_individual_engages_in_push-ups,69,True
4247,0.5053,0.5204,0.263,An_individual_dances_a_pirouette,14,True
4248,0.5645,0.466,0.263,Someone_does_a_quick_spin_in_a_pirouette,46,True
4249,0.6118,0.4299,0.263,Someone_bends_down_to_touch_their_toes_and_then_stands_up,12,True
4250,0.4014,0.6554,0.263,An_individual_rolls_forward_and_quickly_gets_up,79,True
4251,0.5922,0.4443,0.2631,Someone_leans_down_to_touch_their_toes_and_stands_back_up,77,True
4252,0.4589,0.5734,0.2631,An_individual_brings_their_knee_close_to_their_chest,45,True
4253,0.5506,0.4779,0.2631,Someone_shoves_a_weighty_object,45,True
4254,0.5687,0.4625,0.2631,Someone_positions_their_knee_at_chest_height,34,True
4255,0.4745,0.5547,0.2632,A_person_applies_pressure_to_push_a_heavy_object,54,True
4256,0.5086,0.5174,0.2632,Someone_performs_a_pirouette,50,True
4257,0.5086,0.5175,0.2632,A_person_performs_push-ups,46,True
4258,0.5069,0.5192,0.2632,Someone_leaps_up_high,47,True
4259,0.5621,0.4685,0.2633,A_person_brings_their_right_arm_up_to_their_head,26,True
4260,0.535,0.4922,0.2633,Someone_gestures_with_their_left_arm,18,True
4261,0.5482,0.4803,0.2633,Someone_makes_a_full_turn_in_a_pirouette,80,True
4262,0.5907,0.4458,0.2633,Someone_shoves_a_weighty_object,0,True
4263,0.5379,0.4896,0.2634,An_individual_does_a_turning_pirouette,53,True
4264,0.49,0.5375,0.2634,A_person_reaches_for_their_toes_and_gets_back_up,21,True
4265,0.5286,0.4982,0.2634,An_individual_puts_their_hands_together_to_clap,81,True
4266,0.4745,0.5552,0.2634,An_individual_dances_a_pirouette,33,True
4267,0.4601,0.5725,0.2634,Someone_does_a_pirouette,97,True
4268,0.5063,0.5204,0.2635,An_individual_rolls_forward_and_quickly_gets_up,41,True
4269,0.492,0.5358,0.2636,An_individual_pushes_something_heavy,22,True
4270,0.4694,0.5617,0.2636,A_person_reaches_for_their_toes_and_gets_back_up,25,True
4271,0.4885,0.5396,0.2636,Someone_is_moving_a_bulky_object_by_pushing,45,True
4272,0.4544,0.5801,0.2636,An_individual_goes_down_to_touch_their_toes_and_then_stands_back_up,31,True
4273,0.418,0.631,0.2637,Someone_is_moving_a_bulky_object_by_pushing,17,True
4274,0.4911,0.537,0.2637,An_individual_jumps_up_into_the_air,69,True
4275,0.4908,0.5373,0.2637,Someone_makes_a_full_turn_in_a_pirouette,13,True
4276,0.6875,0.3837,0.2638,Someone_waves_with_their_left_arm,97,True
4277,0.5335,0.4946,0.2638,A_person_stretches_to_touch_their_toes_and_then_rises,69,True
4278,0.5728,0.4604,0.2638,A_person_swings_their_left_arm_back_and_forth,69,True
4279,0.4583,0.5759,0.2639,A_person_claps,52,True
4280,0.6782,0.3892,0.2639,A_person_brings_their_knee_in_towards_their_chest,24,True
4281,0.508,0.5195,0.2639,An_individual_lifts_a_knee_up_to_their_chest,3,True
4282,0.476,0.5543,0.2639,Someone_touches_their_toes_and_stands_back_up,57,True
4283,0.4872,0.5417,0.2639,A_person_moves_their_right_arm_to_touch_their_head,39,True
4284,0.5639,0.468,0.2639,Someone_shoves_a_weighty_object,24,True
4285,0.5673,0.4654,0.264,An_individual_engages_in_push-ups,93,True
4286,0.5006,0.5274,0.264,A_person_jumps_straight_up,69,True
4287,0.4521,0.5839,0.264,An_individual_claps_in_celebration,58,True
4288,0.4835,0.5462,0.2641,Someone_rolls_in_a_forward_motion_and_stands_up,84,True
4289,0.4517,0.5846,0.2641,A_person_does_a_high_jump,85,True
4290,0.4697,0.5625,0.2642,A_person_swings_their_left_arm_back_and_forth,73,True
4291,0.4859,0.5439,0.2642,Someone_shoves_a_weighty_object,28,True
4292,0.4687,0.5638,0.2642,A_person_moves_a_heavy_object_by_pushing,42,True
4293,0.5268,0.5014,0.2642,Someone_leaps_up_high,93,True
4294,0.4653,0.5678,0.2642,A_person_does_a_forward_roll_and_gets_up,2,True
4295,0.4586,0.5763,0.2643,An_individual_makes_a_high_jump,18,True
4296,0.473,0.5588,0.2643,Someone_executes_a_pirouette,87,True
4297,0.5515,0.4793,0.2643,A_person_creates_a_clapping_noise_with_their_hands,78,True
4298,0.5588,0.4731,0.2644,A_person_goes_up_into_the_air,95,True
4299,0.5451,0.4851,0.2644,A_person_bends_their_leg_and_raises_their_knee_to_their_chest,15,True
4300,0.634,0.417,0.2644,A_person_carries_out_push-ups,33,True
4301,0.6428,0.4113,0.2644,An_individual_goes_down_to_touch_their_toes_and_then_stands_back_up,22,True
4302,0.5008,0.528,0.2644,Someone_does_push-up_exercises,4,True
4303,0.4729,0.5594,0.2645,An_individual_dances_a_pirouette,17,True
4304,0.5502,0.4808,0.2645,A_person_performs_push-ups,35,True
4305,0.4664,0.567,0.2645,Someone_is_moving_a_bulky_object_by_pushing,51,True
4306,0.4684,0.5647,0.2645,Someone_does_push-up_exercises,15,True
4307,0.4928,0.537,0.2646,Someone_does_a_quick_spin_in_a_pirouette,78,True
4308,0.4818,0.5491,0.2646,A_person_applies_pressure_to_push_a_heavy_object,53,True
4309,0.5233,0.5056,0.2646,A_person_claps,96,True
4310,0.5616,0.4711,0.2646,An_individual_tries_to_push_a_heavy_thing,98,True
4311,0.5741,0.461,0.2646,A_person_performs_push-ups,78,True
4312,0.5183,0.5107,0.2647,Someone_pushes_off_the_ground_and_rises,93,True
4313,0.4823,0.5488,0.2647,An_individual_pushes_a_heavy_object,9,True
4314,0.5686,0.4656,0.2647,Someone_touches_their_toes_and_stands_back_up,1,True
4315,0.4856,0.5452,0.2647,A_person_moves_a_heavy_object_by_pushing,11,True
4316,0.5926,0.4467,0.2647,Someone_bends_down_to_touch_their_toes_and_then_stands_up,76,True
4317,0.4476,0.5917,0.2648,A_person_performs_a_clap,62,True
4318,0.5249,0.5045,0.2648,An_individual_pushes_a_heavy_object,52,True
4319,0.6228,0.4253,0.2648,A_person_rolls_ahead_and_gets_back_on_their_feet,82,True
4320,0.528,0.5015,0.2648,A_person_practices_push-ups,29,True
4321,0.4826,0.5488,0.2648,An_individual_lifts_a_knee_up_to_their_chest,42,True
4322,0.5754,0.4602,0.2648,Someone_positions_their_knee_at_chest_height,50,True
4323,0.503,0.5267,0.2649,Someone_elevates_their_knee_to_their_chest,95,True
4324,0.6059,0.4372,0.2649,Someone_positions_their_knee_at_chest_height,6,True
4325,0.5348,0.4953,0.2649,Someone_executes_a_pirouette,50,True
4326,0.4513,0.587,0.2649,Someone_shoves_a_weighty_object,69,True
4327,0.5548,0.4776,0.265,An_individual_lifts_a_knee_up_to_their_chest,54,True
4328,0.4847,0.5467,0.265,An_individual_makes_a_high_jump,65,True
4329,0.5099,0.5196,0.265,An_individual_brings_their_knee_close_to_their_chest,89,True
4330,0.4616,0.5742,0.2651,An_individual_rolls_forward_and_rises,39,True
4331,0.4232,0.6265,0.2651,Someone_is_moving_a_bulky_object_by_pushing,66,True
4332,0.5387,0.4922,0.2651,Someone_performs_a_forward_roll_and_then_stands,2,True
4333,0.5177,0.5123,0.2652,Someone_moves_forward_by_rolling_and_then_stands,26,True
4334,0.5814,0.4562,0.2652,A_person_swings_their_left_arm_back_and_forth,23,True
4335,0.5676,0.4674,0.2653,A_person_swings_their_left_arm_back_and_forth,8,True
4336,0.468,0.5669,0.2653,An_individual_rolls_forward_and_rises,19,True
4337,0.4803,0.5522,0.2653,An_individual_makes_a_high_jump,26,True
4338,0.4822,0.5501,0.2653,A_person_moves_a_heavy_object_by_pushing,27,True
4339,0.5004,0.5302,0.2653,An_individual_hops_up_high,6,True
4340,0.5146,0.5158,0.2654,An_individual_completes_a_pirouette,42,True
4341,0.5426,0.4891,0.2654,A_person_swings_their_left_arm_back_and_forth,71,True
4342,0.5204,0.51,0.2654,Someone_brings_their_hands_together_to_clap,96,True
4343,0.5269,0.5039,0.2655,Someone_elevates_their_knee_to_their_chest,12,True
4344,0.5948,0.4463,0.2655,Someone_positions_their_knee_at_chest_height,38,True
4345,0.5481,0.4844,0.2655,An_individual_raises_their_right_arm_to_make_contact_with_their_head,64,True
4346,0.5199,0.5108,0.2655,An_individual_completes_a_pirouette,84,True
4347,0.4518,0.5875,0.2655,A_person_jumps_really_high,61,True
4348,0.4553,0.5833,0.2656,A_person_rolls_forward_and_returns_to_a_standing_position,3,True
4349,0.5822,0.4563,0.2656,An_individual_rolls_forward_and_quickly_gets_up,4,True
4350,0.4698,0.5653,0.2656,An_individual_pushes_a_heavy_object,57,True
4351,0.5718,0.4648,0.2657,A_person_performs_push-ups,40,True
4352,0.5073,0.5238,0.2657,Someone_makes_a_full_turn_in_a_pirouette,46,True
4353,0.4808,0.5527,0.2657,Someone_pushes_a_large_object,2,True
4354,0.5257,0.5054,0.2657,A_person_performs_push-ups,15,True
4355,0.4492,0.5917,0.2658,An_individual_claps_in_celebration,63,True
4356,0.4957,0.5362,0.2658,An_individual_pushes_a_heavy_object,78,True
4357,0.5787,0.4594,0.2658,An_individual_raises_their_right_arm_to_make_contact_with_their_head,78,True
4358,0.4629,0.5741,0.2658,Someone_does_push-up_exercises,80,True
4359,0.5153,0.5158,0.2658,Someone_elevates_their_knee_to_their_chest,49,True
4360,0.5286,0.503,0.2659,Someone_rolls_in_a_forward_motion_and_stands_up,80,True
4361,0.5577,0.4768,0.2659,Someone_does_a_pirouette,64,True
4362,0.5325,0.4993,0.2659,A_person_reaches_for_their_toes_and_gets_back_up,86,True
4363,0.4701,0.566,0.266,A_person_goes_up_into_the_air,90,True
4364,0.5011,0.5308,0.266,Someone_performs_a_pirouette,28,True
4365,0.5772,0.4608,0.266,A_person_performs_push-ups,49,True
4366,0.534,0.4982,0.2661,Someone_positions_their_knee_at_chest_height,54,True
4367,0.5747,0.4631,0.2661,An_individual_does_a_turning_pirouette,49,True
4368,0.4823,0.5518,0.2661,A_person_jumps_really_high,60,True
4369,0.4719,0.5639,0.2661,Someone_makes_a_clapping_sound,54,True
4370,0.5741,0.4638,0.2662,Someone_brings_their_knee_up_to_their_chest,88,True
4371,0.4349,0.6121,0.2662,Someone_does_push-up_exercises,38,True
4372,0.4689,0.5676,0.2662,Someone_pushes_a_large_object,83,True
4373,0.5218,0.5103,0.2662,Someone_shoves_a_weighty_object,71,True
4374,0.4845,0.5496,0.2663,A_person_reaches_for_their_toes_and_gets_back_up,15,True
4375,0.5384,0.4946,0.2663,Someone_brings_their_knee_up_to_their_chest,73,True
4376,0.5091,0.5231,0.2663,Someone_brings_their_knee_up_to_their_chest,28,True
4377,0.5957,0.4471,0.2664,Someone_brings_their_hands_together_to_clap,35,True
4378,0.5371,0.4959,0.2664,An_individual_raises_their_right_arm_to_make_contact_with_their_head,20,True
4379,0.5151,0.5173,0.2664,Someone_does_a_quick_spin_in_a_pirouette,82,True
4380,0.5473,0.487,0.2665,A_person_moves_their_right_arm_to_touch_their_head,17,True
4381,0.449,0.5934,0.2665,Someone_is_moving_a_bulky_object_by_pushing,87,True
4382,0.5513,0.4834,0.2665,An_individual_does_a_turning_pirouette,11,True
4383,0.6094,0.4374,0.2666,A_person_does_a_forward_roll_and_gets_up,25,True
4384,0.4532,0.5884,0.2666,Someone_positions_their_knee_at_chest_height,91,True
4385,0.5025,0.5306,0.2666,An_individual_raises_their_right_arm_to_make_contact_with_their_head,71,True
4386,0.554,0.4812,0.2666,An_individual_brings_their_knee_close_to_their_chest,31,True
4387,0.5937,0.449,0.2666,Someone_leans_down_to_touch_their_toes_and_stands_back_up,45,True
4388,0.4005,0.6658,0.2667,A_person_does_a_high_jump,40,True
4389,0.5053,0.5279,0.2667,Someone_brings_their_knee_up_to_their_chest,31,True
4390,0.4709,0.5664,0.2667,Someone_pushes_a_large_object,82,True
4391,0.5611,0.4754,0.2667,Someone_rolls_forward_and_stands_up,27,True
4392,0.5238,0.5094,0.2668,Someone_brings_their_hands_together_to_clap,76,True
4393,0.4857,0.5493,0.2668,An_individual_brings_their_knee_close_to_their_chest,13,True
4394,0.468,0.5701,0.2668,Someone_does_push-up_exercises,50,True
4395,0.479,0.5571,0.2668,A_person_jumps_really_high,65,True
4396,0.4941,0.54,0.2668,Someone_shoves_a_weighty_object,62,True
4397,0.5371,0.4968,0.2668,A_person_turns_around_in_a_pirouette,87,True
4398,0.5069,0.5265,0.2669,An_individual_rolls_forward_and_quickly_gets_up,12,True
4399,0.515,0.5183,0.2669,Someone_performs_a_forward_roll_and_then_stands,12,True
4400,0.5433,0.4912,0.2669,An_individual_goes_down_to_touch_their_toes_and_then_stands_back_up,39,True
4401,0.5048,0.529,0.267,An_individual_tries_to_push_a_heavy_thing,95,True
4402,0.4371,0.6109,0.267,An_individual_pushes_a_heavy_item,27,True
4403,0.5494,0.4859,0.267,A_person_applies_pressure_to_push_a_heavy_object,18,True
4404,0.4638,0.5758,0.267,Someone_is_moving_a_bulky_object_by_pushing,82,True
4405,0.5011,0.5331,0.2671,An_individual_puts_their_hands_together_to_clap,59,True
4406,0.6009,0.4445,0.2671,Someone_performs_a_pirouette,10,True
4407,0.6306,0.4235,0.2671,A_person_bends_to_touch_their_toes_and_stands_again,69,True
4408,0.5407,0.4942,0.2672,Someone_leaps_up_high,87,True
4409,0.6096,0.4383,0.2672,An_individual_engages_in_push-ups,2,True
4410,0.5995,0.4459,0.2673,An_individual_does_a_turning_pirouette,38,True
4411,0.5059,0.5285,0.2673,A_person_pulls_their_knee_up_to_their_chest,92,True
4412,0.5064,0.528,0.2674,A_person_does_a_forward_roll_and_gets_up,42,True
4413,0.463,0.5775,0.2674,An_individual_exerts_force_on_a_heavy_object,51,True
4414,0.4653,0.5749,0.2675,An_individual_makes_a_high_jump,51,True
4415,0.4792,0.5585,0.2676,A_person_does_a_high_jump,52,True
4416,0.4962,0.5394,0.2676,A_person_does_a_forward_roll_and_gets_up,89,True
4417,0.516,0.5185,0.2676,A_person_claps,58,True
4418,0.5083,0.5265,0.2676,Someone_rolls_in_a_forward_motion_and_stands_up,16,True
4419,0.4919,0.5441,0.2676,Someone_is_moving_a_bulky_object_by_pushing,24,True
4420,0.5687,0.4706,0.2676,An_individual_touches_their_toes_and_returns_to_a_standing_position,31,True
4421,0.4605,0.5811,0.2676,An_individual_rolls_forward_and_rises,78,True
4422,0.5678,0.4715,0.2677,A_person_practices_push-ups,96,True
4423,0.5261,0.5089,0.2677,Someone_shoves_a_weighty_object,40,True
4424,0.4358,0.6143,0.2677,An_individual_claps_in_celebration,80,True
4425,0.5206,0.5141,0.2677,A_person_applies_pressure_to_push_a_heavy_object,78,True
4426,0.5528,0.4843,0.2677,A_person_pushes_an_object_that_is_hard_to_lift,95,True
4427,0.4238,0.6318,0.2677,A_person_performs_a_clap,40,True
4428,0.5264,0.5086,0.2678,Someone_elevates_their_knee_to_their_chest,13,True
4429,0.5103,0.5248,0.2678,Someone_rolls_forward_and_stands_up,64,True
4430,0.4654,0.5755,0.2678,A_person_does_a_forward_roll_and_gets_up,56,True
4431,0.6268,0.4272,0.2678,A_person_bends_to_touch_their_toes_and_stands_again,92,True
4432,0.5664,0.4731,0.2679,A_person_bends_their_leg_and_raises_their_knee_to_their_chest,96,True
4433,0.4842,0.5533,0.2679,A_person_claps,48,True
4434,0.6161,0.4348,0.2679,Someone_bends_down_to_touch_their_toes_and_then_stands_up,82,True
4435,0.5376,0.4983,0.2679,Someone_shoves_a_weighty_object,16,True
4436,0.4571,0.5863,0.268,A_person_swings_their_left_arm_back_and_forth,38,True
4437,0.4954,0.5409,0.268,A_person_goes_up_into_the_air,68,True
4438,0.5164,0.5191,0.268,Someone_performs_a_forward_roll_and_then_stands,32,True
4439,0.641,0.4181,0.268,Someone_performs_a_pirouette,53,True
4440,0.498,0.5381,0.268,Someone_does_push-up_exercises,32,True
4441,0.4778,0.561,0.268,A_person_applies_pressure_to_push_a_heavy_object,64,True
4442,0.5407,0.4957,0.268,A_person_applies_pressure_to_push_a_heavy_object,76,True
4443,0.5064,0.5293,0.268,Someone_leaps_up_high,30,True
4444,0.4809,0.5572,0.268,A_person_moves_a_heavy_object_by_pushing,73,True
4445,0.4734,0.566,0.268,A_person_gives_a_round_of_applause,77,True
4446,0.4947,0.5417,0.268,A_person_brings_their_knee_in_towards_their_chest,81,True
4447,0.4386,0.6109,0.268,Someone_is_moving_a_bulky_object_by_pushing,39,True
4448,0.5858,0.4577,0.2681,A_person_rolls_ahead_and_gets_back_on_their_feet,9,True
4449,0.5312,0.5047,0.2681,Someone_touches_their_toes_and_then_lifts_themselves_up,8,True
4450,0.4903,0.5469,0.2681,A_person_does_a_forward_roll_and_gets_up,93,True
4451,0.5407,0.4958,0.2681,An_individual_makes_a_clapping_motion,93,True
4452,0.4849,0.553,0.2682,An_individual_jumps_up_into_the_air,27,True
4453,0.4932,0.5438,0.2682,A_person_pushes_an_object_that_is_hard_to_lift,60,True
4454,0.4537,0.5912,0.2682,Someone_does_push-up_exercises,40,True
4455,0.474,0.5658,0.2682,A_person_rolls_forward_and_returns_to_a_standing_position,71,True
4456,0.4867,0.5512,0.2682,Someone_elevates_their_knee_to_their_chest,92,True
4457,0.426,0.6296,0.2682,A_person_rolls_ahead_and_gets_back_on_their_feet,69,True
4458,0.4568,0.5874,0.2683,An_individual_brings_their_knee_close_to_their_chest,66,True
4459,0.5519,0.4861,0.2683,Someone_does_a_quick_spin_in_a_pirouette,65,True
4460,0.4414,0.6081,0.2684,A_person_gives_a_round_of_applause,70,True
4461,0.5722,0.4691,0.2684,An_individual_reaches_down_to_their_toes_and_stands_up_straight,33,True
4462,0.4835,0.5553,0.2685,A_person_claps_their_hands,90,True
4463,0.5081,0.5285,0.2685,Someone_does_push-up_exercises,74,True
4464,0.4352,0.6169,0.2685,An_individual_raises_a_knee_towards_their_chest,76,True
4465,0.4754,0.5649,0.2686,Someone_touches_their_toes_and_stands_back_up,34,True
4466,0.5208,0.5157,0.2686,Someone_shoves_a_weighty_object,97,True
4467,0.5341,0.5029,0.2686,A_person_does_a_forward_roll_and_gets_up,57,True
4468,0.5023,0.5347,0.2686,Someone_executes_a_pirouette,8,True
4469,0.5038,0.5332,0.2686,A_person_bends_their_leg_and_raises_their_knee_to_their_chest,36,True
4470,0.6412,0.4191,0.2687,A_person_brings_their_right_arm_up_to_their_head,45,True
4471,0.5261,0.5108,0.2687,Someone_pushes_off_the_ground_and_rises,5,True
4472,0.5,0.5374,0.2687,A_person_goes_up_into_the_air,60,True
4473,0.449,0.5983,0.2687,An_individual_pushes_a_heavy_item,43,True
4474,0.5086,0.5283,0.2687,Someone_pushes_off_the_ground_and_rises,26,True
4475,0.5921,0.4538,0.2687,An_individual_does_a_turning_pirouette,77,True
4476,0.4961,0.5415,0.2687,An_individual_pushes_something_heavy,61,True
4477,0.4433,0.6062,0.2687,An_individual_tumbles_forward_and_then_gets_up,78,True
4478,0.5829,0.4612,0.2688,An_individual_engages_in_push-ups,0,True
4479,0.6023,0.4462,0.2688,A_person_carries_out_push-ups,84,True
4480,0.4284,0.6274,0.2688,An_individual_pushes_a_heavy_item,56,True
4481,0.5793,0.4642,0.2689,A_person_performs_push-ups,74,True
4482,0.5075,0.5299,0.2689,A_person_claps_their_hands,20,True
4483,0.4454,0.6039,0.2689,An_individual_rolls_forward_and_rises,36,True
4484,0.4715,0.5702,0.2689,A_person_goes_up_into_the_air,34,True
4485,0.6016,0.4471,0.269,A_person_spins_in_a_pirouette,27,True
4486,0.5086,0.529,0.269,An_individual_exerts_force_on_a_heavy_object,64,True
4487,0.469,0.5737,0.269,A_person_goes_up_into_the_air,28,True
4488,0.5545,0.4853,0.2691,An_individual_brings_their_knee_close_to_their_chest,44,True
4489,0.5172,0.5203,0.2691,An_individual_tries_to_push_a_heavy_thing,14,True
4490,0.5905,0.4557,0.2691,A_person_practices_push-ups,69,True
4491,0.4876,0.5518,0.2691,Someone_does_a_pirouette,66,True
4492,0.4582,0.5873,0.2691,A_person_swings_their_left_arm_back_and_forth,95,True
4493,0.6112,0.4404,0.2691,Someone_reaches_up_with_their_right_arm_to_their_head,27,True
4494,0.495,0.5436,0.2691,Someone_shoves_a_weighty_object,53,True
4495,0.4896,0.5497,0.2691,Someone_positions_their_knee_at_chest_height,43,True
4496,0.6777,0.3971,0.2692,A_person_brings_their_knee_in_towards_their_chest,44,True
4497,0.4844,0.5557,0.2692,An_individual_pushes_something_heavy,74,True
4498,0.4353,0.6184,0.2692,An_individual_rolls_forward_and_rises,44,True
4499,0.4923,0.5467,0.2692,Someone_does_push-up_exercises,36,True
4500,0.5706,0.472,0.2693,Someone_touches_their_toes_and_then_lifts_themselves_up,5,True
4501,0.491,0.5486,0.2693,An_individual_pushes_a_heavy_object,42,True
4502,0.4953,0.5437,0.2693,Someone_does_push-up_exercises,45,True
4503,0.6679,0.4033,0.2694,Someone_positions_their_knee_at_chest_height,45,True
4504,0.5398,0.4992,0.2694,An_individual_does_a_turning_pirouette,74,True
4505,0.4691,0.5742,0.2694,Someone_pushes_a_large_object,66,True
4506,0.4805,0.5607,0.2694,Someone_rolls_in_a_forward_motion_and_stands_up,92,True
4507,0.5057,0.533,0.2695,A_person_goes_up_into_the_air,67,True
4508,0.4833,0.5577,0.2695,An_individual_rolls_forward_and_quickly_gets_up,70,True
4509,0.6059,0.4449,0.2695,A_person_brings_their_right_arm_up_to_their_head,58,True
4510,0.4962,0.5431,0.2695,Someone_executes_a_pirouette,47,True
4511,0.4355,0.6188,0.2695,Someone_does_push-up_exercises,58,True
4512,0.6112,0.4409,0.2695,Someone_reaches_up_with_their_right_arm_to_their_head,9,True
4513,0.5117,0.5267,0.2695,A_person_turns_around_in_a_pirouette,85,True
4514,0.5246,0.5137,0.2695,Someone_positions_their_knee_at_chest_height,66,True
4515,0.4791,0.5627,0.2696,A_person_goes_up_into_the_air,84,True
4516,0.6654,0.4052,0.2696,An_individual_waves_hello_with_their_left_arm,10,True
4517,0.4523,0.5961,0.2696,Someone_is_moving_a_bulky_object_by_pushing,48,True
4518,0.4752,0.5672,0.2696,A_person_goes_up_into_the_air,17,True
4519,0.4656,0.579,0.2696,A_person_moves_a_heavy_object_by_pushing,48,True
4520,0.5414,0.498,0.2696,Someone_does_a_quick_spin_in_a_pirouette,38,True
4521,0.4989,0.5407,0.2697,A_person_jumps_really_high,98,True
4522,0.494,0.5459,0.2697,A_person_moves_a_heavy_object_by_pushing,96,True
4523,0.4807,0.5612,0.2697,A_person_applies_pressure_to_push_a_heavy_object,46,True
4524,0.5722,0.4714,0.2697,Someone_makes_a_full_turn_in_a_pirouette,98,True
4525,0.4755,0.5673,0.2698,An_individual_puts_their_hands_together_to_clap,7,True
4526,0.4907,0.55,0.2699,Someone_executes_a_pirouette,7,True
4527,0.4762,0.5667,0.2699,An_individual_makes_a_high_jump,25,True
4528,0.4747,0.5686,0.2699,An_individual_claps_in_celebration,48,True
4529,0.5137,0.5254,0.2699,Someone_does_a_quick_spin_in_a_pirouette,29,True
4530,0.659,0.4096,0.27,A_person_turns_around_in_a_pirouette,65,True
4531,0.6073,0.4446,0.27,Someone_brings_their_hands_together_to_clap,18,True
4532,0.4686,0.5762,0.27,A_person_swings_their_left_arm_back_and_forth,97,True
4533,0.4793,0.5634,0.2701,An_individual_rolls_forward_and_rises,53,True
4534,0.4402,0.6136,0.2701,An_individual_pushes_a_heavy_item,9,True
4535,0.4977,0.5426,0.2701,Someone_applauds_by_clapping,26,True
4536,0.4505,0.5996,0.2701,An_individual_rolls_forward_and_rises,81,True
4537,0.4871,0.5547,0.2702,Someone_performs_a_pirouette,9,True
4538,0.601,0.4496,0.2702,A_person_stretches_to_touch_their_toes_and_then_rises,17,True
4539,0.4817,0.561,0.2702,An_individual_pushes_a_heavy_object,86,True
4540,0.4784,0.5648,0.2702,An_individual_pushes_a_heavy_object,5,True
4541,0.4999,0.5405,0.2702,Someone_pushes_off_the_ground_and_rises,84,True
4542,0.6142,0.4401,0.2703,A_person_performs_push-ups,12,True
4543,0.5197,0.5202,0.2703,Someone_leaps_up_high,85,True
4544,0.5561,0.4862,0.2703,An_individual_exerts_force_on_a_heavy_object,70,True
4545,0.4847,0.5579,0.2704,A_person_pushes_an_object_that_is_hard_to_lift,91,True
4546,0.6282,0.4304,0.2704,A_person_brings_their_knee_in_towards_their_chest,86,True
4547,0.5724,0.4726,0.2705,A_person_turns_around_in_a_pirouette,14,True
4548,0.4645,0.5822,0.2705,Someone_does_push-up_exercises,66,True
4549,0.4807,0.5628,0.2705,An_individual_pushes_a_heavy_item,40,True
4550,0.4624,0.5849,0.2705,An_individual_pushes_a_heavy_item,16,True
4551,0.4966,0.5448,0.2705,Someone_does_a_pirouette,82,True
4552,0.4437,0.6097,0.2705,Someone_is_moving_a_bulky_object_by_pushing,9,True
4553,0.6106,0.443,0.2705,A_person_raises_the_right_arm_to_touch_their_head,17,True
4554,0.6832,0.3959,0.2705,A_person_lifts_their_right_arm_to_touch_their_head,39,True
4555,0.5211,0.5192,0.2706,An_individual_raises_their_right_arm_to_make_contact_with_their_head,24,True
4556,0.6231,0.4343,0.2706,A_person_raises_the_right_arm_to_touch_their_head,64,True
4557,0.5708,0.474,0.2706,Someone_brings_their_hands_together_to_clap,5,True
4558,0.4723,0.5728,0.2706,Someone_pushes_a_large_object,75,True
4559,0.5832,0.4642,0.2707,Someone_brings_their_knee_up_to_their_chest,32,True
4560,0.4559,0.5938,0.2707,A_person_pushes_an_object_that_is_hard_to_lift,13,True
4561,0.5861,0.4618,0.2707,Someone_brings_their_hands_together_to_clap,4,True
4562,0.5189,0.5217,0.2707,An_individual_does_a_turning_pirouette,2,True
4563,0.5144,0.5262,0.2707,Someone_does_push-up_exercises,98,True
4564,0.5507,0.4916,0.2707,An_individual_exerts_force_on_a_heavy_object,58,True
4565,0.5831,0.4645,0.2708,An_individual_lifts_a_knee_up_to_their_chest,46,True
4566,0.5239,0.5169,0.2708,Someone_touches_their_toes_and_stands_back_up,47,True
4567,0.5007,0.5408,0.2708,An_individual_pushes_a_heavy_object,37,True
4568,0.5299,0.5111,0.2709,An_individual_puts_their_hands_together_to_clap,67,True
4569,0.5844,0.4635,0.2709,A_person_lifts_their_knee_to_their_chest,96,True
4570,0.5983,0.4528,0.2709,Someone_bends_down_to_touch_their_toes_and_then_stands_up,28,True
4571,0.432,0.6272,0.2709,A_person_rolls_forward_and_returns_to_a_standing_position,91,True
4572,0.528,0.5133,0.271,Someone_brings_their_hands_together_to_clap,78,True
4573,0.5451,0.4971,0.271,Someone_performs_a_forward_roll_and_then_stands,97,True
4574,0.5628,0.4815,0.271,An_individual_does_a_turning_pirouette,69,True
4575,0.5175,0.5238,0.271,An_individual_tries_to_push_a_heavy_thing,11,True
4576,0.5198,0.5214,0.271,A_person_pushes_an_object_that_is_hard_to_lift,55,True
4577,0.4819,0.5624,0.271,A_person_applies_pressure_to_push_a_heavy_object,1,True
4578,0.4607,0.5882,0.271,An_individual_puts_their_hands_together_to_clap,11,True
4579,0.4906,0.5526,0.2711,A_person_reaches_for_their_toes_and_gets_back_up,82,True
4580,0.619,0.438,0.2711,An_individual_engages_in_push-ups,4,True
4581,0.5397,0.5023,0.2711,An_individual_does_a_turning_pirouette,13,True
4582,0.535,0.5067,0.2711,Someone_does_a_quick_spin_in_a_pirouette,30,True
4583,0.5241,0.5173,0.2711,A_person_claps,42,True
4584,0.6462,0.4195,0.2711,An_individual_engages_in_push-ups,87,True
4585,0.4596,0.5899,0.2711,Someone_positions_their_knee_at_chest_height,53,True
4586,0.5186,0.5229,0.2711,Someone_brings_their_knee_up_to_their_chest,52,True
4587,0.6172,0.4394,0.2712,A_person_bends_to_touch_their_toes_and_stands_again,35,True
4588,0.477,0.5685,0.2712,An_individual_hops_up_high,63,True
4589,0.5811,0.4666,0.2712,A_person_brings_their_right_arm_up_to_their_head,50,True
4590,0.534,0.5079,0.2712,Someone_shoves_a_weighty_object,10,True
4591,0.4663,0.5817,0.2712,An_individual_exerts_force_on_a_heavy_object,48,True
4592,0.6148,0.4412,0.2713,A_person_carries_out_push-ups,50,True
4593,0.4985,0.5445,0.2714,A_person_pushes_an_object_that_is_hard_to_lift,69,True
4594,0.593,0.4576,0.2714,Someone_elevates_their_knee_to_their_chest,47,True
4595,0.5645,0.4808,0.2714,A_person_pulls_their_knee_up_to_their_chest,68,True
4596,0.51,0.5321,0.2714,An_individual_pushes_something_heavy,12,True
4597,0.4906,0.5535,0.2715,Someone_is_moving_a_bulky_object_by_pushing,62,True
4598,0.5043,0.5384,0.2715,An_individual_pushes_something_heavy,47,True
4599,0.5718,0.4749,0.2715,Someone_touches_their_toes_and_then_lifts_themselves_up,61,True
4600,0.4619,0.5878,0.2715,Someone_does_push-up_exercises,81,True
4601,0.5006,0.5424,0.2715,A_person_does_a_forward_roll_and_gets_up,95,True
4602,0.6136,0.4425,0.2715,An_individual_brings_their_knee_close_to_their_chest,73,True
4603,0.5035,0.5394,0.2716,A_person_moves_a_heavy_object_by_pushing,43,True
4604,0.6285,0.4321,0.2716,An_individual_lifts_a_knee_up_to_their_chest,31,True
4605,0.4828,0.5626,0.2716,A_person_moves_a_heavy_object_by_pushing,28,True
4606,0.5324,0.5101,0.2716,An_individual_raises_their_right_arm_to_make_contact_with_their_head,83,True
4607,0.5768,0.4709,0.2716,A_person_swings_their_left_arm_back_and_forth,11,True
4608,0.5164,0.5262,0.2717,Someone_performs_a_forward_roll_and_then_stands,51,True
4609,0.5923,0.4587,0.2717,An_individual_engages_in_push-ups,12,True
4610,0.4866,0.5583,0.2717,A_person_bends_their_leg_and_raises_their_knee_to_their_chest,4,True
4611,0.4883,0.5565,0.2717,Someone_shoves_a_weighty_object,65,True
4612,0.464,0.5854,0.2717,An_individual_rolls_forward_and_rises,93,True
4613,0.4839,0.5614,0.2717,Someone_pushes_a_large_object,81,True
4614,0.589,0.4614,0.2718,Someone_bends_down_to_touch_their_toes_and_then_stands_up,27,True
4615,0.4925,0.5518,0.2718,A_person_claps_their_hands,13,True
4616,0.586,0.4638,0.2718,Someone_bends_down_to_touch_their_toes_and_then_stands_up,61,True
4617,0.455,0.5973,0.2718,Someone_positions_their_knee_at_chest_height,2,True
4618,0.5469,0.4971,0.2719,Someone_does_push-up_exercises,26,True
4619,0.4432,0.6135,0.2719,An_individual_rolls_forward_and_quickly_gets_up,31,True
4620,0.4901,0.5548,0.2719,A_person_does_a_forward_roll_and_gets_up,70,True
4621,0.4635,0.5868,0.272,An_individual_pushes_something_heavy,78,True
4622,0.5256,0.5175,0.272,Someone_shoves_a_weighty_object,12,True
4623,0.6062,0.4488,0.272,A_person_carries_out_push-ups,53,True
4624,0.5319,0.5114,0.272,An_individual_raises_their_right_arm_to_make_contact_with_their_head,55,True
4625,0.5779,0.4708,0.2721,A_person_brings_their_knee_in_towards_their_chest,84,True
4626,0.5104,0.5332,0.2721,A_person_goes_up_into_the_air,96,True
4627,0.5047,0.5394,0.2722,Someone_shoves_a_weighty_object,54,True
4628,0.506,0.5378,0.2722,An_individual_completes_a_pirouette,49,True
4629,0.5559,0.4899,0.2723,An_individual_rolls_forward_and_quickly_gets_up,86,True
4630,0.469,0.5806,0.2723,Someone_is_moving_a_bulky_object_by_pushing,33,True
4631,0.4525,0.6017,0.2723,Someone_pushes_a_large_object,6,True
4632,0.5446,0.5001,0.2723,An_individual_rolls_forward_and_quickly_gets_up,51,True
4633,0.6783,0.4015,0.2723,A_person_raises_the_right_arm_to_touch_their_head,26,True
4634,0.5279,0.5158,0.2723,An_individual_touches_their_toes_and_returns_to_a_standing_position,87,True
4635,0.425,0.6408,0.2723,An_individual_tries_to_push_a_heavy_thing,71,True
4636,0.5178,0.5258,0.2723,Someone_rolls_in_a_forward_motion_and_stands_up,38,True
4637,0.4451,0.612,0.2724,A_person_does_a_high_jump,54,True
4638,0.5213,0.5226,0.2725,A_person_applies_pressure_to_push_a_heavy_object,39,True
4639,0.4501,0.6055,0.2725,Someone_applauds_by_clapping,46,True
4640,0.5148,0.5294,0.2725,Someone_does_push-up_exercises,25,True
4641,0.5049,0.5398,0.2725,Someone_makes_a_full_turn_in_a_pirouette,97,True
4642,0.4805,0.5671,0.2725,An_individual_pushes_a_heavy_object,23,True
4643,0.4193,0.6498,0.2725,An_individual_tumbles_forward_and_then_gets_up,70,True
4644,0.4901,0.5559,0.2725,A_person_does_a_high_jump,15,True
4645,0.4846,0.5626,0.2726,A_person_goes_up_into_the_air,19,True
4646,0.5254,0.5187,0.2726,Someone_makes_a_full_turn_in_a_pirouette,33,True
4647,0.5831,0.4676,0.2726,A_person_creates_a_clapping_noise_with_their_hands,0,True
4648,0.4947,0.5511,0.2726,A_person_rolls_forward_and_returns_to_a_standing_position,24,True
4649,0.4821,0.5656,0.2727,A_person_claps_their_hands,53,True
4650,0.4457,0.6121,0.2728,An_individual_rolls_forward_and_rises,86,True
4651,0.5174,0.5272,0.2728,Someone_does_a_quick_spin_in_a_pirouette,95,True
4652,0.4616,0.5911,0.2729,Someone_is_moving_a_bulky_object_by_pushing,77,True
4653,0.5367,0.5085,0.2729,A_person_reaches_for_their_toes_and_gets_back_up,59,True
4654,0.4795,0.5692,0.2729,Someone_leaps_up_high,71,True
4655,0.454,0.6014,0.273,A_person_jumps_really_high,80,True
4656,0.5626,0.4853,0.273,Someone_brings_their_hands_together_to_clap,58,True
4657,0.4618,0.5912,0.273,Someone_is_moving_a_bulky_object_by_pushing,31,True
4658,0.4738,0.5764,0.2731,Someone_pushes_off_the_ground_and_rises,96,True
4659,0.6321,0.4321,0.2731,A_person_turns_around_in_a_pirouette,36,True
4660,0.4748,0.5752,0.2731,A_person_claps,8,True
4661,0.649,0.4208,0.2731,A_person_brings_their_right_arm_up_to_their_head,65,True
4662,0.4491,0.6085,0.2732,An_individual_pushes_a_heavy_item,8,True
4663,0.4545,0.6011,0.2732,An_individual_raises_their_right_arm_to_make_contact_with_their_head,13,True
4664,0.5629,0.4853,0.2732,Someone_leans_down_to_touch_their_toes_and_stands_back_up,60,True
4665,0.5067,0.5393,0.2732,Someone_rolls_in_a_forward_motion_and_stands_up,17,True
4666,0.4929,0.5543,0.2732,An_individual_puts_their_hands_together_to_clap,93,True
4667,0.4893,0.5586,0.2733,A_person_claps,15,True
4668,0.5705,0.4791,0.2733,A_person_performs_push-ups,64,True
4669,0.5199,0.5256,0.2733,A_person_gives_a_round_of_applause,36,True
4670,0.5225,0.5234,0.2734,An_individual_lifts_a_knee_up_to_their_chest,60,True
4671,0.572,0.4779,0.2734,An_individual_engages_in_push-ups,44,True
4672,0.4682,0.5839,0.2734,Someone_pushes_off_the_ground_and_rises,53,True
4673,0.5536,0.4939,0.2734,A_person_reaches_for_their_toes_and_gets_back_up,74,True
4674,0.535,0.511,0.2734,A_person_rolls_forward_and_returns_to_a_standing_position,96,True
4675,0.6811,0.4014,0.2734,A_person_brings_their_right_arm_up_to_their_head,30,True
4676,0.5008,0.5461,0.2735,A_person_swings_their_left_arm_back_and_forth,70,True
4677,0.5054,0.5411,0.2735,A_person_gives_a_round_of_applause,46,True
4678,0.524,0.5219,0.2735,A_person_pulls_their_knee_up_to_their_chest,80,True
4679,0.4878,0.5606,0.2735,A_person_moves_a_heavy_object_by_pushing,86,True
4680,0.4746,0.5763,0.2735,Someone_touches_their_toes_and_then_lifts_themselves_up,78,True
4681,0.5381,0.5084,0.2736,An_individual_pushes_a_heavy_item,77,True
4682,0.4746,0.5764,0.2736,Someone_is_moving_a_bulky_object_by_pushing,7,True
4683,0.514,0.5323,0.2736,A_person_claps_their_hands,35,True
4684,0.4959,0.5518,0.2736,Someone_touches_their_toes_and_then_lifts_themselves_up,59,True
4685,0.4545,0.6023,0.2737,An_individual_tumbles_forward_and_then_gets_up,87,True
4686,0.4784,0.5721,0.2737,A_person_turns_around_in_a_pirouette,68,True
4687,0.603,0.4539,0.2737,A_person_raises_the_right_arm_to_touch_their_head,42,True
4688,0.5758,0.4755,0.2738,Someone_leans_down_to_touch_their_toes_and_stands_back_up,81,True
4689,0.4894,0.5594,0.2738,A_person_moves_a_heavy_object_by_pushing,49,True
4690,0.5159,0.5308,0.2738,Someone_pushes_off_the_ground_and_rises,43,True
4691,0.5701,0.4802,0.2738,Someone_makes_a_full_turn_in_a_pirouette,50,True
4692,0.577,0.4747,0.2739,An_individual_completes_a_pirouette,24,True
4693,0.5469,0.5009,0.2739,An_individual_jumps_up_into_the_air,11,True
4694,0.6515,0.4206,0.274,A_person_brings_their_right_arm_up_to_their_head,93,True
4695,0.6294,0.4353,0.274,Someone_bends_down_to_touch_their_toes_and_then_stands_up,2,True
4696,0.4816,0.5689,0.274,An_individual_makes_a_high_jump,89,True
4697,0.5378,0.5095,0.274,A_person_reaches_for_their_toes_and_gets_back_up,34,True
4698,0.4916,0.5575,0.2741,Someone_pushes_a_large_object,93,True
4699,0.4846,0.5657,0.2741,A_person_reaches_for_their_toes_and_gets_back_up,3,True
4700,0.4567,0.6003,0.2741,Someone_rolls_in_a_forward_motion_and_stands_up,79,True
4701,0.5044,0.5434,0.2741,Someone_shoves_a_weighty_object,8,True
4702,0.48,0.571,0.2741,A_person_applies_pressure_to_push_a_heavy_object,67,True
4703,0.469,0.5847,0.2742,A_person_claps,73,True
4704,0.4566,0.6008,0.2743,Someone_does_a_pirouette,40,True
4705,0.5957,0.4604,0.2743,Someone_springs_up_off_the_ground,78,True
4706,0.4745,0.5781,0.2743,Someone_is_moving_a_bulky_object_by_pushing,58,True
4707,0.6849,0.4007,0.2744,A_person_raises_the_right_arm_to_touch_their_head,49,True
4708,0.5374,0.5107,0.2744,Someone_does_push-up_exercises,93,True
4709,0.4614,0.5948,0.2744,An_individual_brings_their_knee_close_to_their_chest,8,True
4710,0.535,0.5131,0.2745,An_individual_lifts_a_knee_up_to_their_chest,33,True
4711,0.5712,0.4806,0.2746,An_individual_engages_in_push-ups,14,True
4712,0.6189,0.4437,0.2746,Someone_reaches_up_with_their_right_arm_to_their_head,49,True
4713,0.4979,0.5515,0.2746,Someone_pushes_off_the_ground_and_rises,91,True
4714,0.5046,0.5442,0.2746,A_person_rolls_forward_and_returns_to_a_standing_position,85,True
4715,0.4661,0.5894,0.2747,A_person_does_a_high_jump,25,True
4716,0.5364,0.5122,0.2747,Someone_rolls_in_a_forward_motion_and_stands_up,40,True
4717,0.5835,0.4707,0.2747,An_individual_raises_their_right_arm_to_make_contact_with_their_head,37,True
4718,0.5663,0.4851,0.2748,Someone_brings_their_hands_together_to_clap,93,True
4719,0.5056,0.5434,0.2748,Someone_performs_a_pirouette,26,True
4720,0.5864,0.4688,0.2749,A_person_bends_to_touch_their_toes_and_stands_again,91,True
4721,0.5269,0.522,0.275,An_individual_touches_their_toes_and_returns_to_a_standing_position,91,True
4722,0.5188,0.53,0.275,An_individual_completes_a_pirouette,8,True
4723,0.4731,0.5815,0.2751,An_individual_pushes_something_heavy,76,True
4724,0.5328,0.5163,0.2751,An_individual_tries_to_push_a_heavy_thing,58,True
4725,0.6105,0.4505,0.2751,A_person_bends_to_touch_their_toes_and_stands_again,73,True
4726,0.5794,0.4748,0.2751,An_individual_does_a_turning_pirouette,7,True
4727,0.5933,0.4637,0.2751,An_individual_reaches_down_to_their_toes_and_stands_up_straight,57,True
4728,0.5875,0.4683,0.2751,An_individual_touches_their_toes_and_returns_to_a_standing_position,96,True
4729,0.5872,0.4687,0.2752,A_person_pulls_their_knee_up_to_their_chest,56,True
4730,0.5458,0.5041,0.2752,Someone_does_push-up_exercises,94,True
4731,0.5023,0.5479,0.2752,A_person_goes_up_into_the_air,71,True
4732,0.4551,0.6048,0.2752,A_person_jumps_really_high,77,True
4733,0.4846,0.5679,0.2752,An_individual_pushes_something_heavy,4,True
4734,0.5567,0.4945,0.2753,Someone_shoves_a_weighty_object,26,True
4735,0.4653,0.5916,0.2753,A_person_stretches_to_touch_their_toes_and_then_rises,88,True
4736,0.522,0.5274,0.2753,A_person_jumps_really_high,76,True
4737,0.4707,0.5847,0.2753,An_individual_tries_to_push_a_heavy_thing,59,True
4738,0.5167,0.5328,0.2753,A_person_goes_up_into_the_air,85,True
4739,0.4754,0.5791,0.2753,Someone_pushes_a_large_object,13,True
4740,0.4667,0.5898,0.2753,An_individual_tumbles_forward_and_then_gets_up,99,True
4741,0.5181,0.5313,0.2753,A_person_gives_a_round_of_applause,31,True
4742,0.499,0.5516,0.2753,An_individual_tries_to_push_a_heavy_thing,72,True
4743,0.5219,0.5276,0.2754,An_individual_pushes_something_heavy,70,True
4744,0.5123,0.5376,0.2754,Someone_does_a_pirouette,79,True
4745,0.5701,0.4831,0.2754,Someone_makes_a_full_turn_in_a_pirouette,36,True
4746,0.4975,0.5535,0.2754,Someone_does_a_pirouette,43,True
4747,0.5956,0.4623,0.2754,Someone_brings_their_hands_together_to_clap,75,True
4748,0.4852,0.5677,0.2754,Someone_is_moving_a_bulky_object_by_pushing,93,True
4749,0.4725,0.5828,0.2754,A_person_applies_pressure_to_push_a_heavy_object,97,True
4750,0.5987,0.46,0.2754,A_person_turns_around_in_a_pirouette,80,True
4751,0.4672,0.5894,0.2754,An_individual_exerts_force_on_a_heavy_object,81,True
4752,0.5369,0.5132,0.2755,An_individual_pushes_a_heavy_object,38,True
4753,0.4808,0.5731,0.2755,A_person_moves_a_heavy_object_by_pushing,83,True
4754,0.5538,0.4974,0.2755,A_person_gives_a_round_of_applause,15,True
4755,0.5121,0.538,0.2755,An_individual_rolls_forward_and_rises,59,True
4756,0.5677,0.4853,0.2755,Someone_brings_their_hands_together_to_clap,43,True
4757,0.502,0.5488,0.2755,A_person_claps_their_hands,86,True
4758,0.4517,0.6099,0.2755,A_person_performs_a_clap,75,True
4759,0.5783,0.4766,0.2756,Someone_bends_down_to_touch_their_toes_and_then_stands_up,56,True
4760,0.5929,0.4649,0.2756,Someone_brings_their_knee_up_to_their_chest,10,True
4761,0.6595,0.4181,0.2757,An_individual_reaches_down_to_their_toes_and_stands_up_straight,91,True
4762,0.4509,0.6115,0.2757,An_individual_rolls_forward_and_rises,98,True
4763,0.553,0.4987,0.2758,An_individual_tries_to_push_a_heavy_thing,64,True
4764,0.4648,0.5933,0.2758,Someone_is_moving_a_bulky_object_by_pushing,42,True
4765,0.5311,0.5195,0.2759,An_individual_puts_their_hands_together_to_clap,42,True
4766,0.4984,0.5536,0.2759,A_person_claps_their_hands,96,True
4767,0.5361,0.5146,0.2759,Someone_rolls_in_a_forward_motion_and_stands_up,56,True
4768,0.5414,0.5096,0.2759,Someone_performs_a_forward_roll_and_then_stands,63,True
4769,0.439,0.6288,0.276,An_individual_raises_a_knee_towards_their_chest,28,True
4770,0.5161,0.5348,0.276,Someone_is_moving_a_bulky_object_by_pushing,89,True
4771,0.4686,0.589,0.276,An_individual_exerts_force_on_a_heavy_object,80,True
4772,0.5384,0.5128,0.2761,A_person_pulls_their_knee_up_to_their_chest,83,True
4773,0.5245,0.5267,0.2762,Someone_performs_a_forward_roll_and_then_stands,76,True
4774,0.5764,0.4792,0.2762,Someone_brings_their_hands_together_to_clap,13,True
4775,0.5706,0.484,0.2762,Someone_touches_their_toes_and_then_lifts_themselves_up,74,True
4776,0.568,0.4863,0.2762,An_individual_brings_their_knee_close_to_their_chest,95,True
4777,0.5178,0.5335,0.2762,A_person_applies_pressure_to_push_a_heavy_object,41,True
4778,0.5708,0.4841,0.2763,Someone_brings_their_hands_together_to_clap,63,True
4779,0.4987,0.5543,0.2764,An_individual_exerts_force_on_a_heavy_object,13,True
4780,0.6224,0.4441,0.2764,Someone_brings_their_hands_together_to_clap,40,True
4781,0.5723,0.4829,0.2764,Someone_does_push-up_exercises,84,True
4782,0.5644,0.4897,0.2764,Someone_brings_their_hands_together_to_clap,29,True
4783,0.5284,0.523,0.2764,A_person_does_a_forward_roll_and_gets_up,35,True
4784,0.4698,0.5886,0.2765,An_individual_rolls_forward_and_rises,11,True
4785,0.6025,0.4588,0.2765,Someone_bends_down_to_touch_their_toes_and_then_stands_up,57,True
4786,0.4714,0.5865,0.2765,Someone_is_moving_a_bulky_object_by_pushing,29,True
4787,0.5491,0.5036,0.2765,Someone_moves_forward_by_rolling_and_then_stands,94,True
4788,0.5147,0.5374,0.2766,An_individual_hops_up_high,23,True
4789,0.5656,0.489,0.2766,An_individual_puts_their_hands_together_to_clap,52,True
4790,0.4826,0.5733,0.2767,An_individual_puts_their_hands_together_to_clap,21,True
4791,0.6124,0.4519,0.2767,Someone_brings_their_hands_together_to_clap,55,True
4792,0.4651,0.5949,0.2767,An_individual_pushes_a_heavy_object,49,True
4793,0.5102,0.5424,0.2767,Someone_makes_a_full_turn_in_a_pirouette,45,True
4794,0.6161,0.4493,0.2768,Someone_positions_their_knee_at_chest_height,88,True
4795,0.533,0.5194,0.2768,Someone_does_push-up_exercises,27,True
4796,0.5863,0.4722,0.2768,An_individual_raises_their_right_arm_to_make_contact_with_their_head,86,True
4797,0.5167,0.5357,0.2768,Someone_does_a_pirouette,65,True
4798,0.5112,0.5414,0.2768,An_individual_claps_in_celebration,11,True
4799,0.5883,0.4707,0.2769,A_person_reaches_for_their_toes_and_gets_back_up,16,True
4800,0.4871,0.5683,0.2769,An_individual_touches_their_toes_and_returns_to_a_standing_position,86,True
4801,0.4643,0.5965,0.2769,A_person_pushes_an_object_that_is_hard_to_lift,48,True
4802,0.5174,0.535,0.2769,Someone_is_moving_a_bulky_object_by_pushing,22,True
4803,0.5767,0.4802,0.2769,An_individual_exerts_force_on_a_heavy_object,10,True
4804,0.5523,0.5013,0.2769,A_person_pulls_their_knee_up_to_their_chest,66,True
4805,0.5062,0.547,0.2769,A_person_claps,11,True
4806,0.4683,0.5912,0.2769,A_person_does_a_high_jump,51,True
4807,0.4988,0.5553,0.277,Someone_shoves_a_weighty_object,9,True
4808,0.566,0.4894,0.277,Someone_executes_a_pirouette,20,True
4809,0.5781,0.4791,0.277,A_person_raises_the_right_arm_to_touch_their_head,38,True
4810,0.6223,0.4453,0.2771,Someone_bends_down_to_touch_their_toes_and_then_stands_up,44,True
4811,0.4798,0.5777,0.2772,Someone_is_moving_a_bulky_object_by_pushing,67,True
4812,0.453,0.6119,0.2772,A_person_moves_a_heavy_object_by_pushing,53,True
4813,0.5424,0.5112,0.2772,An_individual_raises_a_knee_towards_their_chest,93,True
4814,0.5509,0.5034,0.2773,Someone_executes_a_pirouette,73,True
4815,0.6128,0.4526,0.2773,A_person_bends_to_touch_their_toes_and_stands_again,64,True
4816,0.5696,0.4868,0.2773,Someone_rolls_in_a_forward_motion_and_stands_up,52,True
4817,0.6452,0.43,0.2774,An_individual_waves_hello_with_their_left_arm,60,True
4818,0.4853,0.5716,0.2774,An_individual_puts_their_hands_together_to_clap,69,True
4819,0.5008,0.5539,0.2774,A_person_goes_up_into_the_air,44,True
4820,0.473,0.5869,0.2776,A_person_jumps_really_high,63,True
4821,0.5521,0.5028,0.2776,An_individual_dances_a_pirouette,2,True
4822,0.5083,0.5461,0.2776,An_individual_raises_their_right_arm_to_make_contact_with_their_head,70,True
4823,0.5496,0.5051,0.2776,An_individual_exerts_force_on_a_heavy_object,45,True
4824,0.5065,0.5481,0.2776,An_individual_raises_their_right_arm_to_make_contact_with_their_head,47,True
4825,0.5394,0.5146,0.2776,Someone_positions_their_knee_at_chest_height,3,True
4826,0.4469,0.621,0.2776,An_individual_pushes_a_heavy_item,79,True
4827,0.6566,0.4228,0.2776,Someone_reaches_up_with_their_right_arm_to_their_head,85,True
4828,0.4929,0.5632,0.2776,An_individual_completes_a_pirouette,22,True
4829,0.6264,0.4431,0.2776,A_person_raises_the_right_arm_to_touch_their_head,37,True
4830,0.4821,0.5761,0.2777,An_individual_pushes_something_heavy,39,True
4831,0.599,0.4636,0.2777,Someone_positions_their_knee_at_chest_height,4,True
4832,0.6678,0.4159,0.2778,Someone_raises_their_right_arm_to_reach_their_head,54,True
4833,0.5286,0.5254,0.2778,An_individual_lifts_a_knee_up_to_their_chest,59,True
4834,0.6186,0.4491,0.2778,Someone_brings_their_hands_together_to_clap,14,True
4835,0.5293,0.5247,0.2778,Someone_is_moving_a_bulky_object_by_pushing,59,True
4836,0.5749,0.4832,0.2778,An_individual_touches_their_toes_and_returns_to_a_standing_position,3,True
4837,0.5792,0.4798,0.2779,An_individual_puts_their_hands_together_to_clap,71,True
4838,0.6565,0.4232,0.2779,Someone_reaches_up_with_their_right_arm_to_their_head,2,True
4839,0.6192,0.4489,0.2779,Someone_brings_their_knee_up_to_their_chest,45,True
4840,0.6312,0.4405,0.278,A_person_brings_their_right_arm_up_to_their_head,63,True
4841,0.4962,0.5603,0.278,An_individual_pushes_a_heavy_object,14,True
4842,0.545,0.5101,0.278,Someone_touches_their_toes_and_stands_back_up,39,True
4843,0.5239,0.5307,0.278,A_person_does_a_forward_roll_and_gets_up,7,True
4844,0.655,0.4244,0.278,A_person_spins_in_a_pirouette,87,True
4845,0.4848,0.5734,0.278,Someone_does_push-up_exercises,8,True
4846,0.4971,0.5596,0.2781,A_person_stretches_to_touch_their_toes_and_then_rises,38,True
4847,0.5254,0.5294,0.2781,A_person_pushes_an_object_that_is_hard_to_lift,18,True
4848,0.5889,0.4722,0.2781,A_person_swings_their_left_arm_back_and_forth,98,True
4849,0.5711,0.487,0.2781,An_individual_rolls_forward_and_quickly_gets_up,14,True
4850,0.5884,0.4728,0.2782,Someone_elevates_their_knee_to_their_chest,66,True
4851,0.4602,0.6045,0.2782,A_person_claps,26,True
4852,0.4641,0.5994,0.2782,Someone_does_a_pirouette,83,True
4853,0.5022,0.554,0.2782,A_person_stretches_to_touch_their_toes_and_then_rises,29,True
4854,0.6194,0.4491,0.2782,A_person_swings_their_left_arm_back_and_forth,80,True
4855,0.5125,0.543,0.2783,Someone_does_a_pirouette,76,True
4856,0.5658,0.4919,0.2783,A_person_bends_to_touch_their_toes_and_stands_again,47,True
4857,0.5412,0.5144,0.2784,Someone_makes_a_full_turn_in_a_pirouette,66,True
4858,0.515,0.5406,0.2784,An_individual_tumbles_forward_and_then_gets_up,42,True
4859,0.5133,0.5423,0.2784,Someone_rolls_in_a_forward_motion_and_stands_up,23,True
4860,0.637,0.437,0.2784,A_person_carries_out_push-ups,57,True
4861,0.5638,0.4938,0.2784,Someone_performs_a_pirouette,52,True
4862,0.5163,0.5392,0.2784,A_person_goes_up_into_the_air,40,True
4863,0.479,0.5811,0.2784,Someone_is_moving_a_bulky_object_by_pushing,78,True
4864,0.4786,0.5816,0.2784,Someone_pushes_a_large_object,10,True
4865,0.4609,0.6039,0.2784,A_person_rolls_forward_and_returns_to_a_standing_position,66,True
4866,0.5227,0.5328,0.2785,A_person_moves_a_heavy_object_by_pushing,18,True
4867,0.6053,0.4602,0.2785,A_person_bends_to_touch_their_toes_and_stands_again,83,True
4868,0.472,0.59,0.2785,A_person_claps_their_hands,11,True
4869,0.6426,0.4333,0.2785,An_individual_engages_in_push-ups,84,True
4870,0.4947,0.5631,0.2786,An_individual_raises_their_right_arm_to_make_contact_with_their_head,6,True
4871,0.6406,0.4349,0.2786,Someone_positions_their_knee_at_chest_height,86,True
4872,0.4688,0.5944,0.2786,An_individual_rolls_forward_and_rises,4,True
4873,0.5655,0.4927,0.2786,Someone_leans_down_to_touch_their_toes_and_stands_back_up,47,True
4874,0.4763,0.5849,0.2786,An_individual_pushes_a_heavy_object,43,True
4875,0.554,0.5032,0.2788,An_individual_dances_a_pirouette,9,True
4876,0.4688,0.5946,0.2788,Someone_pushes_a_large_object,65,True
4877,0.4978,0.5604,0.2789,A_person_moves_a_heavy_object_by_pushing,99,True
4878,0.4935,0.5654,0.279,An_individual_makes_a_high_jump,77,True
4879,0.5235,0.5329,0.279,Someone_makes_a_full_turn_in_a_pirouette,29,True
4880,0.5532,0.5044,0.279,Someone_brings_their_hands_together_to_clap,86,True
4881,0.6365,0.4383,0.279,Someone_bends_down_to_touch_their_toes_and_then_stands_up,25,True
4882,0.5031,0.5548,0.2791,Someone_pushes_off_the_ground_and_rises,78,True
4883,0.6247,0.4469,0.2791,Someone_brings_their_hands_together_to_clap,9,True
4884,0.508,0.5493,0.2791,Someone_touches_their_toes_and_then_lifts_themselves_up,65,True
4885,0.5005,0.5577,0.2791,Someone_rolls_in_a_forward_motion_and_stands_up,63,True
4886,0.5818,0.4799,0.2792,Someone_brings_their_hands_together_to_clap,88,True
4887,0.5161,0.5409,0.2792,An_individual_pushes_something_heavy,18,True
4888,0.4954,0.5637,0.2792,A_person_reaches_for_their_toes_and_gets_back_up,87,True
4889,0.4888,0.5713,0.2792,A_person_reaches_for_their_toes_and_gets_back_up,9,True
4890,0.4727,0.5906,0.2792,An_individual_exerts_force_on_a_heavy_object,27,True
4891,0.6138,0.4551,0.2793,A_person_bends_to_touch_their_toes_and_stands_again,61,True
4892,0.5368,0.5202,0.2793,Someone_does_a_quick_spin_in_a_pirouette,66,True
4893,0.5112,0.5465,0.2793,A_person_moves_a_heavy_object_by_pushing,35,True
4894,0.5592,0.4995,0.2793,Someone_brings_their_hands_together_to_clap,12,True
4895,0.5303,0.5267,0.2793,An_individual_dances_a_pirouette,50,True
4896,0.577,0.4841,0.2794,A_person_reaches_for_their_toes_and_gets_back_up,72,True
4897,0.5659,0.4937,0.2794,A_person_spins_in_a_pirouette,12,True
4898,0.457,0.6114,0.2794,An_individual_rolls_forward_and_rises,6,True
4899,0.5009,0.5579,0.2794,Someone_pushes_off_the_ground_and_rises,15,True
4900,0.5718,0.4888,0.2795,Someone_brings_their_hands_together_to_clap,42,True
4901,0.5574,0.5014,0.2795,Someone_touches_their_toes_and_then_lifts_themselves_up,40,True
4902,0.5816,0.4807,0.2796,Someone_does_push-up_exercises,71,True
4903,0.5176,0.5403,0.2796,An_individual_does_a_turning_pirouette,64,True
4904,0.4699,0.5949,0.2796,A_person_jumps_very_high,62,True
4905,0.4677,0.5978,0.2796,Someone_rolls_in_a_forward_motion_and_stands_up,94,True
4906,0.6087,0.4595,0.2797,A_person_practices_push-ups,46,True
4907,0.5819,0.4808,0.2797,Someone_leans_down_to_touch_their_toes_and_stands_back_up,78,True
4908,0.5447,0.5136,0.2797,An_individual_puts_their_hands_together_to_clap,54,True
4909,0.5248,0.5329,0.2797,A_person_does_a_forward_roll_and_gets_up,26,True
4910,0.4695,0.5956,0.2797,A_person_moves_a_heavy_object_by_pushing,30,True
4911,0.4906,0.5702,0.2797,A_person_goes_up_into_the_air,63,True
4912,0.4867,0.5749,0.2798,Someone_is_moving_a_bulky_object_by_pushing,96,True
4913,0.6151,0.4549,0.2798,A_person_spins_in_a_pirouette,31,True
4914,0.5441,0.5142,0.2798,A_person_gives_a_round_of_applause,21,True
4915,0.4567,0.6127,0.2798,An_individual_rolls_forward_and_rises,13,True
4916,0.5082,0.5508,0.2799,Someone_makes_a_clapping_sound,62,True
4917,0.4745,0.5901,0.28,An_individual_rolls_forward_and_rises,27,True
4918,0.5193,0.5391,0.28,Someone_does_a_pirouette,29,True
4919,0.5181,0.5405,0.28,Someone_makes_a_clapping_sound,32,True
4920,0.5763,0.4859,0.28,An_individual_tries_to_push_a_heavy_thing,88,True
4921,0.5163,0.5423,0.28,Someone_does_a_quick_spin_in_a_pirouette,5,True
4922,0.5305,0.5278,0.28,Someone_performs_a_forward_roll_and_then_stands,40,True
4923,0.5646,0.4959,0.28,An_individual_raises_their_right_arm_to_make_contact_with_their_head,28,True
4924,0.6386,0.4387,0.2801,An_individual_engages_in_push-ups,19,True
4925,0.5868,0.4773,0.2801,A_person_turns_around_in_a_pirouette,52,True
4926,0.4485,0.6244,0.2801,An_individual_pushes_a_heavy_item,65,True
4927,0.5104,0.5488,0.2801,A_person_gives_a_round_of_applause,88,True
4928,0.5647,0.4961,0.2801,An_individual_does_a_turning_pirouette,18,True
4929,0.5138,0.5454,0.2802,Someone_leaps_up_high,41,True
4930,0.6143,0.4561,0.2802,A_person_performs_push-ups,32,True
4931,0.4654,0.602,0.2802,An_individual_pushes_something_heavy,1,True
4932,0.4719,0.5937,0.2802,Someone_is_moving_a_bulky_object_by_pushing,44,True
4933,0.4506,0.6218,0.2802,A_person_brings_their_knee_in_towards_their_chest,87,True
4934,0.68,0.412,0.2802,An_individual_waves_hello_with_their_left_arm,0,True
4935,0.613,0.457,0.2802,A_person_swings_their_left_arm_back_and_forth,84,True
4936,0.5004,0.56,0.2802,Someone_does_push-up_exercises,39,True
4937,0.5155,0.5438,0.2803,An_individual_hops_up_high,18,True
4938,0.5302,0.5286,0.2803,An_individual_pushes_a_heavy_object,47,True
4939,0.5341,0.5249,0.2803,An_individual_does_a_turning_pirouette,57,True
4940,0.5933,0.4725,0.2803,Someone_performs_a_pirouette,23,True
4941,0.6105,0.4592,0.2803,A_person_performs_push-ups,58,True
4942,0.4915,0.5705,0.2804,An_individual_exerts_force_on_a_heavy_object,2,True
4943,0.4982,0.5628,0.2804,Someone_brings_their_hands_together_to_clap,83,True
4944,0.5703,0.4917,0.2804,Someone_positions_their_knee_at_chest_height,0,True
4945,0.6121,0.4583,0.2805,An_individual_engages_in_push-ups,21,True
4946,0.5192,0.5402,0.2805,A_person_applies_pressure_to_push_a_heavy_object,37,True
4947,0.5549,0.5055,0.2805,A_person_turns_around_in_a_pirouette,90,True
4948,0.574,0.4887,0.2805,Someone_brings_their_hands_together_to_clap,98,True
4949,0.4986,0.5626,0.2805,A_person_applies_pressure_to_push_a_heavy_object,20,True
4950,0.5142,0.5456,0.2805,A_person_rolls_forward_and_returns_to_a_standing_position,10,True
4951,0.5998,0.4676,0.2805,Someone_leans_down_to_touch_their_toes_and_stands_back_up,39,True
4952,0.5899,0.4757,0.2806,Someone_brings_their_hands_together_to_clap,85,True
4953,0.5542,0.5063,0.2806,A_person_spins_in_a_pirouette,19,True
4954,0.6074,0.4619,0.2806,An_individual_does_a_turning_pirouette,26,True
4955,0.5954,0.4714,0.2807,A_person_turns_around_in_a_pirouette,46,True
4956,0.5009,0.5606,0.2808,A_person_rotates_in_a_pirouette,47,True
4957,0.4654,0.6034,0.2808,An_individual_pushes_a_heavy_object,8,True
4958,0.5327,0.5273,0.2809,An_individual_puts_their_hands_together_to_clap,15,True
4959,0.4953,0.5674,0.281,An_individual_makes_a_high_jump,21,True
4960,0.4761,0.5903,0.281,A_person_goes_up_into_the_air,93,True
4961,0.5296,0.5307,0.2811,An_individual_does_a_turning_pirouette,6,True
4962,0.5833,0.482,0.2811,A_person_turns_around_in_a_pirouette,35,True
4963,0.5295,0.531,0.2811,Someone_does_a_pirouette,25,True
4964,0.5175,0.5432,0.2811,Someone_makes_a_full_turn_in_a_pirouette,67,True
4965,0.5621,0.5,0.2811,An_individual_touches_their_toes_and_returns_to_a_standing_position,32,True
4966,0.4931,0.5701,0.2812,An_individual_pushes_something_heavy,7,True
4967,0.4856,0.5791,0.2812,A_person_does_a_high_jump,61,True
4968,0.6254,0.4497,0.2812,A_person_performs_push-ups,50,True
4969,0.63,0.4463,0.2812,A_person_carries_out_push-ups,73,True
4970,0.5381,0.5225,0.2812,An_individual_goes_down_to_touch_their_toes_and_then_stands_back_up,66,True
4971,0.4942,0.5689,0.2812,Someone_is_moving_a_bulky_object_by_pushing,83,True
4972,0.5421,0.5187,0.2812,A_person_bends_to_touch_their_toes_and_stands_again,17,True
4973,0.4968,0.5661,0.2813,A_person_performs_push-ups,92,True
4974,0.4476,0.6284,0.2813,An_individual_raises_a_knee_towards_their_chest,53,True
4975,0.5197,0.5413,0.2813,A_person_claps,75,True
4976,0.5392,0.5218,0.2813,Someone_does_a_quick_spin_in_a_pirouette,22,True
4977,0.5157,0.5456,0.2813,A_person_creates_a_clapping_noise_with_their_hands,51,True
4978,0.5661,0.4971,0.2814,An_individual_does_a_turning_pirouette,21,True
4979,0.4311,0.6526,0.2814,A_person_performs_a_clap,35,True
4980,0.4964,0.5668,0.2814,Someone_performs_a_forward_roll_and_then_stands,10,True
4981,0.5882,0.4784,0.2814,Someone_touches_their_toes_and_then_lifts_themselves_up,55,True
4982,0.4482,0.6278,0.2814,A_person_rolls_forward_and_returns_to_a_standing_position,26,True
4983,0.5162,0.5453,0.2815,An_individual_tumbles_forward_and_then_gets_up,19,True
4984,0.6769,0.4158,0.2815,A_person_brings_their_right_arm_up_to_their_head,25,True
4985,0.4648,0.6056,0.2815,An_individual_makes_a_clapping_motion,46,True
4986,0.4908,0.5736,0.2816,Someone_pushes_a_large_object,58,True
4987,0.618,0.4557,0.2816,A_person_pushes_an_object_that_is_hard_to_lift,92,True
4988,0.5621,0.5012,0.2817,Someone_leans_down_to_touch_their_toes_and_stands_back_up,28,True
4989,0.594,0.4741,0.2817,A_person_performs_push-ups,75,True
4990,0.506,0.5567,0.2817,Someone_does_a_pirouette,57,True
4991,0.4755,0.5924,0.2817,A_person_applies_pressure_to_push_a_heavy_object,27,True
4992,0.6095,0.4623,0.2818,A_person_performs_push-ups,4,True
4993,0.5611,0.5023,0.2818,Someone_rolls_in_a_forward_motion_and_stands_up,54,True
4994,0.4967,0.5673,0.2818,An_individual_makes_a_high_jump,47,True
4995,0.5646,0.4993,0.2819,Someone_performs_a_pirouette,42,True
4996,0.4871,0.5786,0.2819,A_person_applies_pressure_to_push_a_heavy_object,92,True
4997,0.6441,0.4376,0.2819,A_person_carries_out_push-ups,70,True
4998,0.5096,0.5532,0.2819,An_individual_pushes_something_heavy,30,True
4999,0.5025,0.561,0.2819,An_individual_pushes_something_heavy,27,True
5000,0.5362,0.5258,0.282,An_individual_pushes_something_heavy,17,True
5001,0.6203,0.4547,0.282,A_person_bends_to_touch_their_toes_and_stands_again,53,True
5002,0.46,0.6131,0.282,Someone_is_moving_a_bulky_object_by_pushing,79,True
5003,0.5185,0.5439,0.282,A_person_does_a_high_jump,87,True
5004,0.4546,0.6206,0.2821,An_individual_pushes_a_heavy_item,13,True
5005,0.4928,0.5724,0.2821,An_individual_pushes_a_heavy_object,15,True
5006,0.569,0.4959,0.2822,An_individual_does_a_turning_pirouette,85,True
5007,0.482,0.5855,0.2822,Someone_does_a_pirouette,96,True
5008,0.4884,0.5778,0.2822,An_individual_makes_a_high_jump,3,True
5009,0.5645,0.4999,0.2822,Someone_does_a_quick_spin_in_a_pirouette,49,True
5010,0.5728,0.4927,0.2822,Someone_reaches_up_with_their_right_arm_to_their_head,55,True
5011,0.5663,0.4985,0.2823,Someone_leans_down_to_touch_their_toes_and_stands_back_up,87,True
5012,0.6218,0.4541,0.2823,An_individual_lifts_a_knee_up_to_their_chest,84,True
5013,0.6006,0.4701,0.2823,A_person_pulls_their_knee_up_to_their_chest,55,True
5014,0.5815,0.4856,0.2823,A_person_practices_push-ups,10,True
5015,0.5595,0.5046,0.2823,A_person_does_a_forward_roll_and_gets_up,47,True
5016,0.5748,0.4914,0.2824,A_person_brings_their_knee_in_towards_their_chest,67,True
5017,0.7177,0.3934,0.2824,Someone_waves_with_their_left_arm,46,True
5018,0.5016,0.563,0.2824,An_individual_claps_in_celebration,16,True
5019,0.5238,0.5392,0.2824,Someone_shoves_a_weighty_object,94,True
5020,0.5686,0.4966,0.2824,Someone_touches_their_toes_and_then_lifts_themselves_up,79,True
5021,0.6057,0.4662,0.2824,Someone_shoves_a_weighty_object,76,True
5022,0.5678,0.4976,0.2825,An_individual_dances_a_pirouette,3,True
5023,0.539,0.5243,0.2826,Someone_does_a_quick_spin_in_a_pirouette,67,True
5024,0.5836,0.4843,0.2826,A_person_bends_to_touch_their_toes_and_stands_again,27,True
5025,0.4833,0.5848,0.2826,Someone_rolls_in_a_forward_motion_and_stands_up,70,True
5026,0.5614,0.5035,0.2827,Someone_shoves_a_weighty_object,30,True
5027,0.5565,0.5079,0.2827,An_individual_raises_their_right_arm_to_make_contact_with_their_head,63,True
5028,0.614,0.4604,0.2827,Someone_bends_down_to_touch_their_toes_and_then_stands_up,62,True
5029,0.5295,0.5339,0.2827,A_person_creates_a_clapping_noise_with_their_hands,50,True
5030,0.6028,0.469,0.2827,Someone_positions_their_knee_at_chest_height,36,True
5031,0.6099,0.4636,0.2827,Someone_bends_down_to_touch_their_toes_and_then_stands_up,43,True
5032,0.5569,0.5076,0.2827,A_person_rolls_forward_and_returns_to_a_standing_position,65,True
5033,0.5676,0.498,0.2827,A_person_bends_their_leg_and_raises_their_knee_to_their_chest,50,True
5034,0.5213,0.5423,0.2827,Someone_shoves_a_weighty_object,81,True
5035,0.5743,0.4924,0.2828,A_person_spins_in_a_pirouette,86,True
5036,0.6017,0.47,0.2828,Someone_leans_down_to_touch_their_toes_and_stands_back_up,7,True
5037,0.484,0.5843,0.2828,An_individual_tumbles_forward_and_then_gets_up,81,True
5038,0.5113,0.5532,0.2828,Someone_does_a_pirouette,42,True
5039,0.5832,0.4851,0.2829,A_person_practices_push-ups,93,True
5040,0.472,0.5994,0.2829,Someone_does_push-up_exercises,69,True
5041,0.6125,0.4619,0.2829,An_individual_lifts_a_knee_up_to_their_chest,11,True
5042,0.6249,0.4527,0.2829,An_individual_lifts_a_knee_up_to_their_chest,56,True
5043,0.5004,0.5653,0.2829,Someone_brings_their_hands_together_to_clap,47,True
5044,0.5034,0.5621,0.2829,A_person_reaches_for_their_toes_and_gets_back_up,4,True
5045,0.5498,0.5147,0.283,An_individual_does_a_turning_pirouette,79,True
5046,0.5182,0.5462,0.283,Someone_does_a_pirouette,47,True
5047,0.5758,0.4915,0.283,A_person_creates_a_clapping_noise_with_their_hands,90,True
5048,0.6262,0.4519,0.283,Someone_springs_up_off_the_ground,55,True
5049,0.605,0.4677,0.283,A_person_pulls_their_knee_up_to_their_chest,97,True
5050,0.5224,0.5418,0.283,A_person_claps,6,True
5051,0.6748,0.4196,0.2831,A_person_brings_their_knee_in_towards_their_chest,61,True
5052,0.5477,0.517,0.2831,A_person_stretches_to_touch_their_toes_and_then_rises,15,True
5053,0.5492,0.5154,0.2831,A_person_claps_their_hands,68,True
5054,0.6218,0.4553,0.2831,A_person_carries_out_push-ups,20,True
5055,0.4943,0.5729,0.2832,A_person_rolls_forward_and_returns_to_a_standing_position,59,True
5056,0.4833,0.586,0.2832,Someone_executes_a_pirouette,44,True
5057,0.5771,0.4907,0.2832,A_person_swings_their_left_arm_back_and_forth,46,True
5058,0.6017,0.4706,0.2832,An_individual_goes_down_to_touch_their_toes_and_then_stands_back_up,10,True
5059,0.5444,0.5203,0.2833,Someone_performs_a_forward_roll_and_then_stands,39,True
5060,0.5356,0.529,0.2833,An_individual_completes_a_pirouette,50,True
5061,0.4617,0.6135,0.2833,A_person_does_a_high_jump,90,True
5062,0.6372,0.4447,0.2834,A_person_spins_in_a_pirouette,52,True
5063,0.476,0.5953,0.2834,A_person_performs_a_clap,15,True
5064,0.5474,0.518,0.2835,Someone_touches_their_toes_and_then_lifts_themselves_up,72,True
5065,0.6004,0.4722,0.2835,A_person_performs_push-ups,77,True
5066,0.4914,0.5769,0.2835,A_person_does_a_forward_roll_and_gets_up,20,True
5067,0.4337,0.6537,0.2835,An_individual_rolls_forward_and_rises,40,True
5068,0.4726,0.6002,0.2836,An_individual_exerts_force_on_a_heavy_object,43,True
5069,0.5921,0.479,0.2836,Someone_brings_their_hands_together_to_clap,45,True
5070,0.5752,0.493,0.2836,An_individual_raises_their_right_arm_to_make_contact_with_their_head,48,True
5071,0.6305,0.4498,0.2836,A_person_bends_to_touch_their_toes_and_stands_again,31,True
5072,0.481,0.5896,0.2836,An_individual_claps_in_celebration,43,True
5073,0.4876,0.5817,0.2837,Someone_touches_their_toes_and_stands_back_up,71,True
5074,0.5481,0.5177,0.2837,Someone_does_a_pirouette,56,True
5075,0.5868,0.4834,0.2837,An_individual_goes_down_to_touch_their_toes_and_then_stands_back_up,67,True
5076,0.5538,0.5123,0.2837,A_person_turns_around_in_a_pirouette,92,True
5077,0.5163,0.5494,0.2837,Someone_does_a_pirouette,50,True
5078,0.6209,0.457,0.2837,Someone_brings_their_hands_together_to_clap,61,True
5079,0.4981,0.5696,0.2838,Someone_does_push-up_exercises,64,True
5080,0.5742,0.4943,0.2838,A_person_positions_their_right_arm_to_touch_their_head,39,True
5081,0.4764,0.5958,0.2838,An_individual_exerts_force_on_a_heavy_object,87,True
5082,0.5802,0.4891,0.2838,Someone_performs_a_pirouette,85,True
5083,0.4983,0.5696,0.2838,Someone_does_push-up_exercises,54,True
5084,0.5882,0.4825,0.2838,Someone_does_a_quick_spin_in_a_pirouette,28,True
5085,0.5047,0.5626,0.2839,A_person_moves_a_heavy_object_by_pushing,1,True
5086,0.5614,0.5057,0.2839,An_individual_tumbles_forward_and_then_gets_up,25,True
5087,0.5504,0.5158,0.2839,An_individual_puts_their_hands_together_to_clap,17,True
5088,0.5345,0.5312,0.2839,Someone_does_a_quick_spin_in_a_pirouette,2,True
5089,0.4702,0.6037,0.2839,An_individual_pushes_a_heavy_item,80,True
5090,0.5888,0.4823,0.284,A_person_turns_around_in_a_pirouette,27,True
5091,0.5655,0.5022,0.284,Someone_leaps_up_high,46,True
5092,0.6264,0.4533,0.284,A_person_carries_out_push-ups,13,True
5093,0.4624,0.6142,0.284,A_person_performs_a_clap,16,True
5094,0.5378,0.5281,0.284,Someone_leaps_up_high,56,True
5095,0.6172,0.4601,0.284,A_person_performs_push-ups,47,True
5096,0.5586,0.5087,0.2841,A_person_goes_up_into_the_air,14,True
5097,0.5466,0.5197,0.2841,Someone_performs_a_pirouette,15,True
5098,0.474,0.5995,0.2842,An_individual_exerts_force_on_a_heavy_object,65,True
5099,0.5318,0.5344,0.2842,Someone_performs_a_forward_roll_and_then_stands,99,True
5100,0.6145,0.4625,0.2842,A_person_performs_push-ups,76,True
5101,0.5966,0.4765,0.2843,Someone_bends_down_to_touch_their_toes_and_then_stands_up,98,True
5102,0.5012,0.5672,0.2843,An_individual_hops_up_high,55,True
5103,0.4645,0.6119,0.2843,An_individual_rolls_forward_and_quickly_gets_up,76,True
5104,0.4703,0.6045,0.2843,Someone_applauds_by_clapping,98,True
5105,0.4537,0.6267,0.2843,An_individual_rolls_forward_and_rises,52,True
5106,0.5666,0.5017,0.2843,Someone_applauds_by_clapping,62,True
5107,0.5167,0.5505,0.2844,An_individual_pushes_something_heavy,85,True
5108,0.6324,0.4497,0.2844,A_person_lifts_their_right_arm_to_touch_their_head,29,True
5109,0.5601,0.5078,0.2844,An_individual_makes_a_high_jump,87,True
5110,0.5061,0.562,0.2844,A_person_moves_a_heavy_object_by_pushing,21,True
5111,0.6091,0.467,0.2844,A_person_turns_around_in_a_pirouette,55,True
5112,0.5465,0.5204,0.2844,Someone_makes_a_full_turn_in_a_pirouette,72,True
5113,0.5372,0.5293,0.2844,Someone_brings_their_knee_up_to_their_chest,3,True
5114,0.4912,0.5792,0.2845,A_person_claps_their_hands,48,True
5115,0.5687,0.5003,0.2845,Someone_brings_their_hands_together_to_clap,66,True
5116,0.5441,0.5229,0.2845,An_individual_brings_their_knee_close_to_their_chest,21,True
5117,0.5168,0.5506,0.2845,A_person_applies_pressure_to_push_a_heavy_object,71,True
5118,0.4917,0.5788,0.2846,A_person_claps_their_hands,40,True
5119,0.5232,0.5441,0.2847,A_person_moves_a_heavy_object_by_pushing,95,True
5120,0.5434,0.5239,0.2847,An_individual_pushes_something_heavy,34,True
5121,0.5219,0.5455,0.2847,A_person_claps,41,True
5122,0.5259,0.5414,0.2847,Someone_pushes_off_the_ground_and_rises,13,True
5123,0.452,0.6299,0.2847,An_individual_pushes_a_heavy_item,6,True
5124,0.5387,0.5286,0.2848,An_individual_puts_their_hands_together_to_clap,4,True
5125,0.537,0.5304,0.2848,Someone_touches_their_toes_and_then_lifts_themselves_up,2,True
5126,0.5198,0.5479,0.2848,Someone_touches_their_toes_and_stands_back_up,86,True
5127,0.5145,0.5536,0.2848,An_individual_tumbles_forward_and_then_gets_up,39,True
5128,0.5307,0.5367,0.2849,A_person_swings_their_left_arm_back_and_forth,43,True
5129,0.6584,0.4327,0.2849,An_individual_engages_in_push-ups,76,True
5130,0.4858,0.5865,0.2849,A_person_jumps_really_high,36,True
5131,0.5363,0.5315,0.285,Someone_performs_a_forward_roll_and_then_stands,96,True
5132,0.5771,0.4939,0.285,Someone_rolls_forward_and_stands_up,19,True
5133,0.4941,0.5768,0.285,An_individual_lifts_a_knee_up_to_their_chest,34,True
5134,0.544,0.524,0.285,An_individual_tries_to_push_a_heavy_thing,60,True
5135,0.5561,0.5125,0.285,Someone_pushes_off_the_ground_and_rises,83,True
5136,0.5515,0.517,0.2851,A_person_lifts_their_knee_to_their_chest,80,True
5137,0.4627,0.616,0.2851,An_individual_pushes_something_heavy,86,True
5138,0.5269,0.5412,0.2852,A_person_applies_pressure_to_push_a_heavy_object,44,True
5139,0.6121,0.466,0.2852,A_person_bends_their_leg_and_raises_their_knee_to_their_chest,66,True
5140,0.4791,0.5954,0.2852,An_individual_pushes_a_heavy_item,28,True
5141,0.6306,0.4522,0.2852,A_person_practices_push-ups,51,True
5142,0.4944,0.5768,0.2852,Someone_makes_a_full_turn_in_a_pirouette,41,True
5143,0.6731,0.4238,0.2853,An_individual_waves_hello_with_their_left_arm,39,True
5144,0.5955,0.479,0.2853,Someone_makes_a_full_turn_in_a_pirouette,44,True
5145,0.509,0.5605,0.2853,A_person_jumps_really_high,31,True
5146,0.5662,0.5041,0.2854,Someone_does_push-up_exercises,41,True
5147,0.5003,0.5705,0.2854,An_individual_exerts_force_on_a_heavy_object,1,True
5148,0.518,0.5509,0.2854,A_person_claps,24,True
5149,0.5163,0.5527,0.2854,A_person_raises_the_right_arm_to_touch_their_head,54,True
5150,0.5395,0.5291,0.2854,A_person_applies_pressure_to_push_a_heavy_object,75,True
5151,0.4847,0.5887,0.2854,An_individual_puts_their_hands_together_to_clap,65,True
5152,0.6733,0.4241,0.2855,A_person_brings_their_knee_in_towards_their_chest,32,True
5153,0.4887,0.5843,0.2855,A_person_rolls_forward_and_returns_to_a_standing_position,49,True
5154,0.5372,0.5317,0.2856,An_individual_raises_their_right_arm_to_make_contact_with_their_head,89,True
5155,0.6565,0.4351,0.2856,A_person_brings_their_knee_in_towards_their_chest,1,True
5156,0.7086,0.403,0.2856,Someone_waves_their_left_arm,47,True
5157,0.4536,0.6296,0.2856,An_individual_pushes_a_heavy_item,82,True
5158,0.6252,0.4569,0.2857,Someone_reaches_up_with_their_right_arm_to_their_head,52,True
5159,0.4914,0.5815,0.2857,A_person_gives_a_round_of_applause,27,True
5160,0.494,0.5784,0.2857,An_individual_exerts_force_on_a_heavy_object,66,True
5161,0.5647,0.5059,0.2857,An_individual_rolls_forward_and_quickly_gets_up,36,True
5162,0.483,0.5915,0.2857,An_individual_pushes_a_heavy_object,97,True
5163,0.6248,0.4573,0.2857,A_person_carries_out_push-ups,98,True
5164,0.6041,0.4729,0.2857,Someone_positions_their_knee_at_chest_height,17,True
5165,0.4778,0.5982,0.2858,An_individual_tumbles_forward_and_then_gets_up,16,True
5166,0.5568,0.5132,0.2858,Someone_does_a_quick_spin_in_a_pirouette,96,True
5167,0.4881,0.5858,0.2859,Someone_pushes_off_the_ground_and_rises,11,True
5168,0.6165,0.4637,0.2859,A_person_practices_push-ups,14,True
5169,0.543,0.5266,0.2859,Someone_does_push-up_exercises,6,True
5170,0.5327,0.5367,0.2859,A_person_bends_to_touch_their_toes_and_stands_again,59,True
5171,0.4633,0.6172,0.2859,An_individual_pushes_a_heavy_item,47,True
5172,0.4859,0.5886,0.286,A_person_jumps_really_high,35,True
5173,0.4843,0.5906,0.286,A_person_does_a_high_jump,63,True
5174,0.528,0.5416,0.286,An_individual_puts_their_hands_together_to_clap,37,True
5175,0.5561,0.5144,0.286,A_person_claps,36,True
5176,0.511,0.5598,0.286,An_individual_dances_a_pirouette,48,True
5177,0.5816,0.492,0.2861,An_individual_lifts_a_knee_up_to_their_chest,13,True
5178,0.632,0.4527,0.2861,A_person_does_push-ups,5,True
5179,0.5447,0.5252,0.2861,An_individual_dances_a_pirouette,44,True
5180,0.4746,0.6028,0.2861,A_person_moves_a_heavy_object_by_pushing,62,True
5181,0.5371,0.5326,0.2861,Someone_leaps_up_high,69,True
5182,0.4972,0.5755,0.2861,An_individual_puts_their_hands_together_to_clap,95,True
5183,0.5463,0.5236,0.2861,An_individual_pushes_a_heavy_object,83,True
5184,0.5277,0.5422,0.2862,A_person_rotates_in_a_pirouette,87,True
5185,0.4895,0.5848,0.2862,A_person_gives_a_round_of_applause,20,True
5186,0.5504,0.5201,0.2862,A_person_turns_around_in_a_pirouette,22,True
5187,0.5753,0.4974,0.2862,An_individual_makes_a_clapping_motion,74,True
5188,0.4979,0.5751,0.2863,Someone_is_moving_a_bulky_object_by_pushing,18,True
5189,0.5367,0.5335,0.2863,Someone_rolls_in_a_forward_motion_and_stands_up,13,True
5190,0.4701,0.609,0.2863,Someone_rolls_in_a_forward_motion_and_stands_up,93,True
5191,0.5817,0.4921,0.2863,Someone_touches_their_toes_and_then_lifts_themselves_up,48,True
5192,0.4995,0.5731,0.2863,A_person_goes_up_into_the_air,9,True
5193,0.4704,0.6088,0.2864,An_individual_makes_a_clapping_motion,12,True
5194,0.5256,0.5452,0.2865,An_individual_exerts_force_on_a_heavy_object,15,True
5195,0.5253,0.5454,0.2865,Someone_does_push-up_exercises,92,True
5196,0.5252,0.5458,0.2866,A_person_jumps_really_high,45,True
5197,0.4953,0.5786,0.2866,An_individual_brings_their_knee_close_to_their_chest,11,True
5198,0.591,0.4852,0.2867,A_person_pulls_their_knee_up_to_their_chest,62,True
5199,0.5171,0.5544,0.2867,An_individual_brings_their_knee_close_to_their_chest,70,True
5200,0.5148,0.5569,0.2867,A_person_jumps_really_high,88,True
5201,0.5329,0.5381,0.2867,A_person_goes_up_into_the_air,92,True
5202,0.5014,0.5718,0.2867,A_person_gives_a_round_of_applause,85,True
5203,0.4943,0.5802,0.2868,An_individual_touches_their_toes_and_returns_to_a_standing_position,19,True
5204,0.6356,0.4513,0.2869,Someone_shoves_a_weighty_object,82,True
5205,0.4963,0.5781,0.2869,An_individual_claps_in_celebration,45,True
5206,0.5337,0.5375,0.2869,A_person_swings_their_left_arm_back_and_forth,47,True
5207,0.4835,0.5935,0.287,An_individual_tries_to_push_a_heavy_thing,79,True
5208,0.5064,0.5667,0.287,Someone_pushes_off_the_ground_and_rises,39,True
5209,0.626,0.4585,0.287,Someone_bends_down_to_touch_their_toes_and_then_stands_up,32,True
5210,0.4916,0.5841,0.2871,An_individual_exerts_force_on_a_heavy_object,86,True
5211,0.5441,0.5276,0.2871,Someone_performs_a_pirouette,88,True
5212,0.5465,0.5253,0.2871,A_person_pushes_an_object_that_is_hard_to_lift,38,True
5213,0.56,0.5127,0.2871,An_individual_dances_a_pirouette,1,True
5214,0.5049,0.5686,0.2871,An_individual_makes_a_high_jump,52,True
5215,0.5585,0.5143,0.2872,An_individual_rolls_forward_and_quickly_gets_up,85,True
5216,0.5315,0.5404,0.2872,A_person_bends_to_touch_their_toes_and_stands_again,37,True
5217,0.5266,0.5454,0.2872,An_individual_puts_their_hands_together_to_clap,10,True
5218,0.5227,0.5494,0.2872,Someone_leaps_up_high,44,True
5219,0.6073,0.4729,0.2872,Someone_reaches_up_with_their_right_arm_to_their_head,29,True
5220,0.4975,0.5772,0.2872,A_person_gives_a_round_of_applause,80,True
5221,0.5605,0.5125,0.2872,A_person_goes_up_into_the_air,1,True
5222,0.6937,0.4141,0.2873,A_person_lifts_their_right_arm_to_touch_their_head,28,True
5223,0.6252,0.4595,0.2873,Someone_bends_down_to_touch_their_toes_and_then_stands_up,87,True
5224,0.5312,0.5409,0.2873,An_individual_puts_their_hands_together_to_clap,72,True
5225,0.6137,0.4684,0.2874,Someone_positions_their_knee_at_chest_height,52,True
5226,0.5109,0.5625,0.2874,Someone_does_a_pirouette,31,True
5227,0.5389,0.5332,0.2874,A_person_goes_up_into_the_air,29,True
5228,0.673,0.4271,0.2874,Someone_waves_their_left_arm,92,True
5229,0.6061,0.4744,0.2875,Someone_elevates_their_knee_to_their_chest,69,True
5230,0.4974,0.5781,0.2875,Someone_rolls_in_a_forward_motion_and_stands_up,6,True
5231,0.7112,0.4042,0.2875,Someone_waves_with_their_left_arm,1,True
5232,0.5579,0.5154,0.2875,A_person_stretches_to_touch_their_toes_and_then_rises,73,True
5233,0.5694,0.5051,0.2876,An_individual_dances_a_pirouette,95,True
5234,0.5532,0.52,0.2876,Someone_makes_a_full_turn_in_a_pirouette,71,True
5235,0.5861,0.4909,0.2877,An_individual_tries_to_push_a_heavy_thing,20,True
5236,0.5003,0.575,0.2877,An_individual_pushes_something_heavy,14,True
5237,0.5807,0.4954,0.2877,Someone_bends_down_to_touch_their_toes_and_then_stands_up,55,True
5238,0.5597,0.5142,0.2878,An_individual_reaches_down_to_their_toes_and_stands_up_straight,45,True
5239,0.5543,0.5193,0.2878,An_individual_raises_a_knee_towards_their_chest,99,True
5240,0.6005,0.4794,0.2879,Someone_bends_down_to_touch_their_toes_and_then_stands_up,70,True
5241,0.4733,0.6085,0.288,A_person_rolls_forward_and_returns_to_a_standing_position,63,True
5242,0.4548,0.6333,0.288,An_individual_tries_to_push_a_heavy_thing,53,True
5243,0.5047,0.5707,0.288,Someone_does_push-up_exercises,35,True
5244,0.6641,0.4337,0.288,An_individual_waves_hello_with_their_left_arm,41,True
5245,0.5599,0.5145,0.2881,Someone_performs_a_pirouette,22,True
5246,0.585,0.4927,0.2882,An_individual_does_a_turning_pirouette,50,True
5247,0.5682,0.5073,0.2882,Someone_leaps_up_high,72,True
5248,0.6041,0.4773,0.2883,A_person_brings_their_right_arm_up_to_their_head,98,True
5249,0.5058,0.57,0.2883,A_person_swings_their_left_arm_back_and_forth,5,True
5250,0.4707,0.6127,0.2884,A_person_goes_up_into_the_air,37,True
5251,0.481,0.5995,0.2884,An_individual_pushes_a_heavy_item,50,True
5252,0.5398,0.5343,0.2884,Someone_makes_a_full_turn_in_a_pirouette,49,True
5253,0.5603,0.5148,0.2885,Someone_does_a_quick_spin_in_a_pirouette,83,True
5254,0.5169,0.5581,0.2885,An_individual_pushes_a_heavy_object,88,True
5255,0.6475,0.4457,0.2886,An_individual_does_a_turning_pirouette,67,True
5256,0.5092,0.5668,0.2886,A_person_rolls_forward_and_returns_to_a_standing_position,27,True
5257,0.6655,0.4338,0.2887,A_person_brings_their_right_arm_up_to_their_head,66,True
5258,0.4654,0.6204,0.2887,An_individual_pushes_a_heavy_item,63,True
5259,0.6365,0.4536,0.2887,Someone_bends_down_to_touch_their_toes_and_then_stands_up,35,True
5260,0.4758,0.6068,0.2887,A_person_moves_a_heavy_object_by_pushing,87,True
5261,0.504,0.5731,0.2888,An_individual_pushes_a_heavy_object,96,True
5262,0.5262,0.5488,0.2888,Someone_shoves_a_weighty_object,58,True
5263,0.4805,0.6011,0.2888,Someone_is_moving_a_bulky_object_by_pushing,88,True
5264,0.5889,0.4906,0.2889,Someone_touches_their_toes_and_then_lifts_themselves_up,81,True
5265,0.6619,0.4364,0.2889,A_person_swings_their_left_arm_back_and_forth,82,True
5266,0.5044,0.5727,0.2889,A_person_claps,76,True
5267,0.6077,0.4756,0.289,A_person_turns_around_in_a_pirouette,49,True
5268,0.6349,0.4554,0.2891,A_person_pulls_their_knee_up_to_their_chest,44,True
5269,0.5316,0.5438,0.2891,An_individual_tumbles_forward_and_then_gets_up,2,True
5270,0.5197,0.5563,0.2891,Someone_touches_their_toes_and_then_lifts_themselves_up,86,True
5271,0.5321,0.5435,0.2892,Someone_makes_a_full_turn_in_a_pirouette,19,True
5272,0.4844,0.5973,0.2893,A_person_pushes_an_object_that_is_hard_to_lift,2,True
5273,0.493,0.5868,0.2893,An_individual_jumps_up_into_the_air,47,True
5274,0.7108,0.407,0.2893,Someone_waves_with_their_left_arm,73,True
5275,0.4981,0.5809,0.2893,Someone_brings_their_hands_together_to_clap,51,True
5276,0.5156,0.5613,0.2894,An_individual_makes_a_high_jump,60,True
5277,0.5121,0.5651,0.2894,A_person_moves_a_heavy_object_by_pushing,12,True
5278,0.47,0.6158,0.2894,Someone_pushes_a_large_object,51,True
5279,0.5738,0.5044,0.2895,An_individual_raises_their_right_arm_to_make_contact_with_their_head,59,True
5280,0.5678,0.5101,0.2896,A_person_applies_pressure_to_push_a_heavy_object,22,True
5281,0.6762,0.4282,0.2896,A_person_brings_their_right_arm_up_to_their_head,80,True
5282,0.5696,0.5084,0.2896,An_individual_does_a_turning_pirouette,28,True
5283,0.5715,0.5067,0.2896,A_person_spins_in_a_pirouette,68,True
5284,0.6901,0.4196,0.2896,Someone_positions_their_knee_at_chest_height,82,True
5285,0.62,0.4672,0.2897,A_person_spins_in_a_pirouette,5,True
5286,0.6129,0.4727,0.2897,An_individual_does_a_turning_pirouette,31,True
5287,0.4799,0.6038,0.2898,A_person_moves_a_heavy_object_by_pushing,76,True
5288,0.5243,0.5527,0.2898,Someone_does_a_quick_spin_in_a_pirouette,85,True
5289,0.6207,0.4669,0.2898,Someone_shoves_a_weighty_object,61,True
5290,0.5248,0.5524,0.2899,A_person_goes_up_into_the_air,41,True
5291,0.5404,0.5364,0.2899,Someone_does_a_quick_spin_in_a_pirouette,7,True
5292,0.5275,0.5497,0.2899,Someone_does_a_pirouette,63,True
5293,0.5383,0.5388,0.29,An_individual_rolls_forward_and_quickly_gets_up,26,True
5294,0.5619,0.5161,0.29,A_person_claps_their_hands,2,True
5295,0.5806,0.4996,0.29,A_person_pulls_their_knee_up_to_their_chest,12,True
5296,0.6642,0.4366,0.29,A_person_lifts_their_right_arm_to_touch_their_head,5,True
5297,0.6315,0.4591,0.29,A_person_bends_to_touch_their_toes_and_stands_again,13,True
5298,0.618,0.4694,0.2901,A_person_bends_their_leg_and_raises_their_knee_to_their_chest,58,True
5299,0.5775,0.5024,0.2901,Someone_bends_down_to_touch_their_toes_and_then_stands_up,3,True
5300,0.5606,0.5177,0.2902,A_person_pulls_their_knee_up_to_their_chest,90,True
5301,0.5251,0.5525,0.2902,A_person_gives_a_round_of_applause,81,True
5302,0.5671,0.5119,0.2903,Someone_brings_their_hands_together_to_clap,81,True
5303,0.642,0.4521,0.2903,Someone_touches_their_toes_and_then_lifts_themselves_up,42,True
5304,0.4386,0.6618,0.2903,A_person_jumps_really_high,86,True
5305,0.5627,0.516,0.2904,Someone_brings_their_hands_together_to_clap,65,True
5306,0.4861,0.5977,0.2905,A_person_pushes_an_object_that_is_hard_to_lift,59,True
5307,0.4767,0.6093,0.2905,A_person_claps_their_hands,65,True
5308,0.6113,0.4753,0.2906,Someone_gestures_with_their_left_arm,68,True
5309,0.6133,0.4738,0.2906,Someone_leans_down_to_touch_their_toes_and_stands_back_up,44,True
5310,0.4872,0.5965,0.2906,Someone_moves_forward_by_rolling_and_then_stands,44,True
5311,0.6171,0.4709,0.2906,A_person_turns_around_in_a_pirouette,13,True
5312,0.6766,0.4296,0.2907,A_person_brings_their_right_arm_up_to_their_head,59,True
5313,0.5335,0.5449,0.2907,An_individual_pushes_something_heavy,83,True
5314,0.5434,0.5351,0.2907,A_person_moves_a_heavy_object_by_pushing,25,True
5315,0.5153,0.5644,0.2908,An_individual_tumbles_forward_and_then_gets_up,8,True
5316,0.5505,0.5283,0.2908,Someone_touches_their_toes_and_then_lifts_themselves_up,84,True
5317,0.5944,0.4893,0.2908,A_person_spins_in_a_pirouette,17,True
5318,0.5151,0.5646,0.2908,Someone_does_a_pirouette,98,True
5319,0.599,0.4855,0.2908,Someone_performs_a_forward_roll_and_then_stands,19,True
5320,0.7104,0.4093,0.2908,A_person_brings_their_right_arm_up_to_their_head,74,True
5321,0.512,0.5679,0.2908,An_individual_pushes_something_heavy,59,True
5322,0.4948,0.5877,0.2908,An_individual_tries_to_push_a_heavy_thing,6,True
5323,0.4875,0.5966,0.2909,A_person_rolls_forward_and_returns_to_a_standing_position,57,True
5324,0.6421,0.453,0.2909,A_person_turns_around_in_a_pirouette,43,True
5325,0.4938,0.5891,0.2909,A_person_reaches_for_their_toes_and_gets_back_up,37,True
5326,0.5257,0.5535,0.291,Someone_pushes_off_the_ground_and_rises,82,True
5327,0.5529,0.5263,0.291,Someone_reaches_up_with_their_right_arm_to_their_head,96,True
5328,0.5909,0.4925,0.291,Someone_brings_their_hands_together_to_clap,15,True
5329,0.5858,0.4968,0.291,An_individual_reaches_down_to_their_toes_and_stands_up_straight,60,True
5330,0.5578,0.5217,0.291,An_individual_lifts_a_knee_up_to_their_chest,40,True
5331,0.5417,0.5371,0.291,An_individual_touches_their_toes_and_returns_to_a_standing_position,39,True
5332,0.5569,0.5227,0.2911,An_individual_hops_up_high,47,True
5333,0.643,0.4528,0.2912,An_individual_brings_their_right_arm_up_to_their_head,30,True
5334,0.5773,0.5044,0.2912,An_individual_jumps_up_into_the_air,86,True
5335,0.4897,0.5949,0.2913,Someone_applauds_by_clapping,33,True
5336,0.5581,0.5219,0.2913,An_individual_raises_a_knee_towards_their_chest,60,True
5337,0.695,0.4192,0.2913,Someone_positions_their_knee_at_chest_height,60,True
5338,0.4611,0.6317,0.2913,Someone_pushes_off_the_ground_and_rises,40,True
5339,0.5183,0.5621,0.2913,An_individual_completes_a_pirouette,60,True
5340,0.579,0.5032,0.2913,Someone_makes_a_full_turn_in_a_pirouette,48,True
5341,0.657,0.4436,0.2914,Someone_gestures_with_their_left_arm,20,True
5342,0.6906,0.4219,0.2914,Someone_lifts_their_right_arm_and_touches_their_head,54,True
5343,0.6796,0.4287,0.2914,An_individual_extends_their_right_arm_to_their_head,17,True
5344,0.6493,0.4488,0.2914,A_person_bends_to_touch_their_toes_and_stands_again,86,True
5345,0.5143,0.5666,0.2914,An_individual_puts_their_hands_together_to_clap,78,True
5346,0.4839,0.6023,0.2914,An_individual_pushes_a_heavy_item,67,True
5347,0.6547,0.4453,0.2915,Someone_bends_down_to_touch_their_toes_and_then_stands_up,40,True
5348,0.4999,0.5831,0.2915,An_individual_pushes_something_heavy,54,True
5349,0.6676,0.4367,0.2915,A_person_raises_the_right_arm_to_touch_their_head,24,True
5350,0.5072,0.5749,0.2916,An_individual_pushes_a_heavy_item,42,True
5351,0.5328,0.5474,0.2916,Someone_makes_a_full_turn_in_a_pirouette,55,True
5352,0.4997,0.5834,0.2916,A_person_claps_their_hands,27,True
5353,0.4655,0.6265,0.2916,Someone_applauds_by_clapping,49,True
5354,0.6359,0.4585,0.2916,A_person_performs_push-ups,52,True
5355,0.4725,0.6173,0.2916,An_individual_pushes_a_heavy_item,62,True
5356,0.52,0.561,0.2917,A_person_claps,10,True
5357,0.6056,0.4817,0.2917,A_person_raises_the_right_arm_to_touch_their_head,93,True
5358,0.5249,0.556,0.2918,An_individual_completes_a_pirouette,64,True
5359,0.506,0.5768,0.2918,An_individual_exerts_force_on_a_heavy_object,99,True
5360,0.4919,0.5932,0.2918,An_individual_exerts_force_on_a_heavy_object,53,True
5361,0.5703,0.5119,0.2919,Someone_does_a_quick_spin_in_a_pirouette,92,True
5362,0.513,0.569,0.2919,Someone_does_a_pirouette,8,True
5363,0.4943,0.5908,0.292,A_person_claps_their_hands,10,True
5364,0.4641,0.6293,0.292,An_individual_pushes_a_heavy_item,76,True
5365,0.5444,0.5364,0.292,Someone_touches_their_toes_and_stands_back_up,31,True
5366,0.4998,0.5843,0.292,An_individual_dances_a_pirouette,81,True
5367,0.4647,0.6283,0.292,A_person_claps_their_hands,95,True
5368,0.5338,0.547,0.292,A_person_pushes_an_object_that_is_hard_to_lift,93,True
5369,0.5441,0.5369,0.2921,An_individual_tries_to_push_a_heavy_thing,19,True
5370,0.5088,0.5741,0.2921,Someone_is_moving_a_bulky_object_by_pushing,14,True
5371,0.5489,0.5324,0.2922,Someone_makes_a_full_turn_in_a_pirouette,52,True
5372,0.5558,0.5257,0.2922,An_individual_hops_up_high,0,True
5373,0.6216,0.4701,0.2922,Someone_performs_a_forward_roll_and_then_stands,65,True
5374,0.5539,0.5275,0.2922,An_individual_hops_up_high,91,True
5375,0.5614,0.5205,0.2922,Someone_makes_a_full_turn_in_a_pirouette,20,True
5376,0.5824,0.502,0.2923,Someone_shoves_a_weighty_object,48,True
5377,0.4725,0.6186,0.2923,A_person_claps_their_hands,44,True
5378,0.5891,0.4963,0.2924,A_person_rotates_in_a_pirouette,13,True
5379,0.5048,0.5795,0.2925,A_person_applies_pressure_to_push_a_heavy_object,66,True
5380,0.6283,0.4655,0.2925,An_individual_does_a_turning_pirouette,80,True
5381,0.5429,0.5387,0.2925,Someone_does_a_quick_spin_in_a_pirouette,62,True
5382,0.5388,0.5431,0.2926,Someone_rolls_in_a_forward_motion_and_stands_up,53,True
5383,0.5813,0.5033,0.2926,Someone_does_a_quick_spin_in_a_pirouette,10,True
5384,0.5959,0.491,0.2926,An_individual_tumbles_forward_and_then_gets_up,43,True
5385,0.4527,0.6463,0.2926,A_person_jumps_really_high,84,True
5386,0.6138,0.4771,0.2928,A_person_performs_push-ups,43,True
5387,0.4732,0.6188,0.2928,An_individual_rolls_forward_and_rises,3,True
5388,0.5346,0.5478,0.2928,A_person_swings_their_left_arm_back_and_forth,64,True
5389,0.6905,0.4241,0.2928,A_person_brings_their_right_arm_up_to_their_head,9,True
5390,0.5234,0.5594,0.2928,Someone_does_a_pirouette,51,True
5391,0.6233,0.4698,0.2928,A_person_performs_push-ups,90,True
5392,0.5414,0.5411,0.2929,Someone_rolls_in_a_forward_motion_and_stands_up,86,True
5393,0.6502,0.4504,0.2929,Someone_elevates_their_knee_to_their_chest,46,True
5394,0.5471,0.5353,0.2929,An_individual_puts_their_hands_together_to_clap,33,True
5395,0.5211,0.5622,0.2929,An_individual_puts_their_hands_together_to_clap,9,True
5396,0.4675,0.6267,0.293,An_individual_makes_a_high_jump,20,True
5397,0.5094,0.5752,0.293,Someone_touches_their_toes_and_then_lifts_themselves_up,34,True
5398,0.5762,0.5085,0.293,An_individual_touches_their_toes_and_returns_to_a_standing_position,5,True
5399,0.5501,0.5329,0.2931,Someone_makes_a_full_turn_in_a_pirouette,54,True
5400,0.6703,0.4372,0.2931,A_person_spins_in_a_pirouette,26,True
5401,0.5618,0.5218,0.2931,A_person_stretches_to_touch_their_toes_and_then_rises,13,True
5402,0.4863,0.6027,0.2931,A_person_does_a_high_jump,13,True
5403,0.5025,0.5832,0.2931,A_person_jumps_straight_up,11,True
5404,0.5723,0.5123,0.2932,An_individual_tries_to_push_a_heavy_thing,86,True
5405,0.5557,0.5276,0.2932,Someone_shoves_a_weighty_object,41,True
5406,0.5249,0.5586,0.2932,An_individual_jumps_up_into_the_air,72,True
5407,0.5241,0.5597,0.2933,Someone_makes_a_full_turn_in_a_pirouette,62,True
5408,0.61,0.4808,0.2933,A_person_performs_push-ups,5,True
5409,0.5931,0.4945,0.2933,Someone_brings_their_hands_together_to_clap,2,True
5410,0.5897,0.4974,0.2933,Someone_touches_their_toes_and_then_lifts_themselves_up,93,True
5411,0.546,0.5373,0.2933,An_individual_completes_a_pirouette,53,True
5412,0.5513,0.5322,0.2934,A_person_gives_a_round_of_applause,38,True
5413,0.4901,0.5987,0.2934,A_person_pushes_an_object_that_is_hard_to_lift,36,True
5414,0.4944,0.5937,0.2935,An_individual_pushes_something_heavy,71,True
5415,0.5541,0.5297,0.2935,A_person_jumps_straight_up,86,True
5416,0.6435,0.4561,0.2935,A_person_turns_around_in_a_pirouette,32,True
5417,0.5884,0.4989,0.2935,An_individual_puts_their_hands_together_to_clap,14,True
5418,0.4819,0.609,0.2935,An_individual_rolls_forward_and_quickly_gets_up,39,True
5419,0.5025,0.5844,0.2936,An_individual_pushes_something_heavy,48,True
5420,0.6127,0.4793,0.2936,Someone_brings_their_knee_up_to_their_chest,85,True
5421,0.6613,0.4441,0.2937,A_person_does_push-ups,78,True
5422,0.5224,0.5623,0.2937,Someone_touches_their_toes_and_then_lifts_themselves_up,45,True
5423,0.5963,0.4925,0.2937,A_person_turns_around_in_a_pirouette,21,True
5424,0.5252,0.5593,0.2938,A_person_stretches_to_touch_their_toes_and_then_rises,9,True
5425,0.6902,0.4257,0.2938,A_person_brings_their_right_arm_up_to_their_head,27,True
5426,0.499,0.5888,0.2938,An_individual_tries_to_push_a_heavy_thing,76,True
5427,0.5657,0.5195,0.2939,An_individual_engages_in_push-ups,46,True
5428,0.4917,0.5978,0.2939,A_person_rolls_ahead_and_gets_back_on_their_feet,44,True
5429,0.5042,0.583,0.2939,A_person_swings_their_left_arm_back_and_forth,26,True
5430,0.588,0.4998,0.2939,An_individual_dances_a_pirouette,70,True
5431,0.4828,0.6088,0.2939,Someone_executes_a_pirouette,84,True
5432,0.5634,0.5218,0.294,An_individual_puts_their_hands_together_to_clap,47,True
5433,0.6871,0.4279,0.294,Someone_reaches_up_with_their_right_arm_to_their_head,70,True
5434,0.6171,0.4766,0.2941,Someone_bends_down_to_touch_their_toes_and_then_stands_up,21,True
5435,0.5721,0.5141,0.2941,An_individual_raises_their_right_arm_to_make_contact_with_their_head,52,True
5436,0.6409,0.4589,0.2941,A_person_turns_around_in_a_pirouette,31,True
5437,0.616,0.4775,0.2941,A_person_performs_push-ups,42,True
5438,0.5626,0.5228,0.2941,An_individual_tries_to_push_a_heavy_thing,41,True
5439,0.5082,0.5787,0.2941,A_person_pulls_their_knee_up_to_their_chest,7,True
5440,0.5621,0.5232,0.2941,A_person_gives_a_round_of_applause,61,True
5441,0.4759,0.618,0.2941,A_person_does_a_high_jump,3,True
5442,0.6376,0.4616,0.2943,A_person_practices_push-ups,22,True
5443,0.48,0.613,0.2943,An_individual_pushes_something_heavy,21,True
5444,0.6313,0.4662,0.2943,Someone_reaches_up_with_their_right_arm_to_their_head,26,True
5445,0.5698,0.5165,0.2943,An_individual_puts_their_hands_together_to_clap,86,True
5446,0.5495,0.5357,0.2944,An_individual_hops_up_high,99,True
5447,0.4847,0.6074,0.2944,An_individual_brings_their_knee_close_to_their_chest,4,True
5448,0.5354,0.5501,0.2945,A_person_pushes_an_object_that_is_hard_to_lift,75,True
5449,0.6031,0.4884,0.2945,Someone_bends_down_to_touch_their_toes_and_then_stands_up,47,True
5450,0.6346,0.4641,0.2945,Someone_shoves_a_weighty_object,64,True
5451,0.5183,0.5683,0.2945,A_person_applies_pressure_to_push_a_heavy_object,68,True
5452,0.5992,0.4916,0.2945,Someone_bends_down_to_touch_their_toes_and_then_stands_up,96,True
5453,0.6165,0.4778,0.2946,Someone_applauds_by_clapping,88,True
5454,0.5896,0.4996,0.2946,A_person_does_a_forward_roll_and_gets_up,82,True
5455,0.5753,0.512,0.2946,Someone_pushes_off_the_ground_and_rises,16,True
5456,0.5119,0.5754,0.2946,An_individual_brings_their_knee_close_to_their_chest,23,True
5457,0.5505,0.5353,0.2947,Someone_does_push-up_exercises,11,True
5458,0.5854,0.5034,0.2947,Someone_applauds_by_clapping,8,True
5459,0.6658,0.4427,0.2947,A_person_rolls_ahead_and_gets_back_on_their_feet,19,True
5460,0.5926,0.4974,0.2947,An_individual_raises_their_right_arm_to_make_contact_with_their_head,12,True
5461,0.5205,0.5661,0.2947,A_person_jumps_very_high,60,True
5462,0.4516,0.6526,0.2947,An_individual_rolls_forward_and_rises,94,True
5463,0.5809,0.5073,0.2947,A_person_turns_around_in_a_pirouette,73,True
5464,0.6362,0.4633,0.2948,A_person_bends_to_touch_their_toes_and_stands_again,97,True
5465,0.5439,0.5421,0.2948,A_person_reaches_for_their_toes_and_gets_back_up,38,True
5466,0.5567,0.5294,0.2948,An_individual_dances_a_pirouette,96,True
5467,0.6245,0.4721,0.2948,Someone_bends_down_to_touch_their_toes_and_then_stands_up,39,True
5468,0.5238,0.5628,0.2948,Someone_rolls_in_a_forward_motion_and_stands_up,73,True
5469,0.5353,0.5507,0.2948,An_individual_hops_up_high,25,True
5470,0.5084,0.5801,0.2949,A_person_claps_their_hands,69,True
5471,0.4691,0.6287,0.2949,An_individual_pushes_a_heavy_item,23,True
5472,0.4574,0.6447,0.2949,Someone_makes_a_clapping_sound,28,True
5473,0.5362,0.5499,0.2949,A_person_claps_their_hands,79,True
5474,0.6079,0.4851,0.2949,A_person_performs_push-ups,86,True
5475,0.6612,0.446,0.2949,Someone_reaches_up_with_their_right_arm_to_their_head,81,True
5476,0.5315,0.555,0.295,A_person_moves_a_heavy_object_by_pushing,70,True
5477,0.5601,0.5268,0.295,An_individual_tumbles_forward_and_then_gets_up,18,True
5478,0.6863,0.4299,0.295,Someone_lifts_their_right_arm_and_touches_their_head,50,True
5479,0.4745,0.6217,0.295,An_individual_pushes_a_heavy_item,64,True
5480,0.5378,0.5487,0.2951,A_person_swings_their_left_arm_back_and_forth,25,True
5481,0.5254,0.5617,0.2951,Someone_does_a_quick_spin_in_a_pirouette,37,True
5482,0.485,0.6086,0.2951,A_person_applies_pressure_to_push_a_heavy_object,87,True
5483,0.5206,0.5668,0.2951,Someone_shoves_a_weighty_object,57,True
5484,0.6427,0.4591,0.2951,Someone_bends_down_to_touch_their_toes_and_then_stands_up,73,True
5485,0.6242,0.473,0.2952,A_person_turns_around_in_a_pirouette,77,True
5486,0.5857,0.504,0.2952,Someone_brings_their_knee_up_to_their_chest,71,True
5487,0.6457,0.4573,0.2953,Someone_reaches_up_with_their_right_arm_to_their_head,10,True
5488,0.573,0.5154,0.2953,A_person_bends_to_touch_their_toes_and_stands_again,74,True
5489,0.5014,0.589,0.2953,An_individual_pushes_a_heavy_item,7,True
5490,0.6308,0.4682,0.2953,A_person_carries_out_push-ups,97,True
5491,0.4949,0.5966,0.2953,Someone_does_push-up_exercises,16,True
5492,0.5617,0.5259,0.2954,Someone_positions_their_knee_at_chest_height,71,True
5493,0.5662,0.5218,0.2954,An_individual_makes_a_clapping_motion,31,True
5494,0.5734,0.5154,0.2955,An_individual_goes_down_to_touch_their_toes_and_then_stands_back_up,4,True
5495,0.5108,0.5785,0.2955,An_individual_completes_a_pirouette,63,True
5496,0.5772,0.512,0.2955,Someone_brings_their_hands_together_to_clap,79,True
5497,0.5109,0.5784,0.2955,A_person_pushes_an_object_that_is_hard_to_lift,20,True
5498,0.5966,0.4953,0.2955,Someone_leans_down_to_touch_their_toes_and_stands_back_up,85,True
5499,0.6637,0.4453,0.2956,A_person_bends_to_touch_their_toes_and_stands_again,46,True
5500,0.5794,0.5103,0.2956,Someone_shoves_a_weighty_object,43,True
5501,0.631,0.4686,0.2956,Someone_reaches_up_with_their_right_arm_to_their_head,73,True
5502,0.4779,0.6185,0.2956,An_individual_raises_their_right_arm_to_make_contact_with_their_head,85,True
5503,0.571,0.5178,0.2956,An_individual_puts_their_hands_together_to_clap,60,True
5504,0.6088,0.4857,0.2957,An_individual_does_a_turning_pirouette,14,True
5505,0.4742,0.6236,0.2957,An_individual_exerts_force_on_a_heavy_object,68,True
5506,0.5846,0.5058,0.2957,Someone_does_a_pirouette,89,True
5507,0.6779,0.4364,0.2958,A_person_raises_the_right_arm_to_touch_their_head,18,True
5508,0.6393,0.4629,0.2959,Someone_bends_down_to_touch_their_toes_and_then_stands_up,23,True
5509,0.524,0.5647,0.2959,A_person_does_a_forward_roll_and_gets_up,62,True
5510,0.5218,0.5671,0.2959,Someone_does_a_quick_spin_in_a_pirouette,76,True
5511,0.4921,0.6012,0.2959,Someone_is_moving_a_bulky_object_by_pushing,4,True
5512,0.5911,0.5005,0.2959,An_individual_brings_their_knee_close_to_their_chest,94,True
5513,0.4795,0.6172,0.2959,An_individual_pushes_a_heavy_object,30,True
5514,0.5736,0.516,0.296,Someone_leans_down_to_touch_their_toes_and_stands_back_up,55,True
5515,0.5114,0.5788,0.296,Someone_does_a_quick_spin_in_a_pirouette,88,True
5516,0.5142,0.5756,0.296,Someone_is_moving_a_bulky_object_by_pushing,54,True
5517,0.563,0.5259,0.2961,Someone_makes_a_full_turn_in_a_pirouette,76,True
5518,0.5758,0.5143,0.2961,An_individual_rolls_forward_and_quickly_gets_up,96,True
5519,0.6202,0.4775,0.2961,A_person_practices_push-ups,50,True
5520,0.4997,0.5926,0.2961,A_person_applies_pressure_to_push_a_heavy_object,11,True
5521,0.466,0.6355,0.2961,A_person_rolls_forward_and_returns_to_a_standing_position,94,True
5522,0.5695,0.52,0.2962,An_individual_exerts_force_on_a_heavy_object,71,True
5523,0.5319,0.5569,0.2962,Someone_leaps_up_high,16,True
5524,0.5841,0.5072,0.2963,Someone_shoves_a_weighty_object,73,True
5525,0.5484,0.5402,0.2963,Someone_brings_their_hands_together_to_clap,20,True
5526,0.5323,0.5565,0.2963,An_individual_makes_a_high_jump,80,True
5527,0.6273,0.4723,0.2963,An_individual_does_a_turning_pirouette,72,True
5528,0.5724,0.5176,0.2963,A_person_turns_around_in_a_pirouette,54,True
5529,0.507,0.5844,0.2963,A_person_applies_pressure_to_push_a_heavy_object,52,True
5530,0.5303,0.5589,0.2964,Someone_pushes_off_the_ground_and_rises,51,True
5531,0.645,0.4596,0.2964,A_person_brings_their_right_arm_up_to_their_head,86,True
5532,0.6375,0.4649,0.2964,Someone_reaches_up_with_their_right_arm_to_their_head,91,True
5533,0.5346,0.5545,0.2964,Someone_rolls_in_a_forward_motion_and_stands_up,95,True
5534,0.5141,0.5765,0.2964,Someone_rolls_in_a_forward_motion_and_stands_up,3,True
5535,0.6476,0.4576,0.2964,A_person_brings_their_knee_in_towards_their_chest,11,True
5536,0.5767,0.5142,0.2965,Someone_leans_down_to_touch_their_toes_and_stands_back_up,38,True
5537,0.5398,0.5492,0.2965,Someone_elevates_their_knee_to_their_chest,18,True
5538,0.5687,0.5215,0.2965,An_individual_dances_a_pirouette,34,True
5539,0.4996,0.5935,0.2965,A_person_jumps_really_high,37,True
5540,0.4494,0.6598,0.2965,An_individual_pushes_a_heavy_item,44,True
5541,0.6016,0.493,0.2966,An_individual_puts_their_hands_together_to_clap,83,True
5542,0.5861,0.506,0.2966,Someone_brings_their_hands_together_to_clap,1,True
5543,0.5193,0.5711,0.2966,A_person_moves_a_heavy_object_by_pushing,2,True
5544,0.6428,0.4615,0.2966,Someone_rolls_forward_and_stands_up,11,True
5545,0.546,0.5432,0.2966,A_person_creates_a_clapping_noise_with_their_hands,12,True
5546,0.6054,0.4899,0.2966,A_person_practices_push-ups,21,True
5547,0.6681,0.4441,0.2967,A_person_turns_around_in_a_pirouette,8,True
5548,0.5803,0.5112,0.2967,A_person_pushes_an_object_that_is_hard_to_lift,88,True
5549,0.66,0.4496,0.2967,An_individual_does_a_turning_pirouette,58,True
5550,0.5095,0.5823,0.2967,An_individual_jumps_up_into_the_air,75,True
5551,0.58,0.5115,0.2967,Someone_bends_down_to_touch_their_toes_and_then_stands_up,85,True
5552,0.5215,0.5688,0.2967,An_individual_exerts_force_on_a_heavy_object,63,True
5553,0.5955,0.4985,0.2968,Someone_positions_their_knee_at_chest_height,5,True
5554,0.6643,0.4468,0.2968,Someone_waves_with_their_left_arm,9,True
5555,0.533,0.5569,0.2968,A_person_applies_pressure_to_push_a_heavy_object,95,True
5556,0.5955,0.4984,0.2968,Someone_touches_their_toes_and_stands_back_up,68,True
5557,0.5183,0.5729,0.2969,An_individual_puts_their_hands_together_to_clap,20,True
5558,0.4598,0.6458,0.2969,An_individual_rolls_forward_and_quickly_gets_up,44,True
5559,0.5314,0.559,0.297,An_individual_rolls_forward_and_rises,69,True
5560,0.5895,0.5039,0.2971,Someone_leans_down_to_touch_their_toes_and_stands_back_up,93,True
5561,0.6542,0.4541,0.2971,A_person_bends_to_touch_their_toes_and_stands_again,24,True
5562,0.4964,0.5985,0.2971,A_person_does_a_high_jump,46,True
5563,0.4763,0.6238,0.2971,Someone_positions_their_knee_at_chest_height,92,True
5564,0.5431,0.5473,0.2972,Someone_leans_down_to_touch_their_toes_and_stands_back_up,66,True
5565,0.5296,0.5615,0.2974,Someone_does_push-up_exercises,7,True
5566,0.6699,0.444,0.2974,A_person_turns_around_in_a_pirouette,82,True
5567,0.5747,0.5174,0.2974,Someone_performs_a_forward_roll_and_then_stands,59,True
5568,0.5418,0.5491,0.2975,A_person_gives_a_round_of_applause,8,True
5569,0.5611,0.5303,0.2975,Someone_makes_a_full_turn_in_a_pirouette,9,True
5570,0.611,0.4869,0.2975,Someone_brings_their_hands_together_to_clap,22,True
5571,0.5128,0.5804,0.2976,Someone_pushes_a_large_object,99,True
5572,0.5519,0.5392,0.2976,Someone_applauds_by_clapping,47,True
5573,0.6337,0.4696,0.2976,A_person_does_push-ups,0,True
5574,0.61,0.4879,0.2976,A_person_creates_a_clapping_noise_with_their_hands,55,True
5575,0.5363,0.5548,0.2976,Someone_shoves_a_weighty_object,19,True
5576,0.5285,0.5632,0.2977,Someone_makes_a_full_turn_in_a_pirouette,56,True
5577,0.6868,0.4334,0.2977,A_person_lifts_their_right_arm_to_touch_their_head,64,True
5578,0.4763,0.6252,0.2978,Someone_is_moving_a_bulky_object_by_pushing,95,True
5579,0.5755,0.5176,0.2978,Someone_makes_a_full_turn_in_a_pirouette,16,True
5580,0.4664,0.6385,0.2978,A_person_does_a_high_jump,48,True
5581,0.6252,0.4765,0.2979,Someone_applauds_by_clapping,25,True
5582,0.63,0.4729,0.2979,An_individual_engages_in_push-ups,50,True
5583,0.5023,0.5931,0.2979,An_individual_pushes_a_heavy_item,39,True
5584,0.7087,0.4203,0.2979,Someone_waves_their_left_arm,72,True
5585,0.6455,0.4615,0.2979,An_individual_lifts_a_knee_up_to_their_chest,64,True
5586,0.6238,0.4778,0.298,An_individual_raises_their_right_arm_to_make_contact_with_their_head,84,True
5587,0.6295,0.4736,0.2981,A_person_brings_their_right_arm_up_to_their_head,54,True
5588,0.6503,0.4584,0.2981,An_individual_brings_their_knee_close_to_their_chest,53,True
5589,0.495,0.6021,0.2981,Someone_does_push-up_exercises,89,True
5590,0.5247,0.5681,0.2981,A_person_jumps_really_high,34,True
5591,0.516,0.5776,0.2981,An_individual_claps_in_celebration,66,True
5592,0.5224,0.5707,0.2981,Someone_does_a_pirouette,92,True
5593,0.577,0.5168,0.2982,An_individual_raises_their_right_arm_to_make_contact_with_their_head,92,True
5594,0.5252,0.5678,0.2982,Someone_leaps_up_high,95,True
5595,0.5402,0.5521,0.2983,An_individual_puts_their_hands_together_to_clap,50,True
5596,0.5676,0.5254,0.2983,Someone_does_a_quick_spin_in_a_pirouette,68,True
5597,0.5957,0.5007,0.2983,Someone_leaps_up_high,1,True
5598,0.6423,0.4645,0.2983,An_individual_touches_their_toes_and_returns_to_a_standing_position,67,True
5599,0.5091,0.5859,0.2983,Someone_applauds_by_clapping,82,True
5600,0.6553,0.4552,0.2983,An_individual_engages_in_push-ups,82,True
5601,0.5777,0.5166,0.2984,Someone_does_a_quick_spin_in_a_pirouette,35,True
5602,0.4797,0.622,0.2984,A_person_rolls_forward_and_returns_to_a_standing_position,17,True
5603,0.618,0.4829,0.2985,An_individual_does_a_turning_pirouette,68,True
5604,0.5943,0.5022,0.2985,Someone_leans_down_to_touch_their_toes_and_stands_back_up,51,True
5605,0.5917,0.5046,0.2985,A_person_raises_the_right_arm_to_touch_their_head,30,True
5606,0.5824,0.5126,0.2985,Someone_does_a_quick_spin_in_a_pirouette,45,True
5607,0.5057,0.5904,0.2986,A_person_claps_their_hands,58,True
5608,0.5665,0.5272,0.2986,An_individual_lifts_a_knee_up_to_their_chest,61,True
5609,0.6639,0.4498,0.2986,A_person_does_push-ups,28,True
5610,0.5465,0.5466,0.2987,A_person_spins_in_a_pirouette,70,True
5611,0.4596,0.6499,0.2987,An_individual_tumbles_forward_and_then_gets_up,97,True
5612,0.5787,0.5162,0.2987,An_individual_exerts_force_on_a_heavy_object,23,True
5613,0.6157,0.4851,0.2987,A_person_turns_around_in_a_pirouette,23,True
5614,0.6308,0.4735,0.2987,Someone_reaches_up_with_their_right_arm_to_their_head,46,True
5615,0.6279,0.4758,0.2988,A_person_swings_their_left_arm_back_and_forth,99,True
5616,0.712,0.4196,0.2988,Someone_waves_their_left_arm,54,True
5617,0.5147,0.5808,0.2989,A_person_jumps_really_high,79,True
5618,0.628,0.4759,0.2989,Someone_brings_their_knee_up_to_their_chest,75,True
5619,0.5129,0.5827,0.2989,An_individual_exerts_force_on_a_heavy_object,44,True
5620,0.607,0.4927,0.2991,Someone_brings_their_hands_together_to_clap,92,True
5621,0.5339,0.5601,0.2991,An_individual_claps_in_celebration,55,True
5622,0.5618,0.5325,0.2991,An_individual_dances_a_pirouette,16,True
5623,0.5351,0.5589,0.2991,An_individual_exerts_force_on_a_heavy_object,59,True
5624,0.5133,0.5828,0.2992,An_individual_tries_to_push_a_heavy_thing,23,True
5625,0.6048,0.4948,0.2992,A_person_spins_in_a_pirouette,3,True
5626,0.5971,0.501,0.2992,An_individual_pushes_a_heavy_object,89,True
5627,0.4705,0.6359,0.2992,Someone_makes_a_clapping_sound,20,True
5628,0.4975,0.6016,0.2993,An_individual_tumbles_forward_and_then_gets_up,60,True
5629,0.548,0.5462,0.2993,An_individual_does_a_turning_pirouette,95,True
5630,0.5047,0.593,0.2993,An_individual_dances_a_pirouette,41,True
5631,0.6532,0.4584,0.2994,An_individual_waves_hello_with_their_left_arm,88,True
5632,0.6036,0.4961,0.2994,Someone_rolls_in_a_forward_motion_and_stands_up,55,True
5633,0.675,0.444,0.2996,A_person_brings_their_right_arm_up_to_their_head,24,True
5634,0.6194,0.4838,0.2996,A_person_swings_their_left_arm_back_and_forth,60,True
5635,0.6056,0.4948,0.2997,Someone_shoves_a_weighty_object,87,True
5636,0.4989,0.6007,0.2997,An_individual_claps_in_celebration,96,True
5637,0.598,0.5011,0.2997,Someone_brings_their_hands_together_to_clap,80,True
5638,0.5175,0.5792,0.2998,Someone_is_moving_a_bulky_object_by_pushing,37,True
5639,0.553,0.5424,0.2999,Someone_does_push-up_exercises,46,True
5640,0.5805,0.5167,0.2999,A_person_performs_push-ups,81,True
5641,0.5869,0.511,0.2999,Someone_rolls_forward_and_stands_up,49,True
5642,0.5012,0.5984,0.2999,Someone_positions_their_knee_at_chest_height,58,True
5643,0.5959,0.5032,0.2999,A_person_spins_in_a_pirouette,37,True
5644,0.6032,0.4974,0.3,A_person_pulls_their_knee_up_to_their_chest,19,True
5645,0.6073,0.4939,0.3,Someone_shoves_a_weighty_object,29,True
5646,0.5375,0.5582,0.3,Someone_does_a_pirouette,45,True
5647,0.602,0.4983,0.3,A_person_applies_pressure_to_push_a_heavy_object,60,True
5648,0.6341,0.473,0.3,A_person_turns_around_in_a_pirouette,51,True
5649,0.6541,0.4587,0.3,A_person_carries_out_push-ups,3,True
5650,0.5787,0.5187,0.3001,An_individual_tries_to_push_a_heavy_thing,93,True
5651,0.5943,0.5049,0.3001,A_person_rolls_ahead_and_gets_back_on_their_feet,66,True
5652,0.608,0.4936,0.3001,Someone_brings_their_knee_up_to_their_chest,5,True
5653,0.5439,0.5518,0.3001,An_individual_exerts_force_on_a_heavy_object,72,True
5654,0.5066,0.5925,0.3001,A_person_gives_a_round_of_applause,84,True
5655,0.6094,0.4925,0.3001,A_person_turns_around_in_a_pirouette,11,True
5656,0.6585,0.4559,0.3002,Someone_reaches_up_with_their_right_arm_to_their_head,53,True
5657,0.7233,0.4151,0.3002,Someone_waves_with_their_left_arm,34,True
5658,0.5192,0.5782,0.3002,An_individual_makes_a_clapping_motion,9,True
5659,0.6061,0.4954,0.3002,Someone_touches_their_toes_and_stands_back_up,61,True
5660,0.5509,0.5449,0.3002,A_person_gives_a_round_of_applause,33,True
5661,0.5275,0.5693,0.3003,Someone_shoves_a_weighty_object,32,True
5662,0.6036,0.4976,0.3003,A_person_performs_push-ups,1,True
5663,0.723,0.4155,0.3004,Someone_waves_with_their_left_arm,57,True
5664,0.5757,0.5218,0.3004,An_individual_puts_their_hands_together_to_clap,12,True
5665,0.5695,0.5276,0.3004,An_individual_dances_a_pirouette,61,True
5666,0.6711,0.4479,0.3005,An_individual_engages_in_push-ups,37,True
5667,0.5964,0.5039,0.3005,Someone_positions_their_knee_at_chest_height,28,True
5668,0.603,0.4982,0.3005,A_person_performs_push-ups,59,True
5669,0.5687,0.5285,0.3005,An_individual_jumps_up_into_the_air,64,True
5670,0.4997,0.6016,0.3006,A_person_gives_a_round_of_applause,89,True
5671,0.5411,0.5555,0.3006,Someone_touches_their_toes_and_then_lifts_themselves_up,4,True
5672,0.5237,0.5741,0.3007,Someone_makes_a_full_turn_in_a_pirouette,43,True
5673,0.4765,0.631,0.3007,A_person_gives_a_round_of_applause,14,True
5674,0.4929,0.61,0.3007,Someone_is_moving_a_bulky_object_by_pushing,19,True
5675,0.7294,0.4123,0.3007,Someone_waves_with_their_left_arm,33,True
5676,0.5707,0.5269,0.3007,A_person_spins_in_a_pirouette,78,True
5677,0.5203,0.5782,0.3008,An_individual_makes_a_high_jump,40,True
5678,0.665,0.4523,0.3008,A_person_bends_to_touch_their_toes_and_stands_again,84,True
5679,0.5217,0.5766,0.3008,A_person_claps_their_hands,33,True
5680,0.6141,0.49,0.3009,Someone_executes_a_pirouette,2,True
5681,0.5113,0.5885,0.3009,A_person_does_a_forward_roll_and_gets_up,80,True
5682,0.5672,0.5306,0.3009,A_person_applies_pressure_to_push_a_heavy_object,61,True
5683,0.6109,0.4926,0.3009,A_person_does_a_forward_roll_and_gets_up,1,True
5684,0.5224,0.5763,0.301,A_person_does_a_forward_roll_and_gets_up,22,True
5685,0.5723,0.5263,0.3012,Someone_leaps_up_high,12,True
5686,0.6105,0.4934,0.3012,A_person_performs_push-ups,56,True
5687,0.4983,0.6045,0.3012,Someone_is_moving_a_bulky_object_by_pushing,13,True
5688,0.5812,0.5183,0.3013,Someone_is_moving_a_bulky_object_by_pushing,72,True
5689,0.64,0.4708,0.3013,Someone_brings_their_hands_together_to_clap,6,True
5690,0.6281,0.4796,0.3013,A_person_performs_push-ups,54,True
5691,0.6377,0.4725,0.3013,A_person_performs_push-ups,91,True
5692,0.6861,0.4393,0.3014,An_individual_does_a_turning_pirouette,89,True
5693,0.5946,0.5068,0.3014,Someone_does_push-up_exercises,51,True
5694,0.5688,0.5299,0.3014,Someone_makes_a_full_turn_in_a_pirouette,34,True
5695,0.4987,0.6044,0.3014,An_individual_raises_their_right_arm_to_make_contact_with_their_head,16,True
5696,0.6534,0.4614,0.3014,Someone_reaches_up_with_their_right_arm_to_their_head,37,True
5697,0.4778,0.6311,0.3015,Someone_positions_their_knee_at_chest_height,9,True
5698,0.5608,0.5376,0.3015,Someone_makes_a_full_turn_in_a_pirouette,22,True
5699,0.5458,0.5524,0.3015,An_individual_puts_their_hands_together_to_clap,41,True
5700,0.5403,0.5579,0.3015,Someone_does_push-up_exercises,99,True
5701,0.5507,0.5474,0.3015,An_individual_raises_their_right_arm_to_make_contact_with_their_head,11,True
5702,0.6111,0.4936,0.3016,A_person_applies_pressure_to_push_a_heavy_object,17,True
5703,0.5422,0.5563,0.3016,Someone_pushes_off_the_ground_and_rises,70,True
5704,0.5484,0.55,0.3016,A_person_goes_up_into_the_air,87,True
5705,0.4894,0.6162,0.3016,An_individual_exerts_force_on_a_heavy_object,29,True
5706,0.5377,0.561,0.3016,A_person_creates_a_clapping_noise_with_their_hands,32,True
5707,0.5673,0.5318,0.3017,Someone_leans_down_to_touch_their_toes_and_stands_back_up,50,True
5708,0.4794,0.6293,0.3017,A_person_jumps_really_high,20,True
5709,0.4949,0.6097,0.3018,Someone_is_moving_a_bulky_object_by_pushing,75,True
5710,0.4816,0.6266,0.3018,A_person_goes_up_into_the_air,99,True
5711,0.6869,0.4394,0.3018,A_person_raises_the_right_arm_to_touch_their_head,92,True
5712,0.7263,0.4156,0.3018,A_person_brings_their_knee_in_towards_their_chest,68,True
5713,0.6712,0.4497,0.3019,A_person_raises_the_right_arm_to_touch_their_head,66,True
5714,0.5822,0.5186,0.3019,Someone_does_a_quick_spin_in_a_pirouette,13,True
5715,0.689,0.4381,0.3019,A_person_brings_their_right_arm_up_to_their_head,36,True
5716,0.4732,0.6379,0.3019,A_person_claps_their_hands,63,True
5717,0.576,0.524,0.3019,Someone_performs_a_forward_roll_and_then_stands,1,True
5718,0.5585,0.5406,0.3019,A_person_goes_up_into_the_air,42,True
5719,0.5237,0.5766,0.302,Someone_positions_their_knee_at_chest_height,13,True
5720,0.5159,0.5857,0.3022,Someone_pushes_off_the_ground_and_rises,30,True
5721,0.6075,0.4975,0.3022,Someone_brings_their_hands_together_to_clap,49,True
5722,0.498,0.6069,0.3022,An_individual_rolls_forward_and_quickly_gets_up,40,True
5723,0.5727,0.5276,0.3022,A_person_performs_push-ups,6,True
5724,0.4941,0.6117,0.3023,A_person_does_a_high_jump,6,True
5725,0.6036,0.5008,0.3023,An_individual_does_a_turning_pirouette,44,True
5726,0.6152,0.4914,0.3023,Someone_brings_their_knee_up_to_their_chest,47,True
5727,0.5469,0.553,0.3024,An_individual_puts_their_hands_together_to_clap,99,True
5728,0.5166,0.5853,0.3024,Someone_touches_their_toes_and_then_lifts_themselves_up,10,True
5729,0.592,0.5108,0.3024,Someone_does_a_quick_spin_in_a_pirouette,43,True
5730,0.5379,0.5622,0.3024,A_person_applies_pressure_to_push_a_heavy_object,69,True
5731,0.4833,0.6258,0.3025,A_person_claps_their_hands,82,True
5732,0.6054,0.4997,0.3025,An_individual_tumbles_forward_and_then_gets_up,10,True
5733,0.5811,0.5205,0.3025,An_individual_dances_a_pirouette,60,True
5734,0.5133,0.5893,0.3025,A_person_jumps_really_high,39,True
5735,0.606,0.4992,0.3026,A_person_performs_push-ups,67,True
5736,0.5483,0.5518,0.3026,An_individual_dances_a_pirouette,42,True
5737,0.5245,0.5769,0.3026,An_individual_pushes_something_heavy,75,True
5738,0.6496,0.4659,0.3026,Someone_springs_up_off_the_ground,84,True
5739,0.5892,0.5135,0.3026,Someone_applauds_by_clapping,87,True
5740,0.5084,0.5953,0.3027,A_person_performs_a_clap,66,True
5741,0.5607,0.54,0.3027,A_person_stretches_to_touch_their_toes_and_then_rises,22,True
5742,0.5312,0.5698,0.3027,An_individual_makes_a_clapping_motion,95,True
5743,0.5218,0.5802,0.3028,An_individual_dances_a_pirouette,75,True
5744,0.5795,0.5225,0.3028,Someone_shoves_a_weighty_object,38,True
5745,0.5749,0.5266,0.3028,Someone_makes_a_full_turn_in_a_pirouette,73,True
5746,0.5263,0.5755,0.3029,A_person_jumps_really_high,75,True
5747,0.5959,0.5084,0.3029,An_individual_tries_to_push_a_heavy_thing,51,True
5748,0.6683,0.4532,0.3029,Someone_reaches_up_with_their_right_arm_to_their_head,6,True
5749,0.6695,0.4524,0.3029,Someone_positions_their_knee_at_chest_height,95,True
5750,0.5313,0.5703,0.303,Someone_pushes_a_large_object,57,True
5751,0.5745,0.5275,0.303,A_person_swings_their_left_arm_back_and_forth,77,True
5752,0.5935,0.5106,0.303,An_individual_brings_their_knee_close_to_their_chest,37,True
5753,0.572,0.5298,0.303,Someone_performs_a_pirouette,11,True
5754,0.6926,0.4376,0.303,An_individual_brings_their_right_arm_up_to_their_head,17,True
5755,0.5601,0.541,0.303,A_person_pushes_an_object_that_is_hard_to_lift,65,True
5756,0.6411,0.4726,0.303,A_person_spins_in_a_pirouette,65,True
5757,0.5978,0.5071,0.3031,An_individual_makes_a_clapping_motion,97,True
5758,0.6254,0.4849,0.3032,A_person_practices_push-ups,91,True
5759,0.6227,0.4869,0.3032,A_person_performs_push-ups,25,True
5760,0.5515,0.5499,0.3032,An_individual_pushes_a_heavy_item,24,True
5761,0.5422,0.5592,0.3032,Someone_makes_a_full_turn_in_a_pirouette,24,True
5762,0.5904,0.5138,0.3033,A_person_spins_in_a_pirouette,29,True
5763,0.5097,0.5951,0.3033,A_person_claps_their_hands,92,True
5764,0.5278,0.5746,0.3033,Someone_leaps_up_high,38,True
5765,0.5102,0.5947,0.3034,An_individual_pushes_a_heavy_object,94,True
5766,0.5564,0.5454,0.3034,An_individual_dances_a_pirouette,38,True
5767,0.5596,0.5422,0.3034,Someone_leaps_up_high,62,True
5768,0.5173,0.5865,0.3034,An_individual_raises_their_right_arm_to_make_contact_with_their_head,77,True
5769,0.5573,0.5445,0.3035,A_person_rolls_forward_and_returns_to_a_standing_position,40,True
5770,0.5671,0.5352,0.3035,A_person_claps_their_hands,31,True
5771,0.5906,0.514,0.3036,Someone_performs_a_forward_roll_and_then_stands,70,True
5772,0.6519,0.4657,0.3036,A_person_does_push-ups,31,True
5773,0.6228,0.4876,0.3037,Someone_leans_down_to_touch_their_toes_and_stands_back_up,90,True
5774,0.5379,0.5646,0.3037,A_person_claps_their_hands,67,True
5775,0.5353,0.5673,0.3037,A_person_jumps_very_high,75,True
5776,0.6025,0.504,0.3037,An_individual_engages_in_push-ups,13,True
5777,0.4991,0.6084,0.3037,Someone_pushes_a_large_object,38,True
5778,0.4842,0.6272,0.3037,A_person_claps_their_hands,0,True
5779,0.5322,0.5708,0.3038,A_person_does_a_forward_roll_and_gets_up,43,True
5780,0.5083,0.5976,0.3038,A_person_applies_pressure_to_push_a_heavy_object,31,True
5781,0.5656,0.5371,0.3038,Someone_brings_their_knee_up_to_their_chest,30,True
5782,0.5254,0.5784,0.3039,An_individual_jumps_up_into_the_air,83,True
5783,0.5493,0.5532,0.3039,A_person_pushes_an_object_that_is_hard_to_lift,73,True
5784,0.6824,0.4453,0.3039,An_individual_waves_hello_with_their_left_arm,21,True
5785,0.4987,0.6094,0.3039,An_individual_hops_up_high,40,True
5786,0.6464,0.4701,0.3039,Someone_reaches_up_with_their_right_arm_to_their_head,65,True
5787,0.593,0.5125,0.3039,A_person_does_a_forward_roll_and_gets_up,66,True
5788,0.5891,0.516,0.304,Someone_touches_their_toes_and_stands_back_up,96,True
5789,0.5151,0.5903,0.304,A_person_claps_their_hands,14,True
5790,0.5968,0.5095,0.304,Someone_does_push-up_exercises,72,True
5791,0.5481,0.5547,0.304,Someone_rolls_in_a_forward_motion_and_stands_up,47,True
5792,0.6667,0.4561,0.3041,A_person_raises_the_right_arm_to_touch_their_head,87,True
5793,0.611,0.4977,0.3041,Someone_positions_their_knee_at_chest_height,87,True
5794,0.5528,0.55,0.3041,Someone_does_a_quick_spin_in_a_pirouette,27,True
5795,0.5075,0.5991,0.3041,A_person_does_a_high_jump,53,True
5796,0.6282,0.4843,0.3042,An_individual_brings_their_knee_close_to_their_chest,62,True
5797,0.5221,0.5828,0.3043,Someone_shoves_a_weighty_object,75,True
5798,0.5017,0.6067,0.3044,A_person_does_a_forward_roll_and_gets_up,59,True
5799,0.6315,0.482,0.3044,An_individual_makes_a_clapping_motion,1,True
5800,0.5415,0.5621,0.3044,A_person_moves_a_heavy_object_by_pushing,13,True
5801,0.6384,0.4768,0.3044,A_person_lifts_their_right_arm_to_touch_their_head,18,True
5802,0.543,0.5606,0.3044,A_person_stretches_to_touch_their_toes_and_then_rises,76,True
5803,0.597,0.51,0.3044,Someone_bends_down_to_touch_their_toes_and_then_stands_up,11,True
5804,0.5995,0.5077,0.3044,Someone_brings_their_hands_together_to_clap,26,True
5805,0.6942,0.4385,0.3044,Someone_shoves_a_weighty_object,7,True
5806,0.5865,0.5193,0.3045,An_individual_puts_their_hands_together_to_clap,22,True
5807,0.605,0.5033,0.3045,A_person_performs_push-ups,34,True
5808,0.5093,0.5981,0.3046,Someone_is_moving_a_bulky_object_by_pushing,76,True
5809,0.6088,0.5003,0.3046,Someone_brings_their_hands_together_to_clap,67,True
5810,0.6268,0.4859,0.3046,An_individual_waves_hello_with_their_left_arm,37,True
5811,0.6383,0.4772,0.3046,An_individual_does_a_turning_pirouette,51,True
5812,0.5739,0.5309,0.3047,A_person_turns_around_in_a_pirouette,93,True
5813,0.6107,0.4989,0.3047,An_individual_raises_their_right_arm_to_make_contact_with_their_head,67,True
5814,0.5916,0.5151,0.3047,An_individual_dances_a_pirouette,69,True
5815,0.504,0.6045,0.3047,A_person_gives_a_round_of_applause,35,True
5816,0.5926,0.5143,0.3048,An_individual_does_a_turning_pirouette,92,True
5817,0.5148,0.592,0.3048,An_individual_makes_a_high_jump,73,True
5818,0.6739,0.4523,0.3048,A_person_brings_their_knee_in_towards_their_chest,55,True
5819,0.5078,0.6005,0.3049,An_individual_rolls_forward_and_quickly_gets_up,71,True
5820,0.5456,0.5589,0.3049,A_person_rolls_forward_and_returns_to_a_standing_position,61,True
5821,0.6501,0.469,0.3049,An_individual_brings_their_knee_close_to_their_chest,80,True
5822,0.5448,0.56,0.305,An_individual_dances_a_pirouette,63,True
5823,0.5262,0.5796,0.305,An_individual_pushes_a_heavy_object,6,True
5824,0.5956,0.5121,0.305,An_individual_makes_a_clapping_motion,71,True
5825,0.5134,0.5942,0.305,A_person_gives_a_round_of_applause,16,True
5826,0.5214,0.585,0.305,Someone_does_a_pirouette,59,True
5827,0.4795,0.636,0.305,A_person_creates_a_clapping_noise_with_their_hands,25,True
5828,0.6891,0.4428,0.3051,An_individual_lifts_a_knee_up_to_their_chest,82,True
5829,0.5212,0.5853,0.3051,An_individual_makes_a_clapping_motion,40,True
5830,0.538,0.5672,0.3051,A_person_creates_a_clapping_noise_with_their_hands,35,True
5831,0.7136,0.4276,0.3051,A_person_brings_their_right_arm_up_to_their_head,32,True
5832,0.5274,0.5787,0.3052,An_individual_pushes_something_heavy,23,True
5833,0.6221,0.4905,0.3052,A_person_performs_push-ups,53,True
5834,0.5795,0.5269,0.3053,Someone_shoves_a_weighty_object,21,True
5835,0.4718,0.6471,0.3053,A_person_does_a_high_jump,91,True
5836,0.587,0.5204,0.3055,Someone_brings_their_hands_together_to_clap,16,True
5837,0.6252,0.4886,0.3055,Someone_brings_their_hands_together_to_clap,39,True
5838,0.5354,0.5706,0.3055,An_individual_pushes_a_heavy_object,45,True
5839,0.4706,0.6491,0.3055,An_individual_rolls_forward_and_rises,73,True
5840,0.5916,0.5166,0.3056,A_person_swings_their_left_arm_back_and_forth,58,True
5841,0.5305,0.5762,0.3056,Someone_applauds_by_clapping,86,True
5842,0.6148,0.4972,0.3057,Someone_bends_down_to_touch_their_toes_and_then_stands_up,31,True
5843,0.4559,0.6707,0.3057,An_individual_rolls_forward_and_quickly_gets_up,47,True
5844,0.5595,0.5463,0.3057,A_person_claps,53,True
5845,0.6033,0.5069,0.3058,Someone_elevates_their_knee_to_their_chest,97,True
5846,0.4609,0.6634,0.3058,A_person_applies_pressure_to_push_a_heavy_object,89,True
5847,0.6213,0.4923,0.3059,A_person_turns_around_in_a_pirouette,0,True
5848,0.6485,0.4717,0.3059,A_person_bends_to_touch_their_toes_and_stands_again,65,True
5849,0.6124,0.4996,0.3059,Someone_leans_down_to_touch_their_toes_and_stands_back_up,83,True
5850,0.6678,0.458,0.3059,An_individual_does_a_turning_pirouette,45,True
5851,0.4835,0.6328,0.3059,Someone_applauds_by_clapping,19,True
5852,0.5388,0.5678,0.3059,Someone_makes_a_clapping_sound,43,True
5853,0.4591,0.6665,0.306,A_person_gives_a_round_of_applause,51,True
5854,0.4755,0.6437,0.3061,Someone_makes_a_clapping_sound,47,True
5855,0.4921,0.6221,0.3061,An_individual_rolls_forward_and_rises,15,True
5856,0.5156,0.5937,0.3061,A_person_reaches_for_their_toes_and_gets_back_up,85,True
5857,0.6019,0.5085,0.3061,Someone_brings_their_knee_up_to_their_chest,90,True
5858,0.5301,0.5775,0.3061,An_individual_pushes_a_heavy_object,72,True
5859,0.6127,0.4997,0.3062,An_individual_brings_their_knee_close_to_their_chest,47,True
5860,0.4578,0.6689,0.3062,A_person_rolls_forward_and_returns_to_a_standing_position,44,True
5861,0.6306,0.4856,0.3062,A_person_bends_to_touch_their_toes_and_stands_again,51,True
5862,0.5089,0.6016,0.3062,A_person_swings_their_left_arm_back_and_forth,12,True
5863,0.5548,0.5522,0.3063,An_individual_goes_down_to_touch_their_toes_and_then_stands_back_up,87,True
5864,0.5307,0.5771,0.3063,An_individual_exerts_force_on_a_heavy_object,52,True
5865,0.4776,0.6414,0.3063,A_person_applies_pressure_to_push_a_heavy_object,4,True
5866,0.6289,0.4872,0.3064,A_person_performs_push-ups,33,True
5867,0.5159,0.5939,0.3064,A_person_applies_pressure_to_push_a_heavy_object,3,True
5868,0.6104,0.5019,0.3064,A_person_performs_push-ups,19,True
5869,0.5933,0.5164,0.3064,Someone_makes_a_clapping_sound,81,True
5870,0.6334,0.4837,0.3064,A_person_turns_around_in_a_pirouette,69,True
5871,0.5514,0.5557,0.3064,Someone_shoves_a_weighty_object,90,True
5872,0.507,0.6044,0.3064,An_individual_pushes_a_heavy_item,69,True
5873,0.5654,0.5419,0.3064,Someone_does_a_quick_spin_in_a_pirouette,73,True
5874,0.6507,0.4711,0.3065,An_individual_waves_hello_with_their_left_arm,6,True
5875,0.6406,0.4784,0.3065,A_person_carries_out_push-ups,89,True
5876,0.633,0.4842,0.3065,Someone_bends_down_to_touch_their_toes_and_then_stands_up,83,True
5877,0.6725,0.4557,0.3065,Someone_positions_their_knee_at_chest_height,35,True
5878,0.6346,0.483,0.3065,A_person_turns_around_in_a_pirouette,3,True
5879,0.5426,0.5648,0.3065,An_individual_raises_their_right_arm_to_make_contact_with_their_head,82,True
5880,0.6259,0.4897,0.3065,Someone_brings_their_knee_up_to_their_chest,20,True
5881,0.6627,0.4627,0.3066,Someone_touches_their_toes_and_then_lifts_themselves_up,62,True
5882,0.4808,0.6377,0.3066,A_person_jumps_very_high,91,True
5883,0.5212,0.5882,0.3066,An_individual_jumps_up_into_the_air,25,True
5884,0.5906,0.5192,0.3067,A_person_goes_up_into_the_air,52,True
5885,0.6359,0.4824,0.3067,Someone_bends_down_to_touch_their_toes_and_then_stands_up,37,True
5886,0.5426,0.5651,0.3067,An_individual_completes_a_pirouette,33,True
5887,0.5699,0.5384,0.3068,An_individual_does_a_turning_pirouette,61,True
5888,0.5609,0.5471,0.3068,An_individual_tries_to_push_a_heavy_thing,39,True
5889,0.5837,0.5255,0.3068,Someone_shoves_a_weighty_object,44,True
5890,0.5594,0.5484,0.3068,A_person_positions_their_right_arm_to_touch_their_head,54,True
5891,0.5153,0.5956,0.3069,A_person_pushes_an_object_that_is_hard_to_lift,3,True
5892,0.7224,0.425,0.307,Someone_waves_with_their_left_arm,64,True
5893,0.5901,0.5202,0.307,Someone_makes_a_clapping_sound,27,True
5894,0.6083,0.5047,0.307,An_individual_puts_their_hands_together_to_clap,68,True
5895,0.5807,0.5286,0.307,An_individual_puts_their_hands_together_to_clap,56,True
5896,0.5491,0.5593,0.3071,Someone_shoves_a_weighty_object,34,True
5897,0.7082,0.4337,0.3071,A_person_moves_their_right_arm_to_touch_their_head,50,True
5898,0.6176,0.4973,0.3071,Someone_brings_their_knee_up_to_their_chest,29,True
5899,0.5543,0.5541,0.3071,Someone_rolls_in_a_forward_motion_and_stands_up,25,True
5900,0.48,0.6397,0.3071,An_individual_pushes_a_heavy_item,15,True
5901,0.5551,0.5533,0.3071,An_individual_touches_their_toes_and_returns_to_a_standing_position,89,True
5902,0.6409,0.4794,0.3072,Someone_gestures_with_their_left_arm,38,True
5903,0.6122,0.5018,0.3072,A_person_turns_around_in_a_pirouette,67,True
5904,0.6306,0.4871,0.3072,Someone_leans_down_to_touch_their_toes_and_stands_back_up,62,True
5905,0.507,0.6059,0.3072,A_person_applies_pressure_to_push_a_heavy_object,84,True
5906,0.6308,0.4871,0.3073,Someone_bends_down_to_touch_their_toes_and_then_stands_up,26,True
5907,0.6054,0.5077,0.3073,An_individual_raises_their_right_arm_to_make_contact_with_their_head,0,True
5908,0.6417,0.4789,0.3073,A_person_practices_push-ups,99,True
5909,0.5108,0.6015,0.3073,An_individual_tumbles_forward_and_then_gets_up,45,True
5910,0.534,0.5754,0.3073,A_person_pushes_an_object_that_is_hard_to_lift,22,True
5911,0.505,0.6087,0.3074,An_individual_pushes_a_heavy_object,25,True
5912,0.55,0.559,0.3074,Someone_makes_a_full_turn_in_a_pirouette,95,True
5913,0.5077,0.6055,0.3074,An_individual_lifts_a_knee_up_to_their_chest,39,True
5914,0.6042,0.5088,0.3074,Someone_bends_down_to_touch_their_toes_and_then_stands_up,90,True
5915,0.5633,0.5459,0.3075,A_person_swings_their_left_arm_back_and_forth,85,True
5916,0.5985,0.5137,0.3075,An_individual_puts_their_hands_together_to_clap,90,True
5917,0.6297,0.4885,0.3076,Someone_bends_down_to_touch_their_toes_and_then_stands_up,67,True
5918,0.5246,0.5864,0.3076,Someone_shoves_a_weighty_object,51,True
5919,0.5776,0.5326,0.3076,Someone_makes_a_clapping_sound,29,True
5920,0.5069,0.6068,0.3076,An_individual_puts_their_hands_together_to_clap,31,True
5921,0.5231,0.5882,0.3077,An_individual_dances_a_pirouette,51,True
5922,0.6038,0.5096,0.3077,A_person_spins_in_a_pirouette,43,True
5923,0.4891,0.6292,0.3077,A_person_moves_a_heavy_object_by_pushing,45,True
5924,0.5129,0.5999,0.3077,An_individual_pushes_a_heavy_item,22,True
5925,0.7143,0.4308,0.3078,An_individual_waves_hello_with_their_left_arm,11,True
5926,0.5598,0.5499,0.3078,Someone_gestures_with_their_left_arm,33,True
5927,0.5443,0.5656,0.3078,An_individual_touches_their_toes_and_returns_to_a_standing_position,99,True
5928,0.6048,0.5089,0.3078,Someone_does_a_quick_spin_in_a_pirouette,51,True
5929,0.5236,0.5878,0.3078,A_person_claps,99,True
5930,0.6092,0.5054,0.3079,An_individual_rolls_forward_and_quickly_gets_up,11,True
5931,0.6373,0.4832,0.3079,Someone_bends_down_to_touch_their_toes_and_then_stands_up,4,True
5932,0.6504,0.4735,0.308,An_individual_engages_in_push-ups,38,True
5933,0.5713,0.5391,0.308,An_individual_dances_a_pirouette,82,True
5934,0.5831,0.5283,0.308,Someone_rolls_in_a_forward_motion_and_stands_up,58,True
5935,0.5483,0.5617,0.308,A_person_goes_up_into_the_air,23,True
5936,0.6039,0.5102,0.3081,An_individual_lifts_a_knee_up_to_their_chest,49,True
5937,0.6219,0.4954,0.3081,Someone_brings_their_knee_up_to_their_chest,24,True
5938,0.6006,0.513,0.3081,A_person_applies_pressure_to_push_a_heavy_object,23,True
5939,0.5791,0.532,0.3081,Someone_makes_a_full_turn_in_a_pirouette,57,True
5940,0.5571,0.5532,0.3082,A_person_brings_their_knee_in_towards_their_chest,63,True
5941,0.5405,0.5705,0.3083,An_individual_pushes_a_heavy_object,71,True
5942,0.635,0.4855,0.3083,Someone_bends_down_to_touch_their_toes_and_then_stands_up,53,True
5943,0.6637,0.4645,0.3083,A_person_bends_to_touch_their_toes_and_stands_again,75,True
5944,0.6438,0.479,0.3084,A_person_pulls_their_knee_up_to_their_chest,98,True
5945,0.6111,0.5048,0.3085,An_individual_raises_their_right_arm_to_make_contact_with_their_head,65,True
5946,0.5734,0.538,0.3085,Someone_makes_a_full_turn_in_a_pirouette,74,True
5947,0.5782,0.5336,0.3085,A_person_practices_push-ups,12,True
5948,0.4855,0.6356,0.3086,An_individual_pushes_a_heavy_item,75,True
5949,0.6415,0.4813,0.3087,A_person_stretches_to_touch_their_toes_and_then_rises,84,True
5950,0.5752,0.5367,0.3087,Someone_brings_their_knee_up_to_their_chest,94,True
5951,0.6299,0.49,0.3087,Someone_bends_down_to_touch_their_toes_and_then_stands_up,54,True
5952,0.6609,0.4671,0.3087,A_person_does_push-ups,70,True
5953,0.5143,0.6004,0.3088,An_individual_jumps_up_into_the_air,28,True
5954,0.6874,0.4492,0.3088,A_person_brings_their_right_arm_up_to_their_head,42,True
5955,0.6756,0.4572,0.3089,An_individual_brings_their_right_arm_up_to_their_head,28,True
5956,0.6262,0.4933,0.3089,Someone_bends_down_to_touch_their_toes_and_then_stands_up,94,True
5957,0.5544,0.5571,0.3089,An_individual_jumps_up_into_the_air,37,True
5958,0.6255,0.4938,0.3089,Someone_reaches_up_with_their_right_arm_to_their_head,59,True
5959,0.5022,0.6152,0.3089,An_individual_makes_a_clapping_motion,50,True
5960,0.4805,0.643,0.309,A_person_rolls_forward_and_returns_to_a_standing_position,87,True
5961,0.6893,0.4483,0.309,A_person_raises_the_right_arm_to_touch_their_head,28,True
5962,0.6281,0.492,0.309,Someone_leans_down_to_touch_their_toes_and_stands_back_up,17,True
5963,0.547,0.5649,0.309,An_individual_tries_to_push_a_heavy_thing,70,True
5964,0.6322,0.4889,0.3091,A_person_performs_push-ups,44,True
5965,0.5761,0.5365,0.3091,An_individual_raises_their_right_arm_to_make_contact_with_their_head,43,True
5966,0.5686,0.5436,0.3091,A_person_creates_a_clapping_noise_with_their_hands,73,True
5967,0.5825,0.5306,0.3091,Someone_performs_a_forward_roll_and_then_stands,84,True
5968,0.5827,0.5306,0.3091,Someone_does_a_quick_spin_in_a_pirouette,12,True
5969,0.4989,0.6197,0.3092,An_individual_puts_their_hands_together_to_clap,97,True
5970,0.5699,0.5425,0.3092,Someone_makes_a_full_turn_in_a_pirouette,25,True
5971,0.6576,0.4702,0.3092,An_individual_lifts_a_knee_up_to_their_chest,47,True
5972,0.5491,0.5631,0.3092,An_individual_pushes_a_heavy_item,93,True
5973,0.4809,0.6431,0.3092,A_person_does_a_high_jump,17,True
5974,0.5097,0.6067,0.3092,Someone_applauds_by_clapping,68,True
5975,0.5352,0.5779,0.3093,An_individual_completes_a_pirouette,54,True
5976,0.562,0.5504,0.3093,Someone_performs_a_forward_roll_and_then_stands,55,True
5977,0.6016,0.5141,0.3093,Someone_leans_down_to_touch_their_toes_and_stands_back_up,73,True
5978,0.5622,0.5501,0.3093,Someone_gestures_with_their_left_arm,80,True
5979,0.473,0.6541,0.3094,An_individual_brings_their_knee_close_to_their_chest,69,True
5980,0.5317,0.5819,0.3094,An_individual_exerts_force_on_a_heavy_object,16,True
5981,0.5295,0.5845,0.3095,Someone_touches_their_toes_and_stands_back_up,8,True
5982,0.5618,0.5511,0.3096,A_person_brings_their_knee_in_towards_their_chest,70,True
5983,0.565,0.5482,0.3097,An_individual_puts_their_hands_together_to_clap,66,True
5984,0.5842,0.5301,0.3097,An_individual_raises_their_right_arm_to_make_contact_with_their_head,81,True
5985,0.5653,0.5478,0.3097,Someone_brings_their_knee_up_to_their_chest,55,True
5986,0.5826,0.5318,0.3098,A_person_pushes_an_object_that_is_hard_to_lift,74,True
5987,0.6271,0.4941,0.3098,Someone_leans_down_to_touch_their_toes_and_stands_back_up,33,True
5988,0.4979,0.6224,0.3099,Someone_does_push-up_exercises,77,True
5989,0.5132,0.6039,0.3099,A_person_gives_a_round_of_applause,11,True
5990,0.5455,0.568,0.3099,An_individual_tumbles_forward_and_then_gets_up,32,True
5991,0.6261,0.495,0.3099,Someone_bends_down_to_touch_their_toes_and_then_stands_up,52,True
5992,0.5431,0.5707,0.3099,An_individual_tumbles_forward_and_then_gets_up,83,True
5993,0.6922,0.4478,0.31,A_person_carries_out_push-ups,82,True
5994,0.5524,0.5613,0.31,Someone_does_a_pirouette,85,True
5995,0.5082,0.61,0.31,An_individual_makes_a_high_jump,15,True
5996,0.6515,0.4758,0.31,A_person_does_push-ups,88,True
5997,0.6111,0.5075,0.3101,An_individual_completes_a_pirouette,72,True
5998,0.6762,0.4586,0.3101,An_individual_engages_in_push-ups,1,True
5999,0.6305,0.4918,0.3101,A_person_applies_pressure_to_push_a_heavy_object,15,True
6000,0.5741,0.5402,0.3101,A_person_applies_pressure_to_push_a_heavy_object,0,True
6001,0.56,0.5539,0.3102,Someone_does_a_quick_spin_in_a_pirouette,55,True
6002,0.5539,0.56,0.3102,A_person_does_a_forward_roll_and_gets_up,73,True
6003,0.6292,0.4931,0.3102,Someone_positions_their_knee_at_chest_height,20,True
6004,0.6012,0.516,0.3102,A_person_swings_their_left_arm_back_and_forth,51,True
6005,0.6468,0.4796,0.3102,A_person_brings_their_right_arm_up_to_their_head,23,True
6006,0.5169,0.6002,0.3103,An_individual_makes_a_high_jump,99,True
6007,0.7354,0.4219,0.3103,Someone_waves_with_their_left_arm,65,True
6008,0.6054,0.5125,0.3103,A_person_claps,64,True
6009,0.5997,0.5174,0.3103,A_person_performs_push-ups,79,True
6010,0.539,0.5757,0.3103,An_individual_makes_a_high_jump,2,True
6011,0.6476,0.4791,0.3103,An_individual_waves_hello_with_their_left_arm,29,True
6012,0.5514,0.563,0.3104,A_person_claps,97,True
6013,0.5362,0.5788,0.3104,A_person_applies_pressure_to_push_a_heavy_object,9,True
6014,0.4734,0.6558,0.3105,An_individual_rolls_forward_and_rises,79,True
6015,0.6744,0.4604,0.3105,A_person_lifts_their_right_arm_to_touch_their_head,69,True
6016,0.5102,0.6086,0.3105,A_person_jumps_really_high,49,True
6017,0.7186,0.4321,0.3105,A_person_brings_their_right_arm_up_to_their_head,73,True
6018,0.6033,0.5149,0.3106,A_person_swings_their_left_arm_back_and_forth,32,True
6019,0.576,0.5397,0.3108,A_person_pushes_an_object_that_is_hard_to_lift,8,True
6020,0.6954,0.4469,0.3108,A_person_brings_their_right_arm_up_to_their_head,79,True
6021,0.5544,0.5609,0.3109,Someone_performs_a_forward_roll_and_then_stands,37,True
6022,0.5324,0.584,0.3109,An_individual_hops_up_high,84,True
6023,0.6523,0.4766,0.3109,A_person_does_push-ups,71,True
6024,0.6706,0.4635,0.3109,A_person_does_push-ups,11,True
6025,0.5664,0.5492,0.311,Someone_leaps_up_high,21,True
6026,0.5982,0.52,0.311,A_person_swings_their_left_arm_back_and_forth,68,True
6027,0.6119,0.5082,0.311,An_individual_raises_their_right_arm_to_make_contact_with_their_head,32,True
6028,0.5,0.6222,0.3111,Someone_rolls_in_a_forward_motion_and_stands_up,62,True
6029,0.5016,0.6203,0.3111,A_person_jumps_really_high,17,True
6030,0.7018,0.4433,0.3111,A_person_pulls_their_knee_up_to_their_chest,3,True
6031,0.5837,0.533,0.3111,A_person_bends_their_leg_and_raises_their_knee_to_their_chest,76,True
6032,0.5119,0.6078,0.3111,A_person_stretches_to_touch_their_toes_and_then_rises,90,True
6033,0.5849,0.5319,0.3111,An_individual_does_a_turning_pirouette,36,True
6034,0.4796,0.6487,0.3111,A_person_stretches_to_touch_their_toes_and_then_rises,44,True
6035,0.5902,0.5272,0.3112,An_individual_lifts_a_knee_up_to_their_chest,70,True
6036,0.6729,0.4625,0.3112,A_person_practices_push-ups,90,True
6037,0.4787,0.6502,0.3112,An_individual_pushes_a_heavy_item,71,True
6038,0.5663,0.5496,0.3112,An_individual_puts_their_hands_together_to_clap,79,True
6039,0.6065,0.5132,0.3112,An_individual_raises_their_right_arm_to_make_contact_with_their_head,61,True
6040,0.5295,0.5878,0.3113,An_individual_rolls_forward_and_rises,42,True
6041,0.7367,0.4226,0.3113,Someone_lifts_their_right_arm_and_touches_their_head,93,True
6042,0.5345,0.5823,0.3113,Someone_is_moving_a_bulky_object_by_pushing,56,True
6043,0.5567,0.5594,0.3114,An_individual_tries_to_push_a_heavy_thing,47,True
6044,0.5732,0.5433,0.3114,A_person_moves_a_heavy_object_by_pushing,94,True
6045,0.5447,0.5716,0.3114,An_individual_dances_a_pirouette,39,True
6046,0.6878,0.4529,0.3115,A_person_does_push-ups,22,True
6047,0.5015,0.6211,0.3115,A_person_jumps_really_high,91,True
6048,0.7047,0.4421,0.3115,Someone_waves_with_their_left_arm,36,True
6049,0.6565,0.4745,0.3115,A_person_brings_their_knee_in_towards_their_chest,36,True
6050,0.5216,0.5975,0.3116,Someone_pushes_off_the_ground_and_rises,3,True
6051,0.5002,0.623,0.3116,An_individual_exerts_force_on_a_heavy_object,73,True
6052,0.74,0.4211,0.3116,Someone_waves_with_their_left_arm,68,True
6053,0.64,0.4871,0.3118,An_individual_does_a_turning_pirouette,97,True
6054,0.5568,0.5601,0.3118,An_individual_engages_in_push-ups,43,True
6055,0.5937,0.5252,0.3118,A_person_swings_their_left_arm_back_and_forth,63,True
6056,0.5712,0.5459,0.3118,Someone_makes_a_full_turn_in_a_pirouette,38,True
6057,0.5344,0.5836,0.3119,A_person_does_a_forward_roll_and_gets_up,19,True
6058,0.7225,0.4317,0.3119,Someone_lifts_their_right_arm_and_touches_their_head,42,True
6059,0.6319,0.4936,0.3119,A_person_practices_push-ups,61,True
6060,0.5245,0.5948,0.3119,A_person_claps_their_hands,70,True
6061,0.5978,0.522,0.312,An_individual_rolls_forward_and_quickly_gets_up,18,True
6062,0.5648,0.5523,0.312,An_individual_tries_to_push_a_heavy_thing,49,True
6063,0.6276,0.4971,0.312,A_person_practices_push-ups,26,True
6064,0.6015,0.5187,0.312,Someone_brings_their_hands_together_to_clap,50,True
6065,0.565,0.5523,0.312,Someone_does_push-up_exercises,55,True
6066,0.6667,0.4679,0.312,A_person_practices_push-ups,84,True
6067,0.4747,0.6575,0.3121,An_individual_rolls_forward_and_rises,54,True
6068,0.5968,0.5232,0.3123,A_person_swings_their_left_arm_back_and_forth,78,True
6069,0.4647,0.6723,0.3124,A_person_jumps_really_high,70,True
6070,0.6363,0.491,0.3124,Someone_brings_their_knee_up_to_their_chest,97,True
6071,0.5646,0.5533,0.3124,Someone_makes_a_full_turn_in_a_pirouette,86,True
6072,0.6423,0.4864,0.3124,An_individual_puts_their_hands_together_to_clap,64,True
6073,0.6952,0.4494,0.3125,A_person_brings_their_right_arm_up_to_their_head,33,True
6074,0.5522,0.5659,0.3125,An_individual_hops_up_high,51,True
6075,0.5286,0.5912,0.3125,A_person_does_a_high_jump,96,True
6076,0.5467,0.5717,0.3125,Someone_does_push-up_exercises,30,True
6077,0.6569,0.4759,0.3126,A_person_pushes_an_object_that_is_hard_to_lift,49,True
6078,0.6494,0.4814,0.3126,A_person_does_push-ups,49,True
6079,0.5684,0.5499,0.3126,A_person_claps,56,True
6080,0.543,0.5757,0.3126,A_person_claps,86,True
6081,0.6564,0.4762,0.3126,A_person_bends_to_touch_their_toes_and_stands_again,79,True
6082,0.5293,0.5905,0.3126,An_individual_hops_up_high,80,True
6083,0.6982,0.4479,0.3127,Someone_waves_with_their_left_arm,28,True
6084,0.5378,0.5814,0.3127,Someone_touches_their_toes_and_then_lifts_themselves_up,11,True
6085,0.6593,0.4743,0.3127,A_person_raises_the_right_arm_to_touch_their_head,43,True
6086,0.5457,0.5731,0.3127,Someone_leaps_up_high,32,True
6087,0.623,0.502,0.3127,A_person_practices_push-ups,97,True
6088,0.5421,0.5768,0.3127,An_individual_exerts_force_on_a_heavy_object,19,True
6089,0.5121,0.6108,0.3128,Someone_makes_a_clapping_sound,73,True
6090,0.6133,0.51,0.3128,A_person_bends_to_touch_their_toes_and_stands_again,45,True
6091,0.6208,0.504,0.3129,Someone_rolls_forward_and_stands_up,78,True
6092,0.5909,0.5296,0.3129,An_individual_puts_their_hands_together_to_clap,19,True
6093,0.58,0.5394,0.3129,Someone_touches_their_toes_and_then_lifts_themselves_up,70,True
6094,0.4911,0.6373,0.313,A_person_brings_their_knee_in_towards_their_chest,82,True
6095,0.6701,0.4671,0.313,An_individual_does_a_turning_pirouette,94,True
6096,0.6364,0.4919,0.313,Someone_brings_their_knee_up_to_their_chest,17,True
6097,0.5364,0.5836,0.3131,Someone_makes_a_clapping_sound,42,True
6098,0.6451,0.4854,0.3131,A_person_turns_around_in_a_pirouette,66,True
6099,0.5662,0.5529,0.3131,A_person_claps_their_hands,41,True
6100,0.6961,0.4498,0.3131,A_person_spins_in_a_pirouette,72,True
6101,0.5588,0.5605,0.3132,Someone_does_a_quick_spin_in_a_pirouette,17,True
6102,0.5969,0.5248,0.3132,Someone_makes_a_clapping_sound,37,True
6103,0.5291,0.5921,0.3133,An_individual_raises_their_right_arm_to_make_contact_with_their_head,96,True
6104,0.6113,0.5126,0.3133,Someone_performs_a_forward_roll_and_then_stands,64,True
6105,0.52,0.6025,0.3133,A_person_stretches_to_touch_their_toes_and_then_rises,92,True
6106,0.5134,0.6105,0.3134,An_individual_pushes_a_heavy_item,86,True
6107,0.5432,0.577,0.3134,A_person_swings_their_left_arm_back_and_forth,33,True
6108,0.6317,0.4962,0.3134,A_person_practices_push-ups,2,True
6109,0.6698,0.4681,0.3135,Someone_reaches_up_with_their_right_arm_to_their_head,79,True
6110,0.6562,0.4778,0.3135,A_person_bends_to_touch_their_toes_and_stands_again,32,True
6111,0.4955,0.6327,0.3135,An_individual_pushes_a_heavy_item,74,True
6112,0.4852,0.6462,0.3135,An_individual_tries_to_push_a_heavy_thing,87,True
6113,0.498,0.6296,0.3136,An_individual_pushes_a_heavy_item,73,True
6114,0.6207,0.5053,0.3136,A_person_spins_in_a_pirouette,57,True
6115,0.7231,0.4337,0.3136,Someone_raises_their_right_arm_to_reach_their_head,78,True
6116,0.5209,0.6021,0.3136,An_individual_jumps_up_into_the_air,70,True
6117,0.6178,0.5075,0.3136,Someone_brings_their_hands_together_to_clap,10,True
6118,0.5066,0.6191,0.3136,A_person_does_a_high_jump,7,True
6119,0.5801,0.5407,0.3137,Someone_brings_their_hands_together_to_clap,54,True
6120,0.5602,0.5599,0.3137,Someone_makes_a_full_turn_in_a_pirouette,2,True
6121,0.4924,0.6371,0.3137,Someone_does_push-up_exercises,59,True
6122,0.4696,0.668,0.3137,An_individual_pushes_a_heavy_item,94,True
6123,0.693,0.4528,0.3138,Someone_reaches_up_with_their_right_arm_to_their_head,58,True
6124,0.5771,0.5438,0.3138,A_person_applies_pressure_to_push_a_heavy_object,51,True
6125,0.5155,0.6088,0.3138,An_individual_tries_to_push_a_heavy_thing,3,True
6126,0.5954,0.527,0.3138,An_individual_dances_a_pirouette,13,True
6127,0.5106,0.6146,0.3138,An_individual_puts_their_hands_together_to_clap,51,True
6128,0.528,0.5945,0.3139,A_person_swings_their_left_arm_back_and_forth,39,True
6129,0.528,0.5944,0.3139,A_person_rolls_forward_and_returns_to_a_standing_position,19,True
6130,0.5692,0.5514,0.3139,A_person_bends_their_leg_and_raises_their_knee_to_their_chest,77,True
6131,0.5984,0.5247,0.314,Someone_brings_their_hands_together_to_clap,69,True
6132,0.5203,0.6036,0.314,A_person_goes_up_into_the_air,53,True
6133,0.5975,0.5255,0.314,An_individual_jumps_up_into_the_air,0,True
6134,0.5435,0.5778,0.314,Someone_positions_their_knee_at_chest_height,42,True
6135,0.4821,0.6513,0.314,Someone_is_moving_a_bulky_object_by_pushing,97,True
6136,0.584,0.5378,0.3141,An_individual_dances_a_pirouette,25,True
6137,0.5567,0.5642,0.3141,Someone_rolls_in_a_forward_motion_and_stands_up,99,True
6138,0.6772,0.464,0.3142,A_person_practices_push-ups,89,True
6139,0.5753,0.5461,0.3142,A_person_claps_their_hands,3,True
6140,0.5742,0.5472,0.3142,Someone_makes_a_full_turn_in_a_pirouette,40,True
6141,0.592,0.5308,0.3142,Someone_shoves_a_weighty_object,67,True
6142,0.5426,0.579,0.3142,A_person_moves_a_heavy_object_by_pushing,17,True
6143,0.721,0.4358,0.3142,An_individual_brings_their_right_arm_up_to_their_head,43,True
6144,0.4993,0.6295,0.3143,An_individual_rolls_forward_and_rises,48,True
6145,0.506,0.621,0.3143,A_person_goes_up_into_the_air,43,True
6146,0.5687,0.5527,0.3143,An_individual_raises_their_right_arm_to_make_contact_with_their_head,2,True
6147,0.6708,0.4687,0.3144,A_person_does_push-ups,74,True
6148,0.6817,0.4612,0.3144,An_individual_extends_their_right_arm_to_their_head,74,True
6149,0.5596,0.5619,0.3144,An_individual_puts_their_hands_together_to_clap,5,True
6150,0.5723,0.5493,0.3144,Someone_positions_their_knee_at_chest_height,69,True
6151,0.5516,0.57,0.3144,An_individual_exerts_force_on_a_heavy_object,20,True
6152,0.5801,0.5419,0.3144,A_person_practices_push-ups,94,True
6153,0.5649,0.5568,0.3145,A_person_does_a_forward_roll_and_gets_up,92,True
6154,0.5973,0.5265,0.3145,Someone_rolls_in_a_forward_motion_and_stands_up,32,True
6155,0.5305,0.5929,0.3145,Someone_pushes_off_the_ground_and_rises,17,True
6156,0.6366,0.4942,0.3146,Someone_brings_their_hands_together_to_clap,72,True
6157,0.5723,0.5497,0.3146,A_person_pushes_an_object_that_is_hard_to_lift,78,True
6158,0.5631,0.5589,0.3147,An_individual_rolls_forward_and_quickly_gets_up,19,True
6159,0.5948,0.5291,0.3147,A_person_creates_a_clapping_noise_with_their_hands,60,True
6160,0.5656,0.5564,0.3147,Someone_makes_a_full_turn_in_a_pirouette,99,True
6161,0.6378,0.4933,0.3147,A_person_carries_out_push-ups,77,True
6162,0.6702,0.4695,0.3147,A_person_carries_out_push-ups,27,True
6163,0.5615,0.5605,0.3147,An_individual_puts_their_hands_together_to_clap,24,True
6164,0.5686,0.5534,0.3147,An_individual_puts_their_hands_together_to_clap,23,True
6165,0.6249,0.5036,0.3147,A_person_performs_push-ups,93,True
6166,0.5724,0.5497,0.3147,A_person_rolls_forward_and_returns_to_a_standing_position,58,True
6167,0.4751,0.6623,0.3147,A_person_performs_a_clap,42,True
6168,0.5811,0.5415,0.3147,A_person_spins_in_a_pirouette,69,True
6169,0.6459,0.4873,0.3148,An_individual_engages_in_push-ups,48,True
6170,0.7389,0.426,0.3148,Someone_waves_their_left_arm,80,True
6171,0.6372,0.494,0.3148,An_individual_brings_their_knee_close_to_their_chest,5,True
6172,0.5347,0.5887,0.3148,Someone_gestures_with_their_left_arm,27,True
6173,0.5532,0.5693,0.3149,An_individual_jumps_up_into_the_air,16,True
6174,0.5733,0.5496,0.315,Someone_touches_their_toes_and_stands_back_up,93,True
6175,0.5701,0.5525,0.315,Someone_is_moving_a_bulky_object_by_pushing,74,True
6176,0.5629,0.5596,0.315,An_individual_jumps_up_into_the_air,66,True
6177,0.491,0.6417,0.3151,A_person_does_a_forward_roll_and_gets_up,91,True
6178,0.5358,0.588,0.3151,An_individual_rolls_forward_and_rises,63,True
6179,0.6713,0.4695,0.3151,A_person_bends_to_touch_their_toes_and_stands_again,7,True
6180,0.5991,0.5259,0.3151,Someone_makes_a_full_turn_in_a_pirouette,82,True
6181,0.6125,0.5144,0.3151,Someone_shoves_a_weighty_object,86,True
6182,0.6873,0.4584,0.3151,A_person_brings_their_right_arm_up_to_their_head,4,True
6183,0.5652,0.5577,0.3152,An_individual_hops_up_high,32,True
6184,0.5092,0.6191,0.3152,A_person_claps_their_hands,83,True
6185,0.5774,0.5459,0.3152,Someone_shoves_a_weighty_object,98,True
6186,0.5913,0.5332,0.3153,An_individual_puts_their_hands_together_to_clap,75,True
6187,0.7605,0.4147,0.3153,Someone_waves_their_left_arm,94,True
6188,0.5536,0.5695,0.3153,Someone_makes_a_full_turn_in_a_pirouette,0,True
6189,0.6358,0.4958,0.3153,A_person_practices_push-ups,41,True
6190,0.5831,0.5408,0.3154,An_individual_jumps_up_into_the_air,30,True
6191,0.5725,0.5509,0.3154,An_individual_hops_up_high,46,True
6192,0.5873,0.5371,0.3154,An_individual_does_a_turning_pirouette,86,True
6193,0.5284,0.597,0.3155,Someone_does_a_quick_spin_in_a_pirouette,40,True
6194,0.5468,0.5771,0.3156,An_individual_rolls_forward_and_rises,57,True
6195,0.5339,0.5911,0.3156,A_person_reaches_for_their_toes_and_gets_back_up,91,True
6196,0.5831,0.5413,0.3156,Someone_makes_a_clapping_sound,98,True
6197,0.7596,0.4154,0.3156,Someone_waves_with_their_left_arm,83,True
6198,0.5409,0.5835,0.3156,An_individual_claps_in_celebration,36,True
6199,0.5859,0.5387,0.3156,Someone_does_a_quick_spin_in_a_pirouette,86,True
6200,0.6374,0.4953,0.3157,A_person_bends_to_touch_their_toes_and_stands_again,1,True
6201,0.6404,0.493,0.3157,Someone_elevates_their_knee_to_their_chest,85,True
6202,0.4768,0.6623,0.3158,A_person_does_a_high_jump,22,True
6203,0.527,0.5994,0.3158,A_person_applies_pressure_to_push_a_heavy_object,42,True
6204,0.5276,0.5985,0.3158,Someone_does_push-up_exercises,82,True
6205,0.5135,0.615,0.3158,An_individual_pushes_a_heavy_object,32,True
6206,0.6355,0.4969,0.3158,Someone_reaches_up_with_their_right_arm_to_their_head,82,True
6207,0.5764,0.5481,0.3159,An_individual_puts_their_hands_together_to_clap,87,True
6208,0.5752,0.5494,0.316,Someone_touches_their_toes_and_then_lifts_themselves_up,38,True
6209,0.7315,0.4319,0.316,Someone_raises_their_right_arm_to_reach_their_head,93,True
6210,0.5414,0.5839,0.3161,A_person_applies_pressure_to_push_a_heavy_object,55,True
6211,0.5998,0.5272,0.3162,Someone_performs_a_forward_roll_and_then_stands,17,True
6212,0.634,0.4989,0.3163,Someone_leans_down_to_touch_their_toes_and_stands_back_up,94,True
6213,0.6855,0.4613,0.3163,A_person_brings_their_right_arm_up_to_their_head,29,True
6214,0.567,0.558,0.3164,An_individual_lifts_a_knee_up_to_their_chest,35,True
6215,0.5858,0.5401,0.3164,An_individual_tries_to_push_a_heavy_thing,18,True
6216,0.5103,0.6201,0.3164,Someone_makes_a_clapping_sound,17,True
6217,0.715,0.4426,0.3165,Someone_waves_with_their_left_arm,45,True
6218,0.6843,0.4625,0.3165,Someone_brings_their_knee_up_to_their_chest,96,True
6219,0.5278,0.5999,0.3166,A_person_does_a_forward_roll_and_gets_up,32,True
6220,0.57,0.5556,0.3167,An_individual_hops_up_high,24,True
6221,0.5639,0.5617,0.3167,An_individual_puts_their_hands_together_to_clap,34,True
6222,0.6289,0.5036,0.3167,A_person_practices_push-ups,44,True
6223,0.5615,0.5641,0.3167,An_individual_hops_up_high,71,True
6224,0.5764,0.5493,0.3167,An_individual_jumps_up_into_the_air,22,True
6225,0.7283,0.435,0.3168,A_person_lifts_their_right_arm_to_touch_their_head,25,True
6226,0.5499,0.5762,0.3168,An_individual_jumps_up_into_the_air,26,True
6227,0.6592,0.4807,0.3168,Someone_shoves_a_weighty_object,68,True
6228,0.5737,0.5523,0.3169,Someone_touches_their_toes_and_then_lifts_themselves_up,69,True
6229,0.6044,0.5243,0.3169,A_person_practices_push-ups,43,True
6230,0.6675,0.4747,0.3169,An_individual_engages_in_push-ups,91,True
6231,0.5333,0.5942,0.3169,A_person_moves_a_heavy_object_by_pushing,16,True
6232,0.6371,0.4976,0.317,A_person_carries_out_push-ups,90,True
6233,0.6231,0.5088,0.317,Someone_touches_their_toes_and_stands_back_up,90,True
6234,0.7248,0.4373,0.317,Someone_waves_with_their_left_arm,54,True
6235,0.6812,0.4655,0.3171,A_person_swings_their_left_arm_back_and_forth,57,True
6236,0.5372,0.5903,0.3171,A_person_claps,67,True
6237,0.5493,0.5773,0.3171,A_person_does_a_forward_roll_and_gets_up,63,True
6238,0.6647,0.4773,0.3172,Someone_bends_down_to_touch_their_toes_and_then_stands_up,17,True
6239,0.7489,0.4235,0.3172,Someone_waves_with_their_left_arm,41,True
6240,0.6375,0.4978,0.3173,An_individual_engages_in_push-ups,63,True
6241,0.5215,0.6084,0.3173,Someone_rolls_forward_and_stands_up,79,True
6242,0.729,0.4354,0.3174,Someone_waves_with_their_left_arm,47,True
6243,0.5307,0.5981,0.3174,An_individual_rolls_forward_and_rises,28,True
6244,0.6675,0.4755,0.3174,A_person_carries_out_push-ups,59,True
6245,0.5634,0.5633,0.3174,Someone_leaps_up_high,26,True
6246,0.5996,0.5295,0.3175,Someone_makes_a_full_turn_in_a_pirouette,32,True
6247,0.5557,0.5713,0.3175,Someone_elevates_their_knee_to_their_chest,99,True
6248,0.6506,0.488,0.3175,Someone_brings_their_knee_up_to_their_chest,61,True
6249,0.6351,0.5,0.3175,A_person_swings_their_left_arm_back_and_forth,31,True
6250,0.547,0.5805,0.3175,An_individual_completes_a_pirouette,13,True
6251,0.4956,0.6409,0.3176,An_individual_pushes_a_heavy_item,35,True
6252,0.5703,0.5572,0.3177,A_person_creates_a_clapping_noise_with_their_hands,34,True
6253,0.5199,0.611,0.3177,An_individual_makes_a_clapping_motion,65,True
6254,0.5666,0.5606,0.3177,Someone_rolls_in_a_forward_motion_and_stands_up,18,True
6255,0.5604,0.5668,0.3177,An_individual_makes_a_high_jump,31,True
6256,0.5178,0.6138,0.3178,A_person_stretches_to_touch_their_toes_and_then_rises,4,True
6257,0.5102,0.6229,0.3178,A_person_applies_pressure_to_push_a_heavy_object,73,True
6258,0.4976,0.6387,0.3178,An_individual_tumbles_forward_and_then_gets_up,79,True
6259,0.5684,0.5591,0.3178,A_person_does_a_forward_roll_and_gets_up,46,True
6260,0.6229,0.5102,0.3178,An_individual_goes_down_to_touch_their_toes_and_then_stands_back_up,19,True
6261,0.5814,0.5466,0.3178,A_person_claps,68,True
6262,0.519,0.6123,0.3178,An_individual_pushes_a_heavy_object,31,True
6263,0.5284,0.6015,0.3178,An_individual_dances_a_pirouette,4,True
6264,0.5235,0.6071,0.3178,A_person_gives_a_round_of_applause,30,True
6265,0.5822,0.5459,0.3179,Someone_performs_a_forward_roll_and_then_stands,67,True
6266,0.6152,0.5167,0.3179,A_person_spins_in_a_pirouette,93,True
6267,0.5563,0.5717,0.318,A_person_pushes_an_object_that_is_hard_to_lift,70,True
6268,0.6713,0.4737,0.318,A_person_bends_to_touch_their_toes_and_stands_again,43,True
6269,0.6836,0.4652,0.318,Someone_waves_with_their_left_arm,95,True
6270,0.544,0.5845,0.318,An_individual_hops_up_high,88,True
6271,0.607,0.5238,0.318,A_person_swings_their_left_arm_back_and_forth,14,True
6272,0.5017,0.6339,0.3181,A_person_jumps_really_high,42,True
6273,0.7116,0.4471,0.3181,Someone_waves_with_their_left_arm,82,True
6274,0.5035,0.6318,0.3181,An_individual_exerts_force_on_a_heavy_object,89,True
6275,0.7358,0.4323,0.3181,A_person_positions_their_right_arm_to_touch_their_head,37,True
6276,0.5851,0.5437,0.3181,Someone_makes_a_full_turn_in_a_pirouette,65,True
6277,0.5078,0.6265,0.3181,An_individual_pushes_a_heavy_item,31,True
6278,0.512,0.6213,0.3181,Someone_pushes_a_large_object,69,True
6279,0.6221,0.5114,0.3182,A_person_practices_push-ups,98,True
6280,0.5569,0.5714,0.3182,An_individual_rolls_forward_and_quickly_gets_up,29,True
6281,0.5574,0.571,0.3182,An_individual_raises_their_right_arm_to_make_contact_with_their_head,66,True
6282,0.5613,0.5672,0.3184,An_individual_rolls_forward_and_quickly_gets_up,16,True
6283,0.5795,0.5495,0.3184,A_person_turns_around_in_a_pirouette,75,True
6284,0.5243,0.6074,0.3184,An_individual_pushes_something_heavy,15,True
6285,0.6888,0.4622,0.3184,Someone_waves_their_left_arm,21,True
6286,0.6367,0.5002,0.3185,A_person_brings_their_right_arm_up_to_their_head,49,True
6287,0.7143,0.4459,0.3185,A_person_lifts_their_right_arm_to_touch_their_head,45,True
6288,0.5251,0.6066,0.3185,A_person_does_a_high_jump,75,True
6289,0.4766,0.6682,0.3185,A_person_does_a_high_jump,99,True
6290,0.5688,0.5601,0.3186,Someone_makes_a_full_turn_in_a_pirouette,77,True
6291,0.541,0.589,0.3186,A_person_does_a_high_jump,62,True
6292,0.7189,0.4432,0.3186,Someone_waves_with_their_left_arm,78,True
6293,0.6151,0.5181,0.3187,An_individual_tries_to_push_a_heavy_thing,17,True
6294,0.5894,0.5407,0.3187,An_individual_dances_a_pirouette,20,True
6295,0.6222,0.5122,0.3187,Someone_does_a_quick_spin_in_a_pirouette,81,True
6296,0.6037,0.5282,0.3188,A_person_bends_to_touch_their_toes_and_stands_again,94,True
6297,0.6838,0.4662,0.3188,Someone_positions_their_knee_at_chest_height,73,True
6298,0.6034,0.5282,0.3188,Someone_leaps_up_high,20,True
6299,0.558,0.5714,0.3188,Someone_rolls_in_a_forward_motion_and_stands_up,49,True
6300,0.6719,0.4746,0.3189,A_person_bends_to_touch_their_toes_and_stands_again,52,True
6301,0.5756,0.554,0.3189,A_person_swings_their_left_arm_back_and_forth,59,True
6302,0.5505,0.5793,0.3189,An_individual_touches_their_toes_and_returns_to_a_standing_position,21,True
6303,0.5613,0.5682,0.3189,A_person_goes_up_into_the_air,25,True
6304,0.5605,0.569,0.3189,An_individual_makes_a_clapping_motion,86,True
6305,0.5526,0.5772,0.319,Someone_does_a_quick_spin_in_a_pirouette,25,True
6306,0.6183,0.516,0.319,Someone_pushes_off_the_ground_and_rises,67,True
6307,0.5259,0.6066,0.319,An_individual_rolls_forward_and_quickly_gets_up,15,True
6308,0.5499,0.5802,0.3191,Someone_shoves_a_weighty_object,84,True
6309,0.6695,0.4767,0.3191,Someone_touches_their_toes_and_then_lifts_themselves_up,0,True
6310,0.6814,0.4683,0.3191,A_person_brings_their_right_arm_up_to_their_head,2,True
6311,0.4783,0.667,0.3191,A_person_gives_a_round_of_applause,66,True
6312,0.5694,0.5603,0.3191,An_individual_raises_their_right_arm_to_make_contact_with_their_head,58,True
6313,0.6275,0.5088,0.3192,A_person_does_a_forward_roll_and_gets_up,50,True
6314,0.5252,0.6077,0.3192,An_individual_exerts_force_on_a_heavy_object,98,True
6315,0.556,0.574,0.3192,An_individual_puts_their_hands_together_to_clap,96,True
6316,0.6697,0.4767,0.3192,An_individual_brings_their_knee_close_to_their_chest,10,True
6317,0.5972,0.5347,0.3193,Someone_performs_a_forward_roll_and_then_stands,16,True
6318,0.6493,0.4918,0.3193,Someone_executes_push-ups,41,True
6319,0.6272,0.5091,0.3193,An_individual_dances_a_pirouette,68,True
6320,0.5715,0.5587,0.3193,A_person_swings_their_left_arm_back_and_forth,66,True
6321,0.5386,0.5929,0.3193,An_individual_puts_their_hands_together_to_clap,43,True
6322,0.5231,0.6105,0.3193,An_individual_makes_a_high_jump,58,True
6323,0.5525,0.5779,0.3193,An_individual_tumbles_forward_and_then_gets_up,49,True
6324,0.6008,0.5317,0.3194,Someone_applauds_by_clapping,41,True
6325,0.667,0.4789,0.3194,A_person_brings_their_right_arm_up_to_their_head,43,True
6326,0.6674,0.4785,0.3194,An_individual_engages_in_push-ups,17,True
6327,0.6557,0.4871,0.3194,Someone_reaches_up_with_their_right_arm_to_their_head,62,True
6328,0.5884,0.5429,0.3194,A_person_brings_their_knee_in_towards_their_chest,65,True
6329,0.5261,0.6072,0.3195,A_person_applies_pressure_to_push_a_heavy_object,29,True
6330,0.6117,0.5223,0.3195,A_person_applies_pressure_to_push_a_heavy_object,6,True
6331,0.6155,0.5191,0.3195,Someone_brings_their_hands_together_to_clap,90,True
6332,0.66,0.4842,0.3196,A_person_raises_the_right_arm_to_touch_their_head,35,True
6333,0.5592,0.5716,0.3196,A_person_practices_push-ups,64,True
6334,0.4604,0.6945,0.3197,Someone_pushes_off_the_ground_and_rises,79,True
6335,0.6464,0.4946,0.3197,Someone_reaches_up_with_their_right_arm_to_their_head,63,True
6336,0.5974,0.5353,0.3198,A_person_claps_their_hands,64,True
6337,0.6093,0.5251,0.3199,An_individual_brings_their_knee_close_to_their_chest,64,True
6338,0.5327,0.6006,0.3199,Someone_rolls_in_a_forward_motion_and_stands_up,10,True
6339,0.5453,0.5866,0.3199,A_person_jumps_very_high,49,True
6340,0.6388,0.5008,0.3199,Someone_reaches_up_with_their_right_arm_to_their_head,71,True
6341,0.5574,0.5739,0.3199,An_individual_jumps_up_into_the_air,20,True
6342,0.5606,0.5705,0.3199,A_person_applies_pressure_to_push_a_heavy_object,16,True
6343,0.6301,0.5079,0.32,Someone_makes_a_clapping_sound,36,True
6344,0.5435,0.5888,0.32,A_person_claps_their_hands,57,True
6345,0.7275,0.4398,0.32,Someone_waves_their_left_arm,90,True
6346,0.5437,0.5889,0.3201,An_individual_raises_their_right_arm_to_make_contact_with_their_head,94,True
6347,0.6042,0.5299,0.3201,An_individual_puts_their_hands_together_to_clap,89,True
6348,0.5568,0.5748,0.3201,Someone_positions_their_knee_at_chest_height,16,True
6349,0.7125,0.4494,0.3202,An_individual_extends_their_right_arm_to_their_head,42,True
6350,0.5399,0.5932,0.3202,An_individual_tries_to_push_a_heavy_thing,28,True
6351,0.6242,0.513,0.3202,A_person_turns_around_in_a_pirouette,38,True
6352,0.5175,0.6188,0.3202,Someone_does_push-up_exercises,63,True
6353,0.5355,0.598,0.3202,A_person_gives_a_round_of_applause,87,True
6354,0.5827,0.5497,0.3203,An_individual_goes_down_to_touch_their_toes_and_then_stands_back_up,38,True
6355,0.6213,0.5155,0.3203,A_person_bends_to_touch_their_toes_and_stands_again,57,True
6356,0.5666,0.5656,0.3204,Someone_does_push-up_exercises,60,True
6357,0.6247,0.5129,0.3204,A_person_performs_push-ups,84,True
6358,0.5191,0.6173,0.3204,Someone_rolls_in_a_forward_motion_and_stands_up,7,True
6359,0.6018,0.5325,0.3205,Someone_does_a_quick_spin_in_a_pirouette,3,True
6360,0.6014,0.5329,0.3205,Someone_makes_a_clapping_sound,39,True
6361,0.645,0.4971,0.3206,A_person_carries_out_push-ups,26,True
6362,0.5844,0.5486,0.3206,A_person_gives_a_round_of_applause,59,True
6363,0.5494,0.5835,0.3206,An_individual_puts_their_hands_together_to_clap,6,True
6364,0.5828,0.5502,0.3206,An_individual_lifts_a_knee_up_to_their_chest,50,True
6365,0.5583,0.5742,0.3206,An_individual_jumps_up_into_the_air,34,True
6366,0.6066,0.5286,0.3207,An_individual_raises_their_right_arm_to_make_contact_with_their_head,80,True
6367,0.615,0.5214,0.3207,A_person_practices_push-ups,30,True
6368,0.4965,0.6458,0.3207,An_individual_pushes_a_heavy_item,11,True
6369,0.6154,0.5212,0.3208,Someone_brings_their_hands_together_to_clap,7,True
6370,0.6476,0.4953,0.3208,An_individual_tries_to_push_a_heavy_thing,15,True
6371,0.6167,0.5202,0.3208,A_person_rolls_ahead_and_gets_back_on_their_feet,63,True
6372,0.5315,0.6037,0.3209,Someone_is_moving_a_bulky_object_by_pushing,71,True
6373,0.4963,0.6467,0.321,An_individual_completes_a_pirouette,44,True
6374,0.6621,0.4848,0.321,A_person_spins_in_a_pirouette,38,True
6375,0.5961,0.5384,0.321,An_individual_dances_a_pirouette,74,True
6376,0.7144,0.4493,0.321,An_individual_extends_their_right_arm_to_their_head,3,True
6377,0.5093,0.6302,0.321,An_individual_exerts_force_on_a_heavy_object,69,True
6378,0.5403,0.5943,0.3211,Someone_makes_a_full_turn_in_a_pirouette,58,True
6379,0.4742,0.6771,0.3211,A_person_claps_their_hands,49,True
6380,0.6249,0.5139,0.3211,A_person_performs_push-ups,16,True
6381,0.496,0.6474,0.3211,An_individual_rolls_forward_and_rises,68,True
6382,0.5675,0.5659,0.3211,A_person_does_a_forward_roll_and_gets_up,44,True
6383,0.5567,0.5769,0.3212,An_individual_makes_a_high_jump,41,True
6384,0.5625,0.5711,0.3213,A_person_applies_pressure_to_push_a_heavy_object,19,True
6385,0.5856,0.5487,0.3213,A_person_swings_their_left_arm_back_and_forth,1,True
6386,0.4953,0.6488,0.3213,An_individual_pushes_a_heavy_item,0,True
6387,0.5742,0.5595,0.3213,An_individual_tumbles_forward_and_then_gets_up,28,True
6388,0.6184,0.5195,0.3213,Someone_makes_a_full_turn_in_a_pirouette,89,True
6389,0.5627,0.5711,0.3214,A_person_does_a_high_jump,95,True
6390,0.5259,0.6111,0.3214,An_individual_tries_to_push_a_heavy_thing,78,True
6391,0.5771,0.5571,0.3215,Someone_does_a_quick_spin_in_a_pirouette,58,True
6392,0.5466,0.5882,0.3215,Someone_is_moving_a_bulky_object_by_pushing,60,True
6393,0.6402,0.5022,0.3215,Someone_springs_up_off_the_ground,88,True
6394,0.4789,0.6713,0.3215,A_person_jumps_really_high,15,True
6395,0.6486,0.4957,0.3215,An_individual_dances_a_pirouette,54,True
6396,0.5892,0.5457,0.3215,A_person_does_a_forward_roll_and_gets_up,81,True
6397,0.6325,0.5084,0.3216,A_person_carries_out_push-ups,74,True
6398,0.5095,0.6313,0.3216,An_individual_makes_a_high_jump,44,True
6399,0.6882,0.4673,0.3216,Someone_reaches_up_with_their_right_arm_to_their_head,57,True
6400,0.5949,0.5407,0.3217,A_person_performs_push-ups,97,True
6401,0.625,0.5148,0.3217,A_person_performs_push-ups,22,True
6402,0.5215,0.6169,0.3217,An_individual_dances_a_pirouette,87,True
6403,0.6804,0.4728,0.3217,Someone_touches_their_toes_and_then_lifts_themselves_up,30,True
6404,0.7035,0.4575,0.3218,Someone_waves_with_their_left_arm,92,True
6405,0.5306,0.6065,0.3218,An_individual_makes_a_high_jump,91,True
6406,0.6798,0.4733,0.3218,An_individual_engages_in_push-ups,60,True
6407,0.6966,0.462,0.3218,Someone_reaches_up_with_their_right_arm_to_their_head,16,True
6408,0.6381,0.5042,0.3218,A_person_practices_push-ups,36,True
6409,0.5194,0.6194,0.3218,An_individual_pushes_a_heavy_object,27,True
6410,0.5665,0.568,0.3218,An_individual_rolls_forward_and_quickly_gets_up,87,True
6411,0.6639,0.4849,0.3219,A_person_carries_out_push-ups,69,True
6412,0.5919,0.5439,0.3219,A_person_creates_a_clapping_noise_with_their_hands,27,True
6413,0.6473,0.4973,0.3219,An_individual_does_a_turning_pirouette,87,True
6414,0.5284,0.6092,0.3219,A_person_creates_a_clapping_noise_with_their_hands,93,True
6415,0.6805,0.4732,0.322,An_individual_engages_in_push-ups,16,True
6416,0.5615,0.5736,0.3221,An_individual_makes_a_clapping_motion,36,True
6417,0.5725,0.5626,0.3221,An_individual_makes_a_high_jump,23,True
6418,0.5042,0.639,0.3222,Someone_pushes_a_large_object,53,True
6419,0.6137,0.5251,0.3223,A_person_lifts_their_knee_to_their_chest,51,True
6420,0.6347,0.5077,0.3223,Someone_bends_down_to_touch_their_toes_and_then_stands_up,42,True
6421,0.5625,0.5731,0.3224,An_individual_puts_their_hands_together_to_clap,48,True
6422,0.6488,0.4968,0.3224,Someone_lifts_their_right_arm_and_touches_their_head,4,True
6423,0.7367,0.4377,0.3224,Someone_waves_with_their_left_arm,37,True
6424,0.6049,0.533,0.3224,A_person_swings_their_left_arm_back_and_forth,75,True
6425,0.6955,0.4635,0.3224,An_individual_completes_a_pirouette,18,True
6426,0.5506,0.5857,0.3225,An_individual_hops_up_high,28,True
6427,0.6341,0.5088,0.3226,An_individual_does_a_turning_pirouette,17,True
6428,0.5863,0.5504,0.3227,Someone_performs_a_forward_roll_and_then_stands,80,True
6429,0.5351,0.6031,0.3227,An_individual_brings_their_knee_close_to_their_chest,75,True
6430,0.6663,0.4844,0.3228,A_person_bends_to_touch_their_toes_and_stands_again,20,True
6431,0.5543,0.5825,0.3228,An_individual_dances_a_pirouette,99,True
6432,0.5599,0.5768,0.323,A_person_gives_a_round_of_applause,60,True
6433,0.586,0.5512,0.323,An_individual_jumps_up_into_the_air,42,True
6434,0.5631,0.5736,0.323,An_individual_exerts_force_on_a_heavy_object,83,True
6435,0.6556,0.4929,0.3231,An_individual_engages_in_push-ups,81,True
6436,0.5784,0.5585,0.3231,A_person_jumps_straight_up,73,True
6437,0.7372,0.4386,0.3233,A_person_lifts_their_right_arm_to_touch_their_head,78,True
6438,0.6475,0.4992,0.3233,A_person_lifts_their_knee_to_their_chest,1,True
6439,0.6765,0.478,0.3234,A_person_brings_their_right_arm_up_to_their_head,97,True
6440,0.6783,0.4768,0.3234,A_person_does_push-ups,33,True
6441,0.5884,0.5496,0.3234,A_person_stretches_to_touch_their_toes_and_then_rises,23,True
6442,0.5757,0.5619,0.3235,A_person_bends_to_touch_their_toes_and_stands_again,77,True
6443,0.5026,0.6438,0.3236,A_person_rolls_forward_and_returns_to_a_standing_position,30,True
6444,0.6757,0.4789,0.3236,A_person_does_push-ups,39,True
6445,0.5313,0.6092,0.3237,An_individual_tumbles_forward_and_then_gets_up,41,True
6446,0.5371,0.6027,0.3237,An_individual_pushes_a_heavy_item,60,True
6447,0.6307,0.5133,0.3237,A_person_performs_push-ups,29,True
6448,0.5172,0.6259,0.3237,Someone_pushes_a_large_object,89,True
6449,0.7257,0.4461,0.3237,Someone_waves_with_their_left_arm,20,True
6450,0.5476,0.5911,0.3237,An_individual_pushes_a_heavy_object,35,True
6451,0.6077,0.5328,0.3238,Someone_leans_down_to_touch_their_toes_and_stands_back_up,70,True
6452,0.7507,0.4313,0.3238,Someone_waves_with_their_left_arm,69,True
6453,0.5345,0.6057,0.3238,An_individual_makes_a_high_jump,39,True
6454,0.5707,0.5674,0.3238,An_individual_pushes_a_heavy_object,10,True
6455,0.6108,0.5304,0.324,An_individual_does_a_turning_pirouette,32,True
6456,0.5609,0.5777,0.324,A_person_does_a_forward_roll_and_gets_up,99,True
6457,0.5309,0.6103,0.324,A_person_brings_their_knee_in_towards_their_chest,12,True
6458,0.5564,0.5825,0.3241,An_individual_jumps_up_into_the_air,24,True
6459,0.6584,0.4922,0.3241,Someone_leaps_up_high,49,True
6460,0.5375,0.6029,0.3241,A_person_claps_their_hands,12,True
6461,0.6565,0.4936,0.3241,A_person_moves_their_right_arm_to_touch_their_head,32,True
6462,0.6737,0.4811,0.3241,An_individual_does_a_turning_pirouette,73,True
6463,0.6329,0.512,0.3241,Someone_touches_their_toes_and_then_lifts_themselves_up,90,True
6464,0.5454,0.5943,0.3242,Someone_touches_their_toes_and_stands_back_up,32,True
6465,0.6079,0.5334,0.3242,Someone_makes_a_clapping_sound,14,True
6466,0.519,0.6246,0.3242,An_individual_tumbles_forward_and_then_gets_up,96,True
6467,0.561,0.5781,0.3243,An_individual_completes_a_pirouette,57,True
6468,0.6334,0.5119,0.3243,A_person_performs_push-ups,96,True
6469,0.6263,0.5178,0.3243,A_person_swings_their_left_arm_back_and_forth,52,True
6470,0.7224,0.4489,0.3243,Someone_waves_with_their_left_arm,56,True
6471,0.6627,0.4895,0.3244,A_person_carries_out_push-ups,2,True
6472,0.5556,0.5838,0.3244,An_individual_pushes_a_heavy_object,18,True
6473,0.7305,0.4441,0.3244,An_individual_brings_their_right_arm_up_to_their_head,37,True
6474,0.5933,0.5467,0.3244,Someone_brings_their_knee_up_to_their_chest,99,True
6475,0.6717,0.4829,0.3244,An_individual_brings_their_knee_close_to_their_chest,20,True
6476,0.6934,0.468,0.3245,Someone_pushes_off_the_ground_and_rises,90,True
6477,0.5927,0.5476,0.3246,Someone_gestures_with_their_left_arm,60,True
6478,0.5512,0.589,0.3246,An_individual_tries_to_push_a_heavy_thing,57,True
6479,0.571,0.5684,0.3246,A_person_creates_a_clapping_noise_with_their_hands,75,True
6480,0.6512,0.4987,0.3247,Someone_gestures_with_their_left_arm,9,True
6481,0.5465,0.5941,0.3247,An_individual_puts_their_hands_together_to_clap,25,True
6482,0.6587,0.4929,0.3247,A_person_performs_push-ups,94,True
6483,0.5972,0.5439,0.3248,A_person_spins_in_a_pirouette,28,True
6484,0.7331,0.443,0.3248,Someone_waves_with_their_left_arm,91,True
6485,0.4953,0.656,0.3249,A_person_applies_pressure_to_push_a_heavy_object,8,True
6486,0.6737,0.4823,0.3249,An_individual_waves_hello_with_their_left_arm,62,True
6487,0.5112,0.6358,0.325,An_individual_tries_to_push_a_heavy_thing,50,True
6488,0.6784,0.4791,0.325,Someone_reaches_up_with_their_right_arm_to_their_head,92,True
6489,0.7428,0.4376,0.3251,Someone_positions_their_knee_at_chest_height,40,True
6490,0.5526,0.5883,0.3251,An_individual_puts_their_hands_together_to_clap,26,True
6491,0.6174,0.5266,0.3251,Someone_bends_down_to_touch_their_toes_and_then_stands_up,89,True
6492,0.5844,0.5563,0.3251,Someone_leans_down_to_touch_their_toes_and_stands_back_up,92,True
6493,0.5044,0.6446,0.3252,An_individual_completes_a_pirouette,80,True
6494,0.5407,0.6014,0.3252,A_person_goes_up_into_the_air,98,True
6495,0.6579,0.4943,0.3252,An_individual_engages_in_push-ups,27,True
6496,0.5815,0.5592,0.3252,An_individual_puts_their_hands_together_to_clap,94,True
6497,0.721,0.4512,0.3253,A_person_lifts_their_right_arm_to_touch_their_head,68,True
6498,0.6088,0.5345,0.3254,Someone_does_a_pirouette,81,True
6499,0.7002,0.4648,0.3254,A_person_lifts_their_right_arm_to_touch_their_head,55,True
6500,0.5943,0.5475,0.3254,Someone_makes_a_clapping_sound,65,True
6501,0.5156,0.6312,0.3254,Someone_does_a_pirouette,62,True
6502,0.6557,0.4963,0.3254,An_individual_does_a_set_of_push-ups,0,True
6503,0.7597,0.4283,0.3254,Someone_waves_their_left_arm,49,True
6504,0.615,0.5292,0.3255,An_individual_completes_a_pirouette,39,True
6505,0.545,0.5972,0.3255,An_individual_hops_up_high,43,True
6506,0.5637,0.5774,0.3255,Someone_makes_a_clapping_sound,52,True
6507,0.58,0.5612,0.3255,Someone_touches_their_toes_and_stands_back_up,64,True
6508,0.6639,0.4903,0.3255,A_person_practices_push-ups,37,True
6509,0.6489,0.5018,0.3256,Someone_shoves_a_weighty_object,14,True
6510,0.6615,0.4924,0.3257,Someone_reaches_up_with_their_right_arm_to_their_head,13,True
6511,0.6161,0.5287,0.3257,A_person_moves_their_right_arm_to_touch_their_head,44,True
6512,0.6406,0.5085,0.3257,A_person_turns_around_in_a_pirouette,44,True
6513,0.6431,0.5066,0.3258,A_person_does_push-ups,54,True
6514,0.7177,0.4541,0.3259,A_person_lifts_their_right_arm_to_touch_their_head,84,True
6515,0.7202,0.4526,0.3259,An_individual_waves_hello_with_their_left_arm,49,True
6516,0.6475,0.5034,0.3259,A_person_turns_around_in_a_pirouette,2,True
6517,0.5612,0.5809,0.326,An_individual_tumbles_forward_and_then_gets_up,98,True
6518,0.5922,0.5505,0.326,A_person_jumps_straight_up,55,True
6519,0.6994,0.4662,0.3261,Someone_gestures_with_their_left_arm,99,True
6520,0.5898,0.5528,0.3261,An_individual_tries_to_push_a_heavy_thing,68,True
6521,0.5477,0.5955,0.3261,A_person_gives_a_round_of_applause,29,True
6522,0.5469,0.5963,0.3261,An_individual_pushes_something_heavy,19,True
6523,0.6352,0.5134,0.3261,A_person_performs_push-ups,82,True
6524,0.5786,0.5638,0.3262,An_individual_makes_a_clapping_motion,3,True
6525,0.6331,0.5153,0.3262,A_person_carries_out_push-ups,43,True
6526,0.6391,0.5105,0.3262,Someone_brings_their_knee_up_to_their_chest,51,True
6527,0.7102,0.4594,0.3263,A_person_brings_their_right_arm_up_to_their_head,28,True
6528,0.5425,0.6015,0.3263,An_individual_pushes_a_heavy_item,45,True
6529,0.5125,0.6366,0.3263,A_person_gives_a_round_of_applause,26,True
6530,0.6004,0.5434,0.3263,An_individual_raises_their_right_arm_to_make_contact_with_their_head,38,True
6531,0.6663,0.4899,0.3264,A_person_practices_push-ups,33,True
6532,0.712,0.4585,0.3264,A_person_does_push-ups,52,True
6533,0.5969,0.5468,0.3264,A_person_moves_their_right_arm_to_touch_their_head,54,True
6534,0.7219,0.4523,0.3265,A_person_raises_the_right_arm_to_touch_their_head,80,True
6535,0.5936,0.5501,0.3265,An_individual_completes_a_pirouette,96,True
6536,0.6083,0.5368,0.3265,A_person_swings_their_left_arm_back_and_forth,88,True
6537,0.6557,0.498,0.3265,A_person_practices_push-ups,48,True
6538,0.6389,0.5114,0.3267,Someone_rolls_forward_and_stands_up,56,True
6539,0.565,0.5782,0.3267,An_individual_lifts_a_knee_up_to_their_chest,37,True
6540,0.5347,0.611,0.3267,An_individual_hops_up_high,65,True
6541,0.5591,0.5844,0.3267,A_person_claps,16,True
6542,0.5843,0.5593,0.3268,An_individual_lifts_a_knee_up_to_their_chest,62,True
6543,0.5516,0.5924,0.3268,A_person_claps_their_hands,81,True
6544,0.5185,0.6304,0.3268,An_individual_tries_to_push_a_heavy_thing,75,True
6545,0.6491,0.5036,0.3269,Someone_bends_down_to_touch_their_toes_and_then_stands_up,19,True
6546,0.5591,0.5846,0.3269,Someone_positions_their_knee_at_chest_height,46,True
6547,0.6412,0.51,0.327,A_person_turns_around_in_a_pirouette,64,True
6548,0.567,0.5767,0.327,Someone_makes_a_full_turn_in_a_pirouette,75,True
6549,0.5393,0.6066,0.3271,An_individual_hops_up_high,95,True
6550,0.7371,0.4439,0.3272,Someone_waves_with_their_left_arm,42,True
6551,0.4943,0.6622,0.3273,Someone_positions_their_knee_at_chest_height,49,True
6552,0.6559,0.499,0.3273,A_person_bends_to_touch_their_toes_and_stands_again,76,True
6553,0.6678,0.4902,0.3273,A_person_spins_in_a_pirouette,16,True
6554,0.6124,0.5345,0.3273,Someone_brings_their_knee_up_to_their_chest,53,True
6555,0.5466,0.5989,0.3274,An_individual_hops_up_high,16,True
6556,0.5508,0.5945,0.3275,A_person_goes_up_into_the_air,22,True
6557,0.6453,0.5075,0.3275,A_person_practices_push-ups,56,True
6558,0.6776,0.4832,0.3275,A_person_lifts_their_right_arm_to_touch_their_head,30,True
6559,0.5274,0.6211,0.3276,An_individual_dances_a_pirouette,80,True
6560,0.6249,0.5242,0.3276,An_individual_jumps_up_into_the_air,36,True
6561,0.5161,0.6348,0.3276,Someone_applauds_by_clapping,51,True
6562,0.5871,0.5581,0.3276,Someone_brings_their_knee_up_to_their_chest,95,True
6563,0.7098,0.4616,0.3276,Someone_waves_with_their_left_arm,86,True
6564,0.4987,0.657,0.3276,An_individual_pushes_a_heavy_item,78,True
6565,0.5418,0.6047,0.3277,An_individual_raises_their_right_arm_to_make_contact_with_their_head,62,True
6566,0.5196,0.6307,0.3277,A_person_gives_a_round_of_applause,10,True
6567,0.5993,0.5469,0.3277,An_individual_dances_a_pirouette,30,True
6568,0.6757,0.485,0.3278,A_person_does_push-ups,43,True
6569,0.5765,0.5687,0.3278,A_person_moves_a_heavy_object_by_pushing,91,True
6570,0.554,0.5917,0.3278,An_individual_puts_their_hands_together_to_clap,13,True
6571,0.553,0.5927,0.3278,An_individual_pushes_a_heavy_object,75,True
6572,0.5251,0.6242,0.3278,An_individual_dances_a_pirouette,78,True
6573,0.7236,0.4532,0.3279,A_person_lifts_their_right_arm_to_touch_their_head,43,True
6574,0.6749,0.4858,0.3279,A_person_carries_out_push-ups,80,True
6575,0.5826,0.5627,0.3279,Someone_shoves_a_weighty_object,79,True
6576,0.6299,0.5208,0.328,A_person_spins_in_a_pirouette,30,True
6577,0.5993,0.5473,0.328,Someone_makes_a_full_turn_in_a_pirouette,60,True
6578,0.6049,0.5424,0.3281,An_individual_dances_a_pirouette,28,True
6579,0.66,0.497,0.3281,A_person_carries_out_push-ups,87,True
6580,0.5641,0.5815,0.3281,A_person_gives_a_round_of_applause,43,True
6581,0.5461,0.6008,0.3281,Someone_executes_a_pirouette,56,True
6582,0.634,0.5175,0.3281,A_person_brings_their_right_arm_up_to_their_head,92,True
6583,0.5813,0.5643,0.3281,An_individual_tumbles_forward_and_then_gets_up,92,True
6584,0.5877,0.5585,0.3282,An_individual_exerts_force_on_a_heavy_object,11,True
6585,0.6515,0.5038,0.3282,Someone_reaches_up_with_their_right_arm_to_their_head,44,True
6586,0.6221,0.5276,0.3282,Someone_leans_down_to_touch_their_toes_and_stands_back_up,10,True
6587,0.5844,0.5616,0.3282,Someone_touches_their_toes_and_stands_back_up,4,True
6588,0.6662,0.4929,0.3283,Someone_leans_down_to_touch_their_toes_and_stands_back_up,27,True
6589,0.5224,0.6283,0.3283,An_individual_rolls_forward_and_rises,83,True
6590,0.6656,0.4933,0.3283,An_individual_waves_hello_with_their_left_arm,74,True
6591,0.7017,0.4681,0.3284,An_individual_extends_their_right_arm_to_their_head,78,True
6592,0.6707,0.4896,0.3284,A_person_bends_to_touch_their_toes_and_stands_again,29,True
6593,0.5809,0.5653,0.3284,Someone_gestures_with_their_left_arm,41,True
6594,0.6399,0.5134,0.3285,A_person_does_push-ups,53,True
6595,0.5615,0.585,0.3285,A_person_claps_their_hands,72,True
6596,0.6921,0.4746,0.3285,Someone_positions_their_knee_at_chest_height,64,True
6597,0.5681,0.5782,0.3285,A_person_reaches_for_their_toes_and_gets_back_up,33,True
6598,0.5043,0.6518,0.3287,A_person_jumps_really_high,85,True
6599,0.5864,0.5607,0.3288,A_person_claps_their_hands,56,True
6600,0.5657,0.5812,0.3288,A_person_swings_their_left_arm_back_and_forth,13,True
6601,0.558,0.5893,0.3288,Someone_pushes_off_the_ground_and_rises,32,True
6602,0.5501,0.5977,0.3288,An_individual_puts_their_hands_together_to_clap,53,True
6603,0.5657,0.5814,0.3289,A_person_stretches_to_touch_their_toes_and_then_rises,58,True
6604,0.5085,0.6468,0.3289,A_person_gives_a_round_of_applause,79,True
6605,0.6718,0.4898,0.329,A_person_does_push-ups,75,True
6606,0.6604,0.4982,0.329,A_person_moves_their_right_arm_to_touch_their_head,68,True
6607,0.5258,0.6259,0.3291,A_person_jumps_really_high,7,True
6608,0.5715,0.5759,0.3291,Someone_does_a_quick_spin_in_a_pirouette,84,True
6609,0.6342,0.519,0.3291,A_person_practices_push-ups,83,True
6610,0.6653,0.4947,0.3291,A_person_turns_around_in_a_pirouette,88,True
6611,0.5963,0.5518,0.3291,A_person_goes_up_into_the_air,94,True
6612,0.5915,0.5564,0.3291,A_person_moves_their_right_arm_to_touch_their_head,76,True
6613,0.6224,0.529,0.3292,Someone_touches_their_toes_and_then_lifts_themselves_up,20,True
6614,0.6218,0.5295,0.3292,Someone_applauds_by_clapping,84,True
6615,0.6246,0.527,0.3292,An_individual_lifts_a_knee_up_to_their_chest,97,True
6616,0.5501,0.5985,0.3292,A_person_claps_their_hands,29,True
6617,0.6795,0.4844,0.3292,Someone_gestures_with_their_left_arm,5,True
6618,0.5458,0.6032,0.3292,An_individual_dances_a_pirouette,97,True
6619,0.7066,0.4659,0.3292,A_person_lifts_their_right_arm_to_touch_their_head,58,True
6620,0.668,0.4928,0.3292,A_person_does_push-ups,73,True
6621,0.5609,0.5873,0.3294,A_person_jumps_really_high,1,True
6622,0.5708,0.5772,0.3294,Someone_makes_a_clapping_sound,94,True
6623,0.6036,0.5459,0.3295,Someone_brings_their_hands_together_to_clap,34,True
6624,0.5946,0.5542,0.3295,Someone_does_a_quick_spin_in_a_pirouette,0,True
6625,0.6029,0.5465,0.3295,Someone_touches_their_toes_and_then_lifts_themselves_up,32,True
6626,0.6779,0.4862,0.3296,A_person_positions_their_right_arm_to_touch_their_head,30,True
6627,0.7164,0.4601,0.3296,A_person_lifts_their_right_arm_to_touch_their_head,67,True
6628,0.6063,0.5436,0.3296,An_individual_raises_their_right_arm_to_make_contact_with_their_head,51,True
6629,0.5673,0.5811,0.3297,An_individual_hops_up_high,79,True
6630,0.6899,0.4779,0.3297,A_person_does_push-ups,35,True
6631,0.5639,0.5848,0.3297,A_person_does_a_forward_roll_and_gets_up,17,True
6632,0.694,0.4752,0.3298,Someone_brings_their_knee_up_to_their_chest,59,True
6633,0.6759,0.4881,0.3299,A_person_bends_to_touch_their_toes_and_stands_again,18,True
6634,0.5609,0.5882,0.3299,An_individual_hops_up_high,68,True
6635,0.6167,0.5351,0.33,An_individual_rolls_forward_and_quickly_gets_up,65,True
6636,0.5911,0.5582,0.33,Someone_makes_a_clapping_sound,64,True
6637,0.5674,0.5816,0.33,An_individual_puts_their_hands_together_to_clap,16,True
6638,0.705,0.4682,0.3301,Someone_waves_with_their_left_arm,29,True
6639,0.7435,0.444,0.3301,Someone_waves_their_left_arm,89,True
6640,0.6417,0.5144,0.3301,An_individual_lifts_a_knee_up_to_their_chest,68,True
6641,0.6357,0.5195,0.3302,Someone_brings_their_knee_up_to_their_chest,26,True
6642,0.5852,0.5644,0.3303,Someone_rolls_in_a_forward_motion_and_stands_up,66,True
6643,0.6716,0.4919,0.3303,An_individual_engages_in_push-ups,53,True
6644,0.5808,0.5686,0.3303,A_person_creates_a_clapping_noise_with_their_hands,43,True
6645,0.5627,0.5871,0.3303,Someone_does_push-up_exercises,13,True
6646,0.6127,0.5391,0.3303,Someone_does_a_pirouette,77,True
6647,0.5747,0.5746,0.3303,An_individual_rolls_forward_and_quickly_gets_up,38,True
6648,0.7018,0.4708,0.3304,An_individual_uses_their_left_arm_to_wave,54,True
6649,0.5698,0.5799,0.3304,An_individual_exerts_force_on_a_heavy_object,41,True
6650,0.5694,0.5803,0.3304,A_person_swings_their_left_arm_back_and_forth,61,True
6651,0.5289,0.6247,0.3304,A_person_jumps_really_high,44,True
6652,0.7282,0.4537,0.3304,A_person_brings_their_right_arm_up_to_their_head,55,True
6653,0.6846,0.4827,0.3304,A_person_bends_to_touch_their_toes_and_stands_again,70,True
6654,0.5811,0.5689,0.3306,Someone_makes_a_clapping_sound,44,True
6655,0.6565,0.5036,0.3306,A_person_practices_push-ups,66,True
6656,0.6655,0.4967,0.3306,A_person_brings_their_right_arm_up_to_their_head,21,True
6657,0.7199,0.4594,0.3307,A_person_lifts_their_right_arm_to_touch_their_head,48,True
6658,0.5326,0.6208,0.3307,An_individual_exerts_force_on_a_heavy_object,4,True
6659,0.6267,0.5276,0.3307,Someone_rolls_forward_and_stands_up,21,True
6660,0.5524,0.5989,0.3308,An_individual_puts_their_hands_together_to_clap,35,True
6661,0.6156,0.5374,0.3308,A_person_creates_a_clapping_noise_with_their_hands,31,True
6662,0.7368,0.4489,0.3308,Someone_waves_with_their_left_arm,94,True
6663,0.543,0.6094,0.3309,An_individual_puts_their_hands_together_to_clap,32,True
6664,0.6372,0.5194,0.3309,A_person_spins_in_a_pirouette,36,True
6665,0.6628,0.4992,0.3309,A_person_moves_their_right_arm_to_touch_their_head,93,True
6666,0.6322,0.5235,0.331,Someone_gestures_with_their_left_arm,94,True
6667,0.5289,0.6259,0.331,An_individual_puts_their_hands_together_to_clap,27,True
6668,0.5923,0.559,0.3311,An_individual_does_a_turning_pirouette,47,True
6669,0.7269,0.4556,0.3311,A_person_brings_their_right_arm_up_to_their_head,34,True
6670,0.562,0.5892,0.3311,A_person_gives_a_round_of_applause,67,True
6671,0.5991,0.5526,0.3311,Someone_gestures_with_their_left_arm,56,True
6672,0.5883,0.5628,0.3311,A_person_positions_their_right_arm_to_touch_their_head,88,True
6673,0.6153,0.5381,0.3311,Someone_rolls_in_a_forward_motion_and_stands_up,87,True
6674,0.6626,0.4999,0.3312,A_person_performs_push-ups,28,True
6675,0.5711,0.5798,0.3312,An_individual_makes_a_clapping_motion,4,True
6676,0.6712,0.4935,0.3312,An_individual_exerts_force_on_a_heavy_object,91,True
6677,0.5749,0.5762,0.3312,An_individual_exerts_force_on_a_heavy_object,0,True
6678,0.5516,0.6003,0.3312,Someone_does_push-up_exercises,44,True
6679,0.6312,0.5247,0.3312,A_person_spins_in_a_pirouette,4,True
6680,0.5765,0.5747,0.3313,A_person_jumps_very_high,64,True
6681,0.6517,0.5084,0.3313,Someone_bends_down_to_touch_their_toes_and_then_stands_up,66,True
6682,0.5922,0.5595,0.3313,An_individual_jumps_up_into_the_air,61,True
6683,0.5253,0.6306,0.3313,Someone_does_push-up_exercises,17,True
6684,0.519,0.6385,0.3314,An_individual_pushes_a_heavy_item,54,True
6685,0.5157,0.6427,0.3314,An_individual_pushes_a_heavy_item,32,True
6686,0.6303,0.5259,0.3315,An_individual_lifts_a_knee_up_to_their_chest,95,True
6687,0.6552,0.506,0.3315,A_person_carries_out_push-ups,88,True
6688,0.6581,0.5038,0.3316,A_person_brings_their_right_arm_up_to_their_head,77,True
6689,0.637,0.5206,0.3316,A_person_carries_out_push-ups,60,True
6690,0.5905,0.5615,0.3316,Someone_brings_their_hands_together_to_clap,3,True
6691,0.7012,0.4729,0.3316,A_person_moves_their_right_arm_to_touch_their_head,55,True
6692,0.6152,0.539,0.3316,Someone_makes_a_clapping_sound,80,True
6693,0.6439,0.515,0.3316,An_individual_dances_a_pirouette,46,True
6694,0.6453,0.5138,0.3316,A_person_does_a_forward_roll_and_gets_up,24,True
6695,0.5786,0.573,0.3316,Someone_makes_a_full_turn_in_a_pirouette,15,True
6696,0.545,0.6084,0.3316,Someone_positions_their_knee_at_chest_height,84,True
6697,0.6519,0.5089,0.3317,A_person_performs_push-ups,63,True
6698,0.6636,0.4999,0.3317,Someone_touches_their_toes_and_then_lifts_themselves_up,77,True
6699,0.5449,0.6089,0.3317,A_person_jumps_very_high,55,True
6700,0.6057,0.5476,0.3317,A_person_creates_a_clapping_noise_with_their_hands,39,True
6701,0.5589,0.5936,0.3318,An_individual_puts_their_hands_together_to_clap,58,True
6702,0.5882,0.5641,0.3318,A_person_rolls_forward_and_returns_to_a_standing_position,21,True
6703,0.5248,0.6322,0.3318,Someone_positions_their_knee_at_chest_height,85,True
6704,0.6394,0.5189,0.3318,An_individual_raises_their_right_arm_to_make_contact_with_their_head,49,True
6705,0.6124,0.5417,0.3318,Someone_brings_their_hands_together_to_clap,89,True
6706,0.5817,0.5705,0.3319,An_individual_dances_a_pirouette,66,True
6707,0.6425,0.5168,0.332,A_person_performs_push-ups,38,True
6708,0.6241,0.532,0.332,An_individual_brings_their_knee_close_to_their_chest,24,True
6709,0.6095,0.5446,0.332,An_individual_dances_a_pirouette,40,True
6710,0.5081,0.6534,0.332,A_person_jumps_really_high,6,True
6711,0.6769,0.4904,0.332,A_person_does_push-ups,15,True
6712,0.674,0.4927,0.3321,A_person_does_push-ups,26,True
6713,0.5845,0.5681,0.3321,Someone_makes_a_clapping_sound,51,True
6714,0.5606,0.5923,0.3321,Someone_makes_a_full_turn_in_a_pirouette,7,True
6715,0.5572,0.596,0.3321,Someone_does_push-up_exercises,65,True
6716,0.6644,0.4998,0.3321,An_individual_engages_in_push-ups,23,True
6717,0.5825,0.5702,0.3322,An_individual_makes_a_clapping_motion,23,True
6718,0.4904,0.6775,0.3322,Someone_positions_their_knee_at_chest_height,26,True
6719,0.5324,0.6239,0.3322,Someone_does_a_pirouette,4,True
6720,0.7048,0.4714,0.3322,A_person_lifts_their_right_arm_to_touch_their_head,32,True
6721,0.6346,0.5236,0.3322,An_individual_goes_down_to_touch_their_toes_and_then_stands_back_up,86,True
6722,0.5702,0.5827,0.3322,An_individual_tumbles_forward_and_then_gets_up,72,True
6723,0.6209,0.5351,0.3322,An_individual_goes_down_to_touch_their_toes_and_then_stands_back_up,95,True
6724,0.6617,0.5022,0.3323,A_person_turns_around_in_a_pirouette,98,True
6725,0.7129,0.4662,0.3323,An_individual_waves_hello_with_their_left_arm,36,True
6726,0.6963,0.4772,0.3323,An_individual_extends_their_right_arm_to_their_head,28,True
6727,0.6375,0.5213,0.3323,A_person_spins_in_a_pirouette,45,True
6728,0.5425,0.6127,0.3324,An_individual_jumps_up_into_the_air,40,True
6729,0.5683,0.5848,0.3324,A_person_applies_pressure_to_push_a_heavy_object,86,True
6730,0.5818,0.5713,0.3324,A_person_does_a_high_jump,66,True
6731,0.5234,0.635,0.3324,An_individual_dances_a_pirouette,35,True
6732,0.5598,0.5938,0.3324,An_individual_pushes_a_heavy_object,61,True
6733,0.6379,0.521,0.3324,A_person_moves_their_right_arm_to_touch_their_head,88,True
6734,0.7395,0.4496,0.3325,Someone_waves_their_left_arm,2,True
6735,0.5744,0.579,0.3326,A_person_creates_a_clapping_noise_with_their_hands,69,True
6736,0.5384,0.6179,0.3327,A_person_jumps_very_high,76,True
6737,0.5176,0.643,0.3328,An_individual_exerts_force_on_a_heavy_object,49,True
6738,0.5906,0.5634,0.3328,An_individual_jumps_up_into_the_air,98,True
6739,0.5062,0.6576,0.3328,An_individual_rolls_forward_and_rises,95,True
6740,0.6763,0.4922,0.3328,Someone_reaches_up_with_their_right_arm_to_their_head,12,True
6741,0.6065,0.5488,0.3329,An_individual_touches_their_toes_and_returns_to_a_standing_position,4,True
6742,0.5207,0.6394,0.3329,An_individual_pushes_a_heavy_item,55,True
6743,0.6638,0.5015,0.3329,Someone_gestures_with_their_left_arm,65,True
6744,0.6192,0.5378,0.333,An_individual_completes_a_pirouette,65,True
6745,0.6057,0.5499,0.333,Someone_applauds_by_clapping,29,True
6746,0.5585,0.5963,0.333,An_individual_dances_a_pirouette,90,True
6747,0.6468,0.515,0.3331,Someone_leans_down_to_touch_their_toes_and_stands_back_up,21,True
6748,0.6186,0.5386,0.3331,A_person_is_completing_push-ups,88,True
6749,0.5311,0.6274,0.3332,An_individual_pushes_a_heavy_item,51,True
6750,0.6591,0.5056,0.3332,Someone_elevates_their_knee_to_their_chest,62,True
6751,0.5782,0.5763,0.3332,An_individual_jumps_up_into_the_air,35,True
6752,0.6467,0.5152,0.3332,A_person_pulls_their_knee_up_to_their_chest,96,True
6753,0.5859,0.5686,0.3332,An_individual_hops_up_high,22,True
6754,0.6645,0.5016,0.3333,A_person_practices_push-ups,32,True
6755,0.668,0.499,0.3333,A_person_pulls_their_knee_up_to_their_chest,82,True
6756,0.6724,0.4958,0.3334,Someone_executes_push-ups,40,True
6757,0.7094,0.4699,0.3334,A_person_does_push-ups,24,True
6758,0.6273,0.5316,0.3335,A_person_does_a_forward_roll_and_gets_up,51,True
6759,0.6114,0.5455,0.3335,Someone_does_a_quick_spin_in_a_pirouette,72,True
6760,0.6115,0.5455,0.3335,An_individual_raises_their_right_arm_to_make_contact_with_their_head,7,True
6761,0.608,0.5485,0.3335,A_person_creates_a_clapping_noise_with_their_hands,62,True
6762,0.6878,0.485,0.3336,A_person_bends_to_touch_their_toes_and_stands_again,66,True
6763,0.6826,0.4889,0.3337,An_individual_engages_in_push-ups,18,True
6764,0.6653,0.5016,0.3337,Someone_positions_their_knee_at_chest_height,48,True
6765,0.5057,0.6601,0.3338,An_individual_completes_a_pirouette,36,True
6766,0.6305,0.5294,0.3338,Someone_leans_down_to_touch_their_toes_and_stands_back_up,82,True
6767,0.6543,0.5103,0.3339,An_individual_engages_in_push-ups,29,True
6768,0.553,0.6039,0.334,A_person_goes_up_into_the_air,30,True
6769,0.6258,0.5337,0.334,An_individual_touches_their_toes_and_returns_to_a_standing_position,94,True
6770,0.5214,0.6407,0.3341,An_individual_rolls_forward_and_quickly_gets_up,91,True
6771,0.6588,0.5071,0.3341,An_individual_brings_their_knee_close_to_their_chest,34,True
6772,0.6143,0.5438,0.3341,Someone_brings_their_hands_together_to_clap,59,True
6773,0.5274,0.6335,0.3341,An_individual_tumbles_forward_and_then_gets_up,53,True
6774,0.5435,0.615,0.3342,A_person_stretches_to_touch_their_toes_and_then_rises,18,True
6775,0.7046,0.4742,0.3342,Someone_raises_their_right_arm_to_reach_their_head,36,True
6776,0.6427,0.52,0.3342,A_person_spins_in_a_pirouette,62,True
6777,0.5519,0.6057,0.3343,A_person_gives_a_round_of_applause,3,True
6778,0.6674,0.5009,0.3343,A_person_brings_their_right_arm_up_to_their_head,62,True
6779,0.5609,0.5963,0.3344,An_individual_pushes_something_heavy,87,True
6780,0.677,0.4939,0.3344,A_person_bends_to_touch_their_toes_and_stands_again,44,True
6781,0.6227,0.5371,0.3344,An_individual_touches_their_toes_and_returns_to_a_standing_position,73,True
6782,0.6488,0.5156,0.3345,Someone_positions_their_knee_at_chest_height,7,True
6783,0.5184,0.6453,0.3345,An_individual_dances_a_pirouette,72,True
6784,0.5612,0.596,0.3345,A_person_moves_a_heavy_object_by_pushing,38,True
6785,0.5418,0.6176,0.3346,An_individual_raises_a_knee_towards_their_chest,41,True
6786,0.6158,0.5433,0.3346,A_person_brings_their_knee_in_towards_their_chest,49,True
6787,0.6071,0.5512,0.3346,Someone_performs_a_forward_roll_and_then_stands,25,True
6788,0.6225,0.5376,0.3346,A_person_does_a_forward_roll_and_gets_up,74,True
6789,0.7024,0.4766,0.3347,A_person_practices_push-ups,19,True
6790,0.6736,0.497,0.3348,A_person_carries_out_push-ups,67,True
6791,0.6113,0.5477,0.3348,An_individual_tries_to_push_a_heavy_thing,33,True
6792,0.6571,0.5095,0.3348,A_person_stretches_to_touch_their_toes_and_then_rises,59,True
6793,0.6421,0.5215,0.3348,An_individual_brings_their_knee_close_to_their_chest,49,True
6794,0.7174,0.4667,0.3348,Someone_reaches_up_with_their_right_arm_to_their_head,36,True
6795,0.6812,0.4917,0.3349,A_person_does_push-ups,47,True
6796,0.5225,0.6409,0.3349,An_individual_pushes_a_heavy_object,2,True
6797,0.6504,0.5149,0.3349,A_person_jumps_straight_up,68,True
6798,0.5441,0.6156,0.335,A_person_gives_a_round_of_applause,40,True
6799,0.6601,0.5074,0.335,Someone_bends_down_to_touch_their_toes_and_then_stands_up,0,True
6800,0.582,0.5756,0.335,A_person_swings_their_left_arm_back_and_forth,17,True
6801,0.5832,0.5745,0.335,Someone_rolls_in_a_forward_motion_and_stands_up,0,True
6802,0.634,0.5284,0.335,Someone_applauds_by_clapping,39,True
6803,0.5817,0.5759,0.335,Someone_shoves_a_weighty_object,50,True
6804,0.5403,0.62,0.335,An_individual_dances_a_pirouette,85,True
6805,0.6725,0.4981,0.335,An_individual_engages_in_push-ups,62,True
6806,0.6805,0.4924,0.3351,An_individual_engages_in_push-ups,96,True
6807,0.7399,0.4528,0.3351,Someone_waves_with_their_left_arm,49,True
6808,0.5508,0.6083,0.3351,A_person_brings_their_knee_in_towards_their_chest,83,True
6809,0.6208,0.54,0.3352,Someone_brings_their_knee_up_to_their_chest,92,True
6810,0.6947,0.4825,0.3352,A_person_practices_push-ups,82,True
6811,0.5774,0.5807,0.3353,An_individual_raises_their_right_arm_to_make_contact_with_their_head,21,True
6812,0.6998,0.4792,0.3353,A_person_does_push-ups,34,True
6813,0.72,0.4657,0.3353,Someone_lifts_their_right_arm_and_touches_their_head,85,True
6814,0.5389,0.6221,0.3353,A_person_applies_pressure_to_push_a_heavy_object,35,True
6815,0.5567,0.6025,0.3354,Someone_leaps_up_high,80,True
6816,0.5884,0.57,0.3354,An_individual_pushes_a_heavy_object,0,True
6817,0.5528,0.6067,0.3354,An_individual_hops_up_high,42,True
6818,0.589,0.5695,0.3354,An_individual_hops_up_high,67,True
6819,0.5761,0.5822,0.3354,Someone_shoves_a_weighty_object,36,True
6820,0.5477,0.6125,0.3355,An_individual_tumbles_forward_and_then_gets_up,4,True
6821,0.5252,0.6389,0.3355,A_person_jumps_really_high,46,True
6822,0.5785,0.5799,0.3355,An_individual_puts_their_hands_together_to_clap,46,True
6823,0.6754,0.4969,0.3356,A_person_bends_to_touch_their_toes_and_stands_again,9,True
6824,0.7006,0.479,0.3356,A_person_moves_their_right_arm_to_touch_their_head,5,True
6825,0.5859,0.5729,0.3356,Someone_leaps_up_high,52,True
6826,0.6931,0.4842,0.3356,A_person_moves_their_right_arm_to_touch_their_head,34,True
6827,0.6045,0.5553,0.3357,Someone_leaps_up_high,25,True
6828,0.5912,0.5679,0.3357,An_individual_makes_a_clapping_motion,84,True
6829,0.659,0.5094,0.3357,Someone_elevates_their_knee_to_their_chest,48,True
6830,0.6297,0.5332,0.3357,An_individual_raises_their_right_arm_to_make_contact_with_their_head,50,True
6831,0.5353,0.6272,0.3357,An_individual_completes_a_pirouette,77,True
6832,0.5928,0.5665,0.3358,Someone_makes_a_full_turn_in_a_pirouette,4,True
6833,0.5973,0.5622,0.3358,A_person_pushes_an_object_that_is_hard_to_lift,4,True
6834,0.6025,0.5573,0.3358,An_individual_raises_their_right_arm_to_make_contact_with_their_head,18,True
6835,0.6629,0.5065,0.3358,An_individual_engages_in_push-ups,20,True
6836,0.493,0.6811,0.3358,A_person_applies_pressure_to_push_a_heavy_object,57,True
6837,0.5666,0.5929,0.3359,An_individual_pushes_a_heavy_object,33,True
6838,0.5168,0.65,0.3359,An_individual_completes_a_pirouette,17,True
6839,0.6709,0.5007,0.3359,A_person_does_push-ups,7,True
6840,0.7141,0.4704,0.3359,Someone_reaches_up_with_their_right_arm_to_their_head,64,True
6841,0.6462,0.5199,0.336,A_person_moves_their_right_arm_to_touch_their_head,4,True
6842,0.6825,0.4922,0.336,Someone_rolls_forward_and_stands_up,14,True
6843,0.6724,0.4997,0.336,An_individual_engages_in_push-ups,56,True
6844,0.5605,0.5995,0.336,A_person_moves_a_heavy_object_by_pushing,26,True
6845,0.5896,0.5699,0.336,An_individual_dances_a_pirouette,7,True
6846,0.5909,0.5687,0.3361,A_person_moves_a_heavy_object_by_pushing,78,True
6847,0.6087,0.5522,0.3361,An_individual_tries_to_push_a_heavy_thing,89,True
6848,0.5409,0.6213,0.3361,Someone_does_push-up_exercises,95,True
6849,0.59,0.5697,0.3361,An_individual_brings_their_knee_close_to_their_chest,51,True
6850,0.5532,0.6075,0.3361,An_individual_pushes_a_heavy_object,74,True
6851,0.7374,0.456,0.3362,A_person_lifts_their_right_arm_to_touch_their_head,4,True
6852,0.6686,0.5028,0.3362,A_person_practices_push-ups,49,True
6853,0.7054,0.4768,0.3363,A_person_moves_their_right_arm_to_touch_their_head,59,True
6854,0.6095,0.5519,0.3363,Someone_does_a_quick_spin_in_a_pirouette,9,True
6855,0.6862,0.49,0.3363,A_person_does_push-ups,21,True
6856,0.5539,0.6073,0.3364,Someone_positions_their_knee_at_chest_height,63,True
6857,0.5889,0.5712,0.3364,Someone_brings_their_knee_up_to_their_chest,64,True
6858,0.5336,0.6304,0.3364,A_person_jumps_very_high,47,True
6859,0.5591,0.6017,0.3364,An_individual_raises_their_right_arm_to_make_contact_with_their_head,97,True
6860,0.6267,0.5369,0.3364,Someone_brings_their_knee_up_to_their_chest,70,True
6861,0.5531,0.6084,0.3365,An_individual_exerts_force_on_a_heavy_object,7,True
6862,0.5197,0.6475,0.3365,Someone_positions_their_knee_at_chest_height,94,True
6863,0.567,0.5935,0.3365,An_individual_dances_a_pirouette,56,True
6864,0.7369,0.4567,0.3365,A_person_raises_the_right_arm_to_touch_their_head,65,True
6865,0.581,0.5792,0.3365,Someone_makes_a_full_turn_in_a_pirouette,94,True
6866,0.566,0.5946,0.3365,A_person_moves_a_heavy_object_by_pushing,14,True
6867,0.75,0.4488,0.3366,Someone_waves_with_their_left_arm,99,True
6868,0.6066,0.5549,0.3366,A_person_does_a_forward_roll_and_gets_up,39,True
6869,0.5967,0.5642,0.3367,An_individual_jumps_up_into_the_air,71,True
6870,0.6194,0.5436,0.3367,Someone_gestures_with_their_left_arm,1,True
6871,0.5028,0.6696,0.3367,An_individual_pushes_a_heavy_item,33,True
6872,0.7004,0.4809,0.3368,Someone_brings_their_knee_up_to_their_chest,23,True
6873,0.6026,0.5589,0.3368,A_person_turns_around_in_a_pirouette,60,True
6874,0.6847,0.4919,0.3368,A_person_practices_push-ups,24,True
6875,0.6317,0.5331,0.3368,Someone_positions_their_knee_at_chest_height,24,True
6876,0.7009,0.4807,0.3369,Someone_gestures_with_their_left_arm,22,True
6877,0.6046,0.5573,0.337,A_person_is_completing_push-ups,27,True
6878,0.5128,0.6572,0.337,A_person_gives_a_round_of_applause,50,True
6879,0.5021,0.6713,0.3371,An_individual_dances_a_pirouette,73,True
6880,0.6561,0.5139,0.3371,An_individual_touches_their_toes_and_returns_to_a_standing_position,22,True
6881,0.6769,0.4981,0.3372,An_individual_engages_in_push-ups,97,True
6882,0.6275,0.5374,0.3372,Someone_leaps_up_high,8,True
6883,0.7311,0.4613,0.3373,A_person_lifts_their_right_arm_to_touch_their_head,74,True
6884,0.5886,0.5731,0.3373,A_person_swings_their_left_arm_back_and_forth,35,True
6885,0.6265,0.5384,0.3373,Someone_makes_a_clapping_sound,76,True
6886,0.6019,0.5604,0.3373,An_individual_makes_a_high_jump,94,True
6887,0.5527,0.6105,0.3374,Someone_performs_a_forward_roll_and_then_stands,86,True
6888,0.661,0.5105,0.3374,Someone_bends_down_to_touch_their_toes_and_then_stands_up,7,True
6889,0.6802,0.496,0.3374,An_individual_engages_in_push-ups,64,True
6890,0.6511,0.5181,0.3374,A_person_practices_push-ups,78,True
6891,0.6407,0.5266,0.3374,A_person_turns_around_in_a_pirouette,84,True
6892,0.7248,0.4657,0.3375,Someone_waves_with_their_left_arm,30,True
6893,0.6938,0.4865,0.3376,Someone_reaches_up_with_their_right_arm_to_their_head,38,True
6894,0.515,0.6555,0.3376,A_person_claps_their_hands,75,True
6895,0.6467,0.5222,0.3377,A_person_performs_push-ups,62,True
6896,0.6561,0.5149,0.3378,A_person_carries_out_push-ups,30,True
6897,0.6937,0.487,0.3378,A_person_lifts_their_right_arm_to_touch_their_head,20,True
6898,0.5889,0.5737,0.3379,An_individual_dances_a_pirouette,45,True
6899,0.5963,0.5669,0.338,A_person_swings_their_left_arm_back_and_forth,56,True
6900,0.742,0.4556,0.338,A_person_lifts_their_right_arm_to_touch_their_head,82,True
6901,0.577,0.586,0.3381,A_person_goes_up_into_the_air,58,True
6902,0.521,0.649,0.3381,Someone_positions_their_knee_at_chest_height,14,True
6903,0.6811,0.4966,0.3382,Someone_reaches_up_with_their_right_arm_to_their_head,21,True
6904,0.6628,0.5103,0.3382,Someone_brings_their_knee_up_to_their_chest,76,True
6905,0.7106,0.4761,0.3383,A_person_lifts_their_right_arm_to_touch_their_head,77,True
6906,0.5281,0.6407,0.3384,A_person_applies_pressure_to_push_a_heavy_object,90,True
6907,0.6044,0.5599,0.3384,A_person_jumps_straight_up,92,True
6908,0.6606,0.5123,0.3384,A_person_carries_out_push-ups,92,True
6909,0.5736,0.5899,0.3384,Someone_does_a_pirouette,46,True
6910,0.572,0.5918,0.3385,Someone_does_a_quick_spin_in_a_pirouette,4,True
6911,0.7041,0.4807,0.3385,Someone_reaches_up_with_their_right_arm_to_their_head,19,True
6912,0.5496,0.616,0.3386,Someone_does_push-up_exercises,62,True
6913,0.7132,0.4747,0.3386,Someone_touches_their_toes_and_then_lifts_themselves_up,76,True
6914,0.6038,0.5607,0.3386,Someone_shoves_a_weighty_object,66,True
6915,0.5932,0.5711,0.3387,An_individual_touches_their_toes_and_returns_to_a_standing_position,11,True
6916,0.7207,0.4699,0.3387,Someone_gestures_with_their_left_arm,88,True
6917,0.585,0.579,0.3387,An_individual_raises_their_right_arm_to_make_contact_with_their_head,15,True
6918,0.6965,0.4863,0.3387,An_individual_waves_hello_with_their_left_arm,35,True
6919,0.561,0.6039,0.3388,A_person_jumps_very_high,59,True
6920,0.6965,0.4866,0.3389,A_person_raises_the_right_arm_to_touch_their_head,61,True
6921,0.6252,0.5421,0.3389,Someone_makes_a_full_turn_in_a_pirouette,10,True
6922,0.6618,0.512,0.3389,An_individual_does_a_set_of_push-ups,50,True
6923,0.7426,0.4563,0.3389,Someone_waves_with_their_left_arm,23,True
6924,0.7311,0.4636,0.3389,An_individual_brings_their_right_arm_up_to_their_head,42,True
6925,0.5188,0.6532,0.3389,A_person_does_a_high_jump,79,True
6926,0.5227,0.6486,0.339,An_individual_exerts_force_on_a_heavy_object,28,True
6927,0.7049,0.4809,0.339,Someone_waves_with_their_left_arm,12,True
6928,0.6175,0.549,0.339,A_person_stretches_to_touch_their_toes_and_then_rises,91,True
6929,0.7125,0.4757,0.339,A_person_lifts_their_right_arm_to_touch_their_head,35,True
6930,0.5415,0.626,0.339,A_person_does_a_forward_roll_and_gets_up,34,True
6931,0.6829,0.4965,0.3391,An_individual_engages_in_push-ups,80,True
6932,0.5509,0.6154,0.3391,A_person_does_a_high_jump,11,True
6933,0.5978,0.5675,0.3392,Someone_positions_their_knee_at_chest_height,11,True
6934,0.7008,0.4841,0.3393,Someone_elevates_their_knee_to_their_chest,91,True
6935,0.5864,0.5787,0.3393,An_individual_does_a_turning_pirouette,5,True
6936,0.548,0.6191,0.3393,An_individual_makes_a_clapping_motion,49,True
6937,0.5429,0.6249,0.3393,An_individual_hops_up_high,53,True
6938,0.5608,0.6052,0.3394,A_person_claps_their_hands,80,True
6939,0.6582,0.5156,0.3394,Someone_bends_down_to_touch_their_toes_and_then_stands_up,78,True
6940,0.6722,0.505,0.3394,Someone_leans_down_to_touch_their_toes_and_stands_back_up,48,True
6941,0.5308,0.6396,0.3395,An_individual_exerts_force_on_a_heavy_object,12,True
6942,0.5884,0.5771,0.3395,Someone_applauds_by_clapping,28,True
6943,0.5951,0.5705,0.3395,An_individual_dances_a_pirouette,86,True
6944,0.4926,0.6891,0.3395,An_individual_rolls_forward_and_rises,62,True
6945,0.7386,0.4597,0.3395,Someone_waves_with_their_left_arm,16,True
6946,0.5802,0.5853,0.3396,An_individual_puts_their_hands_together_to_clap,70,True
6947,0.6401,0.5305,0.3396,A_person_is_completing_push-ups,20,True
6948,0.5937,0.5719,0.3396,An_individual_does_a_turning_pirouette,84,True
6949,0.585,0.5805,0.3396,An_individual_raises_their_right_arm_to_make_contact_with_their_head,22,True
6950,0.6115,0.5556,0.3398,A_person_pulls_their_knee_up_to_their_chest,31,True
6951,0.6465,0.5257,0.3399,A_person_performs_push-ups,87,True
6952,0.6726,0.5054,0.3399,Someone_brings_their_knee_up_to_their_chest,78,True
6953,0.5758,0.5904,0.3399,A_person_goes_up_into_the_air,86,True
6954,0.5411,0.6284,0.34,An_individual_dances_a_pirouette,15,True
6955,0.6217,0.5468,0.34,Someone_brings_their_knee_up_to_their_chest,2,True
6956,0.6872,0.4947,0.34,Someone_gestures_with_their_left_arm,59,True
6957,0.6647,0.5115,0.34,A_person_raises_the_right_arm_to_touch_their_head,31,True
6958,0.6073,0.5601,0.3401,An_individual_dances_a_pirouette,88,True
6959,0.664,0.5124,0.3402,A_person_practices_push-ups,70,True
6960,0.648,0.5249,0.3402,A_person_practices_push-ups,42,True
6961,0.7159,0.4753,0.3403,An_individual_waves_hello_with_their_left_arm,42,True
6962,0.5938,0.5731,0.3403,Someone_makes_a_clapping_sound,23,True
6963,0.7161,0.4752,0.3403,A_person_raises_the_right_arm_to_touch_their_head,3,True
6964,0.5487,0.6204,0.3404,Someone_does_a_quick_spin_in_a_pirouette,15,True
6965,0.5593,0.6087,0.3405,Someone_makes_a_full_turn_in_a_pirouette,90,True
6966,0.6848,0.4973,0.3405,An_individual_engages_in_push-ups,5,True
6967,0.6305,0.5403,0.3407,A_person_jumps_straight_up,3,True
6968,0.6048,0.5633,0.3407,An_individual_rolls_forward_and_quickly_gets_up,98,True
6969,0.7348,0.4638,0.3408,A_person_lifts_their_right_arm_to_touch_their_head,91,True
6970,0.607,0.5615,0.3409,An_individual_rolls_forward_and_quickly_gets_up,10,True
6971,0.5345,0.6377,0.3409,An_individual_makes_a_high_jump,86,True
6972,0.6322,0.5393,0.341,Someone_does_a_quick_spin_in_a_pirouette,50,True
6973,0.5819,0.5861,0.341,A_person_lifts_their_left_arm_to_signal,41,True
6974,0.5893,0.5787,0.341,An_individual_dances_a_pirouette,77,True
6975,0.6845,0.4983,0.3411,An_individual_does_a_turning_pirouette,34,True
6976,0.55,0.6202,0.3411,A_person_jumps_straight_up,20,True
6977,0.65,0.525,0.3412,Someone_brings_their_knee_up_to_their_chest,12,True
6978,0.5945,0.574,0.3412,Someone_shoves_a_weighty_object,31,True
6979,0.5904,0.578,0.3412,Someone_makes_a_clapping_sound,15,True
6980,0.568,0.6009,0.3413,Someone_leaps_up_high,19,True
6981,0.6508,0.5245,0.3413,Someone_leans_down_to_touch_their_toes_and_stands_back_up,52,True
6982,0.6925,0.4929,0.3413,Someone_reaches_up_with_their_right_arm_to_their_head,7,True
6983,0.6995,0.488,0.3413,A_person_lifts_their_right_arm_to_touch_their_head,63,True
6984,0.616,0.5543,0.3414,A_person_creates_a_clapping_noise_with_their_hands,28,True
6985,0.6832,0.4997,0.3414,A_person_spins_in_a_pirouette,33,True
6986,0.7001,0.4876,0.3414,An_individual_waves_hello_with_their_left_arm,66,True
6987,0.6578,0.5191,0.3415,An_individual_engages_in_push-ups,65,True
6988,0.7136,0.4787,0.3416,Someone_reaches_up_with_their_right_arm_to_their_head,56,True
6989,0.5542,0.6166,0.3417,A_person_jumps_really_high,68,True
6990,0.5465,0.6252,0.3417,An_individual_raises_their_right_arm_to_make_contact_with_their_head,60,True
6991,0.6706,0.5095,0.3417,An_individual_touches_their_toes_and_returns_to_a_standing_position,90,True
6992,0.5097,0.6704,0.3417,An_individual_rolls_forward_and_rises,46,True
6993,0.6721,0.5085,0.3417,A_person_carries_out_push-ups,21,True
6994,0.6308,0.5418,0.3418,A_person_creates_a_clapping_noise_with_their_hands,52,True
6995,0.6905,0.495,0.3418,An_individual_waves_hello_with_their_left_arm,75,True
6996,0.5657,0.6042,0.3418,A_person_creates_a_clapping_noise_with_their_hands,86,True
6997,0.6527,0.5237,0.3418,An_individual_is_doing_push-ups,91,True
6998,0.5504,0.6213,0.3419,Someone_pushes_a_large_object,94,True
6999,0.5594,0.6113,0.3419,A_person_gives_a_round_of_applause,86,True
7000,0.7104,0.4813,0.3419,A_person_brings_their_right_arm_up_to_their_head,48,True
7001,0.7239,0.4723,0.3419,An_individual_waves_hello_with_their_left_arm,95,True
7002,0.5349,0.6394,0.342,A_person_rolls_forward_and_returns_to_a_standing_position,77,True
7003,0.6089,0.5616,0.342,An_individual_does_a_turning_pirouette,3,True
7004,0.6698,0.5106,0.342,Someone_positions_their_knee_at_chest_height,29,True
7005,0.6279,0.5447,0.342,An_individual_does_a_turning_pirouette,66,True
7006,0.5297,0.6457,0.342,A_person_does_a_high_jump,31,True
7007,0.5205,0.6571,0.342,A_person_swings_their_left_arm_back_and_forth,67,True
7008,0.6202,0.5514,0.342,Someone_makes_a_full_turn_in_a_pirouette,1,True
7009,0.7179,0.4764,0.342,An_individual_engages_in_push-ups,59,True
7010,0.7408,0.4618,0.3421,Someone_waves_with_their_left_arm,55,True
7011,0.6843,0.5001,0.3422,A_person_does_push-ups,86,True
7012,0.5754,0.5947,0.3422,Someone_does_push-up_exercises,67,True
7013,0.5286,0.6476,0.3423,A_person_does_a_high_jump,88,True
7014,0.7319,0.4677,0.3423,A_person_lifts_their_right_arm_to_touch_their_head,16,True
7015,0.5603,0.6109,0.3423,A_person_applies_pressure_to_push_a_heavy_object,48,True
7016,0.5209,0.6573,0.3424,An_individual_exerts_force_on_a_heavy_object,60,True
7017,0.6501,0.5266,0.3424,Someone_brings_their_knee_up_to_their_chest,38,True
7018,0.7236,0.4731,0.3424,A_person_moves_their_right_arm_to_touch_their_head,84,True
7019,0.5061,0.6766,0.3424,An_individual_pushes_a_heavy_item,97,True
7020,0.6508,0.5263,0.3425,Someone_shoves_a_weighty_object,56,True
7021,0.5748,0.5959,0.3425,Someone_touches_their_toes_and_then_lifts_themselves_up,91,True
7022,0.7127,0.4806,0.3425,An_individual_extends_their_right_arm_to_their_head,2,True
7023,0.622,0.5507,0.3425,An_individual_makes_a_clapping_motion,34,True
7024,0.6238,0.5491,0.3426,An_individual_brings_their_knee_close_to_their_chest,12,True
7025,0.6092,0.5624,0.3426,A_person_swings_their_left_arm_back_and_forth,19,True
7026,0.7065,0.4849,0.3426,Someone_reaches_up_with_their_right_arm_to_their_head,22,True
7027,0.588,0.5826,0.3426,An_individual_dances_a_pirouette,79,True
7028,0.5858,0.5851,0.3427,An_individual_tries_to_push_a_heavy_thing,2,True
7029,0.6425,0.5335,0.3427,Someone_positions_their_knee_at_chest_height,98,True
7030,0.6902,0.4966,0.3427,An_individual_extends_their_right_arm_to_their_head,27,True
7031,0.6015,0.57,0.3428,An_individual_makes_a_clapping_motion,75,True
7032,0.633,0.5415,0.3428,A_person_swings_their_left_arm_back_and_forth,48,True
7033,0.5614,0.6106,0.3428,An_individual_completes_a_pirouette,91,True
7034,0.6724,0.51,0.3429,A_person_spins_in_a_pirouette,18,True
7035,0.7724,0.444,0.3429,Someone_lifts_their_right_arm_and_touches_their_head,18,True
7036,0.7155,0.4794,0.343,A_person_brings_their_right_arm_up_to_their_head,90,True
7037,0.4871,0.7041,0.343,A_person_applies_pressure_to_push_a_heavy_object,32,True
7038,0.6636,0.5168,0.343,A_person_practices_push-ups,16,True
7039,0.6016,0.5702,0.3431,A_person_stretches_to_touch_their_toes_and_then_rises,85,True
7040,0.7324,0.4686,0.3431,A_person_brings_their_right_arm_up_to_their_head,22,True
7041,0.5702,0.6017,0.3431,An_individual_raises_their_right_arm_to_make_contact_with_their_head,23,True
7042,0.6814,0.5036,0.3431,Someone_executes_push-ups,68,True
7043,0.5795,0.5921,0.3431,An_individual_dances_a_pirouette,64,True
7044,0.683,0.5024,0.3431,An_individual_engages_in_push-ups,67,True
7045,0.5962,0.5755,0.3431,A_person_turns_around_in_a_pirouette,19,True
7046,0.5691,0.6028,0.3431,A_person_applies_pressure_to_push_a_heavy_object,12,True
7047,0.5287,0.6489,0.3431,An_individual_pushes_a_heavy_item,61,True
7048,0.5815,0.5903,0.3432,A_person_does_a_forward_roll_and_gets_up,68,True
7049,0.6474,0.5302,0.3432,A_person_swings_their_left_arm_back_and_forth,45,True
7050,0.6083,0.5642,0.3432,Someone_makes_a_full_turn_in_a_pirouette,87,True
7051,0.6583,0.5215,0.3433,A_person_practices_push-ups,92,True
7052,0.5345,0.6423,0.3433,A_person_does_a_high_jump,83,True
7053,0.6031,0.5692,0.3433,A_person_gives_a_round_of_applause,19,True
7054,0.6112,0.5618,0.3434,Someone_brings_their_knee_up_to_their_chest,36,True
7055,0.6121,0.561,0.3434,Someone_makes_a_clapping_sound,61,True
7056,0.5477,0.627,0.3435,A_person_jumps_really_high,58,True
7057,0.686,0.5008,0.3435,Someone_reaches_up_with_their_right_arm_to_their_head,84,True
7058,0.5508,0.6238,0.3436,An_individual_jumps_up_into_the_air,84,True
7059,0.6112,0.5622,0.3436,A_person_jumps_straight_up,32,True
7060,0.707,0.486,0.3436,Someone_reaches_up_with_their_right_arm_to_their_head,24,True
7061,0.6778,0.507,0.3437,An_individual_waves_hello_with_their_left_arm,45,True
7062,0.6777,0.5072,0.3437,Someone_reaches_up_with_their_right_arm_to_their_head,18,True
7063,0.5193,0.6618,0.3437,Someone_is_moving_a_bulky_object_by_pushing,6,True
7064,0.6896,0.4985,0.3438,Someone_gestures_with_their_left_arm,3,True
7065,0.7474,0.46,0.3438,A_person_brings_their_right_arm_up_to_their_head,8,True
7066,0.6267,0.5489,0.344,An_individual_does_a_turning_pirouette,0,True
7067,0.7605,0.4524,0.344,An_individual_brings_their_right_arm_up_to_their_head,23,True
7068,0.5957,0.5775,0.344,A_person_turns_around_in_a_pirouette,94,True
7069,0.6448,0.5335,0.344,A_person_bends_to_touch_their_toes_and_stands_again,63,True
7070,0.5594,0.615,0.344,Someone_does_a_pirouette,68,True
7071,0.5611,0.6131,0.344,An_individual_jumps_up_into_the_air,19,True
7072,0.7338,0.4688,0.344,A_person_lifts_their_right_arm_to_touch_their_head,70,True
7073,0.595,0.5783,0.3441,Someone_makes_a_full_turn_in_a_pirouette,93,True
7074,0.5791,0.5941,0.3441,A_person_does_a_forward_roll_and_gets_up,71,True
7075,0.6499,0.5296,0.3442,A_person_carries_out_push-ups,19,True
7076,0.6438,0.5347,0.3442,Someone_leaps_up_high,64,True
7077,0.7193,0.4786,0.3443,An_individual_waves_hello_with_their_left_arm,2,True
7078,0.5514,0.6245,0.3443,A_person_jumps_really_high,22,True
7079,0.5228,0.6585,0.3443,A_person_claps_their_hands,38,True
7080,0.5608,0.614,0.3443,An_individual_puts_their_hands_together_to_clap,77,True
7081,0.6787,0.5072,0.3443,A_person_moves_their_right_arm_to_touch_their_head,37,True
7082,0.74,0.4653,0.3443,A_person_lifts_their_right_arm_to_touch_their_head,66,True
7083,0.642,0.5364,0.3444,Someone_leans_down_to_touch_their_toes_and_stands_back_up,29,True
7084,0.6421,0.5364,0.3444,An_individual_rolls_forward_and_quickly_gets_up,69,True
7085,0.6235,0.5525,0.3445,Someone_brings_their_knee_up_to_their_chest,41,True
7086,0.5908,0.5832,0.3445,An_individual_hops_up_high,76,True
7087,0.6321,0.545,0.3445,Someone_gestures_with_their_left_arm,57,True
7088,0.574,0.6002,0.3445,Someone_makes_a_full_turn_in_a_pirouette,6,True
7089,0.6633,0.5195,0.3446,Someone_performs_a_forward_roll_and_then_stands,85,True
7090,0.6387,0.5398,0.3447,Someone_leans_down_to_touch_their_toes_and_stands_back_up,74,True
7091,0.5611,0.6144,0.3447,A_person_claps_their_hands,24,True
7092,0.586,0.5882,0.3447,An_individual_jumps_up_into_the_air,45,True
7093,0.6386,0.5397,0.3447,A_person_performs_push-ups,14,True
7094,0.7127,0.4839,0.3448,A_person_brings_their_right_arm_up_to_their_head,78,True
7095,0.7558,0.4564,0.3449,A_person_lifts_their_right_arm_to_touch_their_head,49,True
7096,0.5672,0.608,0.3449,An_individual_puts_their_hands_together_to_clap,38,True
7097,0.7192,0.4796,0.3449,A_person_does_push-ups,79,True
7098,0.6181,0.558,0.3449,A_person_gives_a_round_of_applause,32,True
7099,0.6847,0.5039,0.345,A_person_brings_their_right_arm_up_to_their_head,67,True
7100,0.536,0.6438,0.345,An_individual_makes_a_high_jump,37,True
7101,0.616,0.56,0.345,An_individual_exerts_force_on_a_heavy_object,93,True
7102,0.5425,0.636,0.345,A_person_swings_their_left_arm_back_and_forth,30,True
7103,0.6005,0.5745,0.345,Someone_touches_their_toes_and_stands_back_up,54,True
7104,0.6577,0.5247,0.3451,A_person_raises_the_right_arm_to_touch_their_head,83,True
7105,0.5474,0.6305,0.3451,An_individual_raises_their_right_arm_to_make_contact_with_their_head,41,True
7106,0.5064,0.6815,0.3451,An_individual_pushes_a_heavy_item,89,True
7107,0.5549,0.6222,0.3452,An_individual_rolls_forward_and_quickly_gets_up,60,True
7108,0.6234,0.5538,0.3452,An_individual_touches_their_toes_and_returns_to_a_standing_position,50,True
7109,0.6603,0.5228,0.3452,An_individual_does_a_turning_pirouette,24,True
7110,0.7354,0.4696,0.3453,A_person_brings_their_right_arm_up_to_their_head,68,True
7111,0.5701,0.6058,0.3453,An_individual_hops_up_high,77,True
7112,0.4996,0.6913,0.3454,An_individual_rolls_forward_and_rises,66,True
7113,0.7519,0.4594,0.3454,Someone_waves_with_their_left_arm,17,True
7114,0.6719,0.514,0.3454,A_person_rolls_ahead_and_gets_back_on_their_feet,21,True
7115,0.6787,0.509,0.3454,A_person_bends_to_touch_their_toes_and_stands_again,16,True
7116,0.7052,0.4899,0.3455,A_person_raises_the_right_arm_to_touch_their_head,79,True
7117,0.5404,0.6393,0.3455,An_individual_hops_up_high,70,True
7118,0.5245,0.6589,0.3456,Someone_makes_a_clapping_sound,10,True
7119,0.4992,0.6923,0.3456,An_individual_rolls_forward_and_rises,30,True
7120,0.6203,0.5572,0.3456,Someone_makes_a_clapping_sound,68,True
7121,0.5924,0.5833,0.3456,A_person_lifts_their_left_arm_to_signal,18,True
7122,0.6964,0.4964,0.3457,Someone_reaches_up_with_their_right_arm_to_their_head,90,True
7123,0.6704,0.5157,0.3457,Someone_applauds_by_clapping,20,True
7124,0.5911,0.5849,0.3458,An_individual_dances_a_pirouette,10,True
7125,0.7115,0.486,0.3458,A_person_does_push-ups,89,True
7126,0.5056,0.684,0.3458,A_person_does_a_high_jump,86,True
7127,0.5587,0.619,0.3458,A_person_does_a_high_jump,8,True
7128,0.6046,0.572,0.3458,An_individual_exerts_force_on_a_heavy_object,75,True
7129,0.6268,0.5519,0.3459,Someone_bends_down_to_touch_their_toes_and_then_stands_up,91,True
7130,0.5633,0.6142,0.346,An_individual_raises_their_right_arm_to_make_contact_with_their_head,9,True
7131,0.6749,0.5126,0.346,A_person_swings_their_left_arm_back_and_forth,16,True
7132,0.6052,0.5717,0.346,An_individual_makes_a_clapping_motion,52,True
7133,0.5566,0.6219,0.3461,An_individual_touches_their_toes_and_returns_to_a_standing_position,71,True
7134,0.7311,0.4734,0.3461,Someone_raises_their_right_arm_to_reach_their_head,46,True
7135,0.6465,0.5353,0.3461,Someone_shoves_a_weighty_object,3,True
7136,0.6042,0.573,0.3462,Someone_makes_a_clapping_sound,5,True
7137,0.5894,0.5877,0.3464,Someone_moves_forward_by_rolling_and_then_stands,41,True
7138,0.6654,0.5206,0.3464,A_person_swings_their_left_arm_back_and_forth,79,True
7139,0.6659,0.5203,0.3465,A_person_raises_the_right_arm_to_touch_their_head,4,True
7140,0.6752,0.5132,0.3465,An_individual_engages_in_push-ups,54,True
7141,0.6371,0.5438,0.3465,Someone_makes_a_clapping_sound,13,True
7142,0.583,0.5946,0.3466,An_individual_hops_up_high,60,True
7143,0.5371,0.6453,0.3466,A_person_creates_a_clapping_noise_with_their_hands,87,True
7144,0.6226,0.5567,0.3466,Someone_leaps_up_high,63,True
7145,0.6801,0.5097,0.3466,Someone_reaches_up_with_their_right_arm_to_their_head,35,True
7146,0.6842,0.5065,0.3466,A_person_turns_around_in_a_pirouette,42,True
7147,0.6374,0.544,0.3467,A_person_stretches_to_touch_their_toes_and_then_rises,99,True
7148,0.5934,0.5843,0.3467,A_person_jumps_very_high,77,True
7149,0.6096,0.5688,0.3467,Someone_leaps_up_high,29,True
7150,0.727,0.4769,0.3467,A_person_moves_their_right_arm_to_touch_their_head,7,True
7151,0.6736,0.5149,0.3468,A_person_carries_out_push-ups,5,True
7152,0.6945,0.4995,0.3469,A_person_does_push-ups,83,True
7153,0.6535,0.5308,0.3469,An_individual_dances_a_pirouette,92,True
7154,0.728,0.4766,0.3469,A_person_lifts_their_right_arm_to_touch_their_head,92,True
7155,0.6081,0.5707,0.347,Someone_leaps_up_high,58,True
7156,0.5371,0.646,0.347,A_person_jumps_really_high,47,True
7157,0.5538,0.6267,0.347,A_person_stretches_to_touch_their_toes_and_then_rises,56,True
7158,0.6212,0.5586,0.347,Someone_applauds_by_clapping,75,True
7159,0.6537,0.5308,0.347,Someone_touches_their_toes_and_then_lifts_themselves_up,66,True
7160,0.6803,0.5101,0.347,A_person_practices_push-ups,5,True
7161,0.5732,0.6057,0.3471,Someone_touches_their_toes_and_stands_back_up,85,True
7162,0.5701,0.609,0.3472,An_individual_hops_up_high,61,True
7163,0.7382,0.4703,0.3472,Someone_raises_their_right_arm_to_reach_their_head,88,True
7164,0.6604,0.5259,0.3473,A_person_performs_push-ups,70,True
7165,0.6825,0.5089,0.3473,An_individual_engages_in_push-ups,77,True
7166,0.6489,0.5352,0.3473,A_person_spins_in_a_pirouette,10,True
7167,0.7047,0.493,0.3474,A_person_does_push-ups,98,True
7168,0.5837,0.5955,0.3475,An_individual_rolls_forward_and_quickly_gets_up,90,True
7169,0.6672,0.521,0.3476,An_individual_engages_in_push-ups,32,True
7170,0.6368,0.546,0.3477,An_individual_dances_a_pirouette,31,True
7171,0.7348,0.4732,0.3477,A_person_lifts_their_right_arm_to_touch_their_head,62,True
7172,0.5823,0.5971,0.3477,An_individual_rolls_forward_and_rises,75,True
7173,0.5849,0.5946,0.3478,Someone_brings_their_knee_up_to_their_chest,1,True
7174,0.7065,0.4924,0.3478,Someone_reaches_up_with_their_right_arm_to_their_head,15,True
7175,0.7013,0.4961,0.348,A_person_does_push-ups,84,True
7176,0.5659,0.6152,0.3481,An_individual_hops_up_high,54,True
7177,0.6706,0.5191,0.3481,An_individual_is_doing_push-ups,46,True
7178,0.4461,0.7805,0.3482,An_individual_rolls_forward_and_rises,9,True
7179,0.5327,0.6539,0.3483,An_individual_rolls_forward_and_rises,31,True
7180,0.6647,0.524,0.3483,A_person_practices_push-ups,79,True
7181,0.5523,0.6305,0.3483,Someone_does_a_pirouette,52,True
7182,0.668,0.5213,0.3483,Someone_reaches_up_with_their_right_arm_to_their_head,60,True
7183,0.6882,0.5061,0.3483,Someone_rolls_forward_and_stands_up,99,True
7184,0.6079,0.5731,0.3484,An_individual_makes_a_clapping_motion,94,True
7185,0.682,0.5108,0.3484,A_person_does_push-ups,32,True
7186,0.6748,0.5165,0.3485,An_individual_brings_their_knee_close_to_their_chest,6,True
7187,0.6627,0.526,0.3486,An_individual_makes_a_high_jump,90,True
7188,0.6808,0.512,0.3486,Someone_brings_their_knee_up_to_their_chest,72,True
7189,0.6295,0.5538,0.3486,A_person_performs_push-ups,45,True
7190,0.6587,0.5293,0.3486,An_individual_exerts_force_on_a_heavy_object,38,True
7191,0.6125,0.5693,0.3487,Someone_does_a_quick_spin_in_a_pirouette,16,True
7192,0.5997,0.5814,0.3487,An_individual_makes_a_clapping_motion,0,True
7193,0.5831,0.5981,0.3487,Someone_gestures_with_their_left_arm,77,True
7194,0.6173,0.565,0.3488,A_person_stretches_to_touch_their_toes_and_then_rises,25,True
7195,0.649,0.5373,0.3488,A_person_performs_push-ups,71,True
7196,0.5701,0.6119,0.3489,A_person_stretches_to_touch_their_toes_and_then_rises,93,True
7197,0.5485,0.6361,0.3489,An_individual_pushes_a_heavy_item,10,True
7198,0.7086,0.4924,0.3489,A_person_does_push-ups,87,True
7199,0.5878,0.5937,0.349,A_person_jumps_really_high,82,True
7200,0.7538,0.463,0.349,A_person_lifts_their_right_arm_to_touch_their_head,44,True
7201,0.7226,0.4831,0.349,An_individual_extends_their_right_arm_to_their_head,54,True
7202,0.6528,0.5346,0.349,A_person_creates_a_clapping_noise_with_their_hands,81,True
7203,0.6408,0.5447,0.3491,An_individual_puts_their_hands_together_to_clap,18,True
7204,0.6531,0.5347,0.3492,A_person_does_a_forward_roll_and_gets_up,60,True
7205,0.6731,0.5188,0.3492,An_individual_waves_hello_with_their_left_arm,7,True
7206,0.5486,0.6367,0.3493,A_person_goes_up_into_the_air,16,True
7207,0.6825,0.5119,0.3494,A_person_turns_around_in_a_pirouette,37,True
7208,0.6445,0.5421,0.3494,A_person_spins_in_a_pirouette,94,True
7209,0.6447,0.542,0.3494,A_person_carries_out_push-ups,86,True
7210,0.7187,0.4861,0.3494,A_person_lifts_their_right_arm_to_touch_their_head,98,True
7211,0.651,0.5368,0.3494,Someone_does_a_quick_spin_in_a_pirouette,48,True
7212,0.5485,0.6372,0.3495,A_person_jumps_very_high,5,True
7213,0.7435,0.4701,0.3495,Someone_waves_with_their_left_arm,88,True
7214,0.6775,0.5158,0.3495,An_individual_engages_in_push-ups,24,True
7215,0.6131,0.5701,0.3496,An_individual_tumbles_forward_and_then_gets_up,68,True
7216,0.7264,0.4814,0.3496,Someone_waves_their_left_arm,22,True
7217,0.5693,0.6141,0.3496,A_person_jumps_really_high,23,True
7218,0.6701,0.5219,0.3497,A_person_turns_around_in_a_pirouette,83,True
7219,0.6688,0.523,0.3497,Someone_makes_a_full_turn_in_a_pirouette,92,True
7220,0.6766,0.5169,0.3497,Someone_positions_their_knee_at_chest_height,18,True
7221,0.6965,0.5021,0.3497,A_person_does_push-ups,8,True
7222,0.6401,0.5463,0.3497,Someone_makes_a_full_turn_in_a_pirouette,3,True
7223,0.6559,0.5334,0.3498,A_person_carries_out_push-ups,71,True
7224,0.5239,0.6676,0.3498,An_individual_pushes_a_heavy_item,87,True
7225,0.5582,0.6271,0.35,A_person_creates_a_clapping_noise_with_their_hands,67,True
7226,0.6118,0.5721,0.35,An_individual_raises_their_right_arm_to_make_contact_with_their_head,29,True
7227,0.6039,0.5796,0.35,A_person_turns_around_in_a_pirouette,47,True
7228,0.7396,0.4733,0.35,A_person_brings_their_right_arm_up_to_their_head,72,True
7229,0.6336,0.5524,0.35,An_individual_jumps_up_into_the_air,59,True
7230,0.6819,0.5132,0.35,A_person_performs_push-ups,83,True
7231,0.5461,0.6409,0.35,A_person_gives_a_round_of_applause,96,True
7232,0.7176,0.4879,0.3501,An_individual_waves_hello_with_their_left_arm,61,True
7233,0.7732,0.4528,0.3501,Someone_waves_with_their_left_arm,80,True
7234,0.6367,0.5499,0.3501,A_person_swings_their_left_arm_back_and_forth,89,True
7235,0.7401,0.473,0.3501,Someone_waves_with_their_left_arm,85,True
7236,0.5485,0.6384,0.3502,A_person_jumps_very_high,11,True
7237,0.6716,0.5214,0.3502,An_individual_waves_hello_with_their_left_arm,13,True
7238,0.6462,0.5421,0.3503,An_individual_raises_their_right_arm_to_make_contact_with_their_head,25,True
7239,0.6996,0.5008,0.3503,An_individual_engages_in_push-ups,98,True
7240,0.5577,0.628,0.3503,A_person_rolls_forward_and_returns_to_a_standing_position,12,True
7241,0.5088,0.6887,0.3504,An_individual_pushes_a_heavy_item,95,True
7242,0.5721,0.6126,0.3504,Someone_does_push-up_exercises,57,True
7243,0.5793,0.605,0.3504,An_individual_pushes_a_heavy_item,18,True
7244,0.6841,0.5124,0.3505,A_person_does_push-ups,44,True
7245,0.6391,0.5485,0.3505,Someone_applauds_by_clapping,77,True
7246,0.5989,0.5854,0.3506,An_individual_makes_a_clapping_motion,83,True
7247,0.7199,0.487,0.3506,A_person_brings_their_right_arm_up_to_their_head,35,True
7248,0.6089,0.5758,0.3506,A_person_claps_their_hands,99,True
7249,0.7097,0.4941,0.3507,Someone_reaches_up_with_their_right_arm_to_their_head,87,True
7250,0.7162,0.4898,0.3508,A_person_brings_their_right_arm_up_to_their_head,89,True
7251,0.6804,0.5157,0.3509,Someone_brings_their_hands_together_to_clap,97,True
7252,0.6498,0.54,0.3509,A_person_applies_pressure_to_push_a_heavy_object,33,True
7253,0.6692,0.5245,0.351,A_person_does_push-ups,36,True
7254,0.7445,0.4715,0.351,Someone_raises_their_right_arm_to_reach_their_head,26,True
7255,0.5917,0.5932,0.351,An_individual_tumbles_forward_and_then_gets_up,93,True
7256,0.7047,0.4981,0.351,An_individual_engages_in_push-ups,25,True
7257,0.6085,0.5768,0.351,Someone_gestures_with_their_left_arm,46,True
7258,0.5887,0.5962,0.351,A_person_jumps_straight_up,61,True
7259,0.6703,0.5236,0.351,An_individual_engages_in_push-ups,94,True
7260,0.6236,0.563,0.3511,An_individual_puts_their_hands_together_to_clap,44,True
7261,0.6125,0.5732,0.3511,A_person_applies_pressure_to_push_a_heavy_object,26,True
7262,0.6119,0.5737,0.3511,An_individual_makes_a_clapping_motion,32,True
7263,0.5285,0.6645,0.3512,Someone_makes_a_clapping_sound,26,True
7264,0.5784,0.6071,0.3512,Someone_does_a_quick_spin_in_a_pirouette,54,True
7265,0.6587,0.5332,0.3512,A_person_jumps_straight_up,79,True
7266,0.5736,0.6125,0.3513,An_individual_hops_up_high,48,True
7267,0.5726,0.6137,0.3514,A_person_jumps_really_high,87,True
7268,0.7696,0.4566,0.3514,Someone_waves_with_their_left_arm,11,True
7269,0.5538,0.6347,0.3515,A_person_gives_a_round_of_applause,72,True
7270,0.7434,0.4729,0.3515,A_person_brings_their_right_arm_up_to_their_head,57,True
7271,0.5488,0.6405,0.3515,A_person_does_a_high_jump,27,True
7272,0.5879,0.5979,0.3515,An_individual_puts_their_hands_together_to_clap,85,True
7273,0.6177,0.5693,0.3516,Someone_makes_a_clapping_sound,88,True
7274,0.6741,0.5216,0.3516,A_person_lifts_their_right_arm_to_touch_their_head,3,True
7275,0.6964,0.5048,0.3516,An_individual_engages_in_push-ups,85,True
7276,0.64,0.5495,0.3516,A_person_creates_a_clapping_noise_with_their_hands,23,True
7277,0.6755,0.5205,0.3516,A_person_spins_in_a_pirouette,32,True
7278,0.677,0.5195,0.3517,A_person_practices_push-ups,52,True
7279,0.6011,0.5851,0.3517,Someone_pushes_off_the_ground_and_rises,50,True
7280,0.63,0.5584,0.3518,Someone_makes_a_full_turn_in_a_pirouette,18,True
7281,0.7153,0.4918,0.3518,An_individual_waves_hello_with_their_left_arm,81,True
7282,0.5587,0.6297,0.3518,A_person_brings_their_knee_in_towards_their_chest,99,True
7283,0.7131,0.4933,0.3518,A_person_lifts_their_right_arm_to_touch_their_head,79,True
7284,0.6359,0.5532,0.3518,A_person_turns_around_in_a_pirouette,86,True
7285,0.6026,0.584,0.3519,An_individual_hops_up_high,31,True
7286,0.6877,0.5117,0.3519,An_individual_waves_hello_with_their_left_arm,24,True
7287,0.5835,0.6031,0.3519,An_individual_hops_up_high,74,True
7288,0.5594,0.6291,0.3519,A_person_gives_a_round_of_applause,62,True
7289,0.7133,0.4934,0.3519,Someone_reaches_up_with_their_right_arm_to_their_head,83,True
7290,0.7107,0.4953,0.352,A_person_moves_their_right_arm_to_touch_their_head,12,True
7291,0.6273,0.5613,0.3521,An_individual_raises_their_right_arm_to_make_contact_with_their_head,34,True
7292,0.6784,0.5191,0.3521,A_person_spins_in_a_pirouette,51,True
7293,0.6498,0.5419,0.3521,Someone_brings_their_hands_together_to_clap,48,True
7294,0.6702,0.5254,0.3521,A_person_does_push-ups,46,True
7295,0.6589,0.5347,0.3523,A_person_turns_around_in_a_pirouette,18,True
7296,0.6019,0.5855,0.3524,A_person_jumps_straight_up,8,True
7297,0.6392,0.5513,0.3524,Someone_performs_a_forward_roll_and_then_stands,72,True
7298,0.7808,0.4515,0.3525,Someone_waves_their_left_arm,98,True
7299,0.5495,0.6416,0.3525,An_individual_puts_their_hands_together_to_clap,63,True
7300,0.5813,0.6064,0.3526,An_individual_makes_a_high_jump,93,True
7301,0.7278,0.4845,0.3526,An_individual_brings_their_right_arm_up_to_their_head,29,True
7302,0.6816,0.5174,0.3526,An_individual_engages_in_push-ups,86,True
7303,0.5367,0.6572,0.3527,Someone_brings_their_hands_together_to_clap,25,True
7304,0.5552,0.6355,0.3528,An_individual_rolls_forward_and_rises,1,True
7305,0.7388,0.4777,0.3529,Someone_waves_with_their_left_arm,72,True
7306,0.6309,0.5593,0.3529,Someone_performs_a_forward_roll_and_then_stands,45,True
7307,0.6166,0.5723,0.3529,Someone_makes_a_clapping_sound,45,True
7308,0.7348,0.4805,0.353,A_person_lifts_their_right_arm_to_touch_their_head,27,True
7309,0.5878,0.6005,0.353,A_person_jumps_very_high,22,True
7310,0.7416,0.4762,0.3531,A_person_positions_their_right_arm_to_touch_their_head,55,True
7311,0.6715,0.5259,0.3531,Someone_brings_their_knee_up_to_their_chest,21,True
7312,0.6712,0.5262,0.3532,Someone_brings_their_knee_up_to_their_chest,39,True
7313,0.6511,0.5424,0.3532,Someone_brings_their_hands_together_to_clap,44,True
7314,0.6495,0.5439,0.3532,A_person_applies_pressure_to_push_a_heavy_object,94,True
7315,0.6056,0.5834,0.3533,A_person_applies_pressure_to_push_a_heavy_object,45,True
7316,0.627,0.5635,0.3533,Someone_brings_their_knee_up_to_their_chest,67,True
7317,0.655,0.5396,0.3534,A_person_spins_in_a_pirouette,1,True
7318,0.7081,0.4991,0.3534,An_individual_does_a_turning_pirouette,83,True
7319,0.7108,0.4972,0.3534,Someone_touches_their_toes_and_then_lifts_themselves_up,89,True
7320,0.562,0.629,0.3535,An_individual_puts_their_hands_together_to_clap,40,True
7321,0.5801,0.6094,0.3535,A_person_gives_a_round_of_applause,53,True
7322,0.5454,0.6481,0.3535,An_individual_rolls_forward_and_rises,26,True
7323,0.5639,0.6269,0.3535,An_individual_tries_to_push_a_heavy_thing,31,True
7324,0.6065,0.583,0.3536,An_individual_hops_up_high,59,True
7325,0.5641,0.6268,0.3536,A_person_jumps_very_high,53,True
7326,0.7046,0.502,0.3538,A_person_lifts_their_right_arm_to_touch_their_head,7,True
7327,0.6753,0.5239,0.3538,An_individual_dances_a_pirouette,26,True
7328,0.7359,0.4807,0.3538,Someone_waves_with_their_left_arm,13,True
7329,0.7609,0.465,0.3539,A_person_lifts_their_right_arm_to_touch_their_head,41,True
7330,0.5998,0.59,0.3539,An_individual_raises_their_right_arm_to_make_contact_with_their_head,90,True
7331,0.6126,0.578,0.354,Someone_brings_their_knee_up_to_their_chest,27,True
7332,0.548,0.646,0.354,An_individual_rolls_forward_and_rises,41,True
7333,0.6945,0.5097,0.354,A_person_practices_push-ups,31,True
7334,0.6778,0.5224,0.3541,Someone_executes_push-ups,17,True
7335,0.6976,0.5076,0.3541,An_individual_does_a_set_of_push-ups,13,True
7336,0.6644,0.5329,0.3541,An_individual_waves_hello_with_their_left_arm,64,True
7337,0.654,0.5415,0.3541,A_person_performs_push-ups,80,True
7338,0.6899,0.5134,0.3542,An_individual_lifts_a_knee_up_to_their_chest,87,True
7339,0.6474,0.5471,0.3542,A_person_spins_in_a_pirouette,63,True
7340,0.6516,0.5437,0.3543,A_person_jumps_straight_up,64,True
7341,0.5532,0.6405,0.3543,An_individual_jumps_up_into_the_air,23,True
7342,0.6839,0.5183,0.3544,A_person_carries_out_push-ups,63,True
7343,0.6279,0.5645,0.3545,An_individual_raises_their_right_arm_to_make_contact_with_their_head,68,True
7344,0.6392,0.5547,0.3546,Someone_applauds_by_clapping,92,True
7345,0.6282,0.5646,0.3546,An_individual_makes_a_clapping_motion,21,True
7346,0.6649,0.5334,0.3546,A_person_spins_in_a_pirouette,2,True
7347,0.5509,0.6437,0.3546,A_person_jumps_really_high,4,True
7348,0.6749,0.5254,0.3546,Someone_executes_push-ups,0,True
7349,0.6415,0.5528,0.3547,An_individual_does_a_turning_pirouette,71,True
7350,0.6434,0.5513,0.3547,A_person_turns_around_in_a_pirouette,15,True
7351,0.6763,0.5248,0.3549,A_person_performs_push-ups,57,True
7352,0.6507,0.5457,0.355,A_person_turns_around_in_a_pirouette,30,True
7353,0.5539,0.6409,0.355,An_individual_dances_a_pirouette,47,True
7354,0.6048,0.5869,0.355,Someone_makes_a_clapping_sound,19,True
7355,0.5455,0.6508,0.355,A_person_does_a_high_jump,92,True
7356,0.7394,0.4802,0.355,A_person_lifts_their_right_arm_to_touch_their_head,22,True
7357,0.5631,0.6304,0.355,Someone_does_push-up_exercises,9,True
7358,0.6897,0.5149,0.3551,An_individual_engages_in_push-ups,95,True
7359,0.6318,0.562,0.3551,An_individual_raises_their_right_arm_to_make_contact_with_their_head,53,True
7360,0.6754,0.5257,0.3551,A_person_practices_push-ups,11,True
7361,0.6411,0.5539,0.3551,A_person_bends_to_touch_their_toes_and_stands_again,3,True
7362,0.6079,0.5844,0.3552,An_individual_puts_their_hands_together_to_clap,82,True
7363,0.6,0.5922,0.3553,A_person_jumps_really_high,18,True
7364,0.7145,0.4973,0.3553,An_individual_waves_hello_with_their_left_arm,16,True
7365,0.6871,0.5173,0.3554,Someone_brings_their_knee_up_to_their_chest,58,True
7366,0.5461,0.6508,0.3554,A_person_does_a_high_jump,72,True
7367,0.6962,0.5105,0.3554,An_individual_engages_in_push-ups,28,True
7368,0.6035,0.5889,0.3554,An_individual_jumps_up_into_the_air,29,True
7369,0.7493,0.4743,0.3554,An_individual_waves_hello_with_their_left_arm,70,True
7370,0.6635,0.5358,0.3555,A_person_practices_push-ups,80,True
7371,0.654,0.5436,0.3555,A_person_is_completing_push-ups,1,True
7372,0.5907,0.6018,0.3555,A_person_rolls_forward_and_returns_to_a_standing_position,25,True
7373,0.5813,0.6117,0.3556,A_person_jumps_straight_up,47,True
7374,0.6524,0.545,0.3556,A_person_creates_a_clapping_noise_with_their_hands,98,True
7375,0.5673,0.6271,0.3557,An_individual_hops_up_high,57,True
7376,0.5795,0.6138,0.3557,An_individual_pushes_a_heavy_item,72,True
7377,0.5842,0.6089,0.3557,A_person_does_a_high_jump,74,True
7378,0.5551,0.641,0.3558,Someone_makes_a_clapping_sound,60,True
7379,0.5573,0.6384,0.3558,An_individual_hops_up_high,7,True
7380,0.6885,0.5169,0.3558,A_person_brings_their_right_arm_up_to_their_head,1,True
7381,0.5527,0.6438,0.3558,A_person_does_a_high_jump,97,True
7382,0.6153,0.5783,0.3558,A_person_applies_pressure_to_push_a_heavy_object,88,True
7383,0.7046,0.5051,0.3559,A_person_moves_their_right_arm_to_touch_their_head,24,True
7384,0.6682,0.5327,0.3559,A_person_practices_push-ups,38,True
7385,0.5736,0.6204,0.3559,An_individual_jumps_up_into_the_air,33,True
7386,0.6637,0.5364,0.356,A_person_is_completing_push-ups,77,True
7387,0.6992,0.5093,0.3561,A_person_does_push-ups,99,True
7388,0.731,0.4872,0.3561,Someone_waves_with_their_left_arm,62,True
7389,0.6313,0.564,0.3561,A_person_creates_a_clapping_noise_with_their_hands,5,True
7390,0.6706,0.531,0.3561,A_person_performs_push-ups,39,True
7391,0.6599,0.5399,0.3562,A_person_practices_push-ups,25,True
7392,0.6721,0.53,0.3562,A_person_carries_out_push-ups,39,True
7393,0.6514,0.5468,0.3562,A_person_goes_up_into_the_air,35,True
7394,0.496,0.7181,0.3562,A_person_jumps_really_high,25,True
7395,0.6695,0.532,0.3562,Someone_reaches_up_with_their_right_arm_to_their_head,14,True
7396,0.634,0.5619,0.3563,A_person_swings_their_left_arm_back_and_forth,54,True
7397,0.6476,0.5501,0.3563,A_person_jumps_straight_up,29,True
7398,0.6021,0.5918,0.3563,A_person_jumps_very_high,94,True
7399,0.7024,0.5072,0.3563,A_person_raises_the_right_arm_to_touch_their_head,94,True
7400,0.5801,0.6144,0.3564,Someone_rolls_in_a_forward_motion_and_stands_up,50,True
7401,0.6672,0.5341,0.3564,Someone_bends_down_to_touch_their_toes_and_then_stands_up,59,True
7402,0.5676,0.628,0.3565,An_individual_makes_a_high_jump,38,True
7403,0.7223,0.4935,0.3565,A_person_lifts_their_right_arm_to_touch_their_head,72,True
7404,0.5707,0.6247,0.3565,An_individual_pushes_a_heavy_item,68,True
7405,0.5813,0.6134,0.3566,A_person_swings_their_left_arm_back_and_forth,34,True
7406,0.7024,0.5077,0.3566,A_person_does_a_high_jump,43,True
7407,0.709,0.503,0.3566,Someone_reaches_up_with_their_right_arm_to_their_head,20,True
7408,0.6318,0.5644,0.3566,A_person_lifts_their_left_arm_to_signal,60,True
7409,0.6841,0.5213,0.3566,Someone_applauds_by_clapping,42,True
7410,0.6554,0.5442,0.3567,Someone_bends_down_to_touch_their_toes_and_then_stands_up,22,True
7411,0.6088,0.5858,0.3567,An_individual_jumps_up_into_the_air,32,True
7412,0.6723,0.5306,0.3568,A_person_carries_out_push-ups,15,True
7413,0.5444,0.6554,0.3568,A_person_jumps_really_high,74,True
7414,0.624,0.5719,0.3568,Someone_applauds_by_clapping,14,True
7415,0.7338,0.4863,0.3568,Someone_lifts_their_right_arm_and_touches_their_head,47,True
7416,0.6325,0.5644,0.357,A_person_spins_in_a_pirouette,79,True
7417,0.5708,0.6257,0.3571,A_person_gives_a_round_of_applause,92,True
7418,0.68,0.5252,0.3571,An_individual_engages_in_push-ups,83,True
7419,0.6877,0.5192,0.3571,A_person_practices_push-ups,74,True
7420,0.7542,0.4735,0.3571,Someone_waves_with_their_left_arm,26,True
7421,0.5984,0.5969,0.3572,Someone_makes_a_full_turn_in_a_pirouette,35,True
7422,0.678,0.5268,0.3572,A_person_turns_around_in_a_pirouette,45,True
7423,0.6063,0.5893,0.3573,Someone_gestures_with_their_left_arm,2,True
7424,0.7568,0.4722,0.3574,Someone_reaches_up_with_their_right_arm_to_their_head,51,True
7425,0.6205,0.5759,0.3574,Someone_does_a_quick_spin_in_a_pirouette,53,True
7426,0.6021,0.5937,0.3575,An_individual_rolls_forward_and_quickly_gets_up,2,True
7427,0.6138,0.5824,0.3575,A_person_claps_their_hands,23,True
7428,0.6857,0.5213,0.3575,Someone_performs_a_forward_roll_and_then_stands,60,True
7429,0.5977,0.5982,0.3575,A_person_creates_a_clapping_noise_with_their_hands,3,True
7430,0.537,0.6658,0.3576,A_person_jumps_very_high,57,True
7431,0.6367,0.5618,0.3577,An_individual_does_a_turning_pirouette,93,True
7432,0.7205,0.4964,0.3577,A_person_raises_the_right_arm_to_touch_their_head,6,True
7433,0.6654,0.5376,0.3577,A_person_does_push-ups,95,True
7434,0.5862,0.6103,0.3577,Someone_makes_a_clapping_sound,18,True
7435,0.6458,0.5539,0.3577,A_person_jumps_straight_up,89,True
7436,0.584,0.6125,0.3577,Someone_leaps_up_high,2,True
7437,0.6291,0.5688,0.3578,Someone_shoves_a_weighty_object,83,True
7438,0.647,0.553,0.3578,Someone_does_a_quick_spin_in_a_pirouette,21,True
7439,0.6855,0.522,0.3578,An_individual_waves_hello_with_their_left_arm,34,True
7440,0.7644,0.4682,0.3579,Someone_waves_with_their_left_arm,2,True
7441,0.5642,0.6344,0.3579,A_person_jumps_really_high,59,True
7442,0.6787,0.5273,0.3579,Someone_applauds_by_clapping,21,True
7443,0.6117,0.5854,0.3581,A_person_is_completing_push-ups,13,True
7444,0.609,0.5881,0.3582,An_individual_dances_a_pirouette,83,True
7445,0.6765,0.5294,0.3582,A_person_creates_a_clapping_noise_with_their_hands,4,True
7446,0.6157,0.5818,0.3582,An_individual_hops_up_high,94,True
7447,0.6962,0.5146,0.3582,A_person_raises_the_right_arm_to_touch_their_head,85,True
7448,0.657,0.5452,0.3582,Someone_leaps_up_high,39,True
7449,0.6809,0.5263,0.3583,A_person_moves_their_right_arm_to_touch_their_head,45,True
7450,0.6544,0.5477,0.3584,Someone_performs_a_pirouette,56,True
7451,0.5928,0.6045,0.3584,Someone_does_a_quick_spin_in_a_pirouette,1,True
7452,0.6953,0.5155,0.3585,An_individual_waves_hello_with_their_left_arm,18,True
7453,0.7655,0.4684,0.3585,Someone_waves_with_their_left_arm,53,True
7454,0.6724,0.5331,0.3585,A_person_brings_their_right_arm_up_to_their_head,31,True
7455,0.7255,0.4943,0.3586,Someone_gestures_with_their_left_arm,71,True
7456,0.6075,0.5903,0.3586,An_individual_dances_a_pirouette,57,True
7457,0.6528,0.5493,0.3586,Someone_gestures_with_their_left_arm,42,True
7458,0.725,0.4947,0.3587,A_person_lifts_their_right_arm_to_touch_their_head,52,True
7459,0.6853,0.5235,0.3587,A_person_brings_their_right_arm_up_to_their_head,39,True
7460,0.6633,0.5407,0.3587,An_individual_engages_in_push-ups,35,True
7461,0.6981,0.5139,0.3587,An_individual_waves_hello_with_their_left_arm,32,True
7462,0.6807,0.5271,0.3588,A_person_performs_push-ups,37,True
7463,0.779,0.4607,0.3588,Someone_lifts_their_right_arm_and_touches_their_head,30,True
7464,0.5631,0.6371,0.3588,An_individual_pushes_a_heavy_item,21,True
7465,0.6333,0.5666,0.3589,An_individual_does_a_turning_pirouette,40,True
7466,0.6375,0.5632,0.359,Someone_makes_a_clapping_sound,11,True
7467,0.701,0.5122,0.359,An_individual_waves_hello_with_their_left_arm,40,True
7468,0.5635,0.6373,0.3591,A_person_does_a_high_jump,60,True
7469,0.6962,0.5158,0.3591,Someone_gestures_with_their_left_arm,61,True
7470,0.6571,0.5465,0.3591,A_person_spins_in_a_pirouette,39,True
7471,0.5712,0.6289,0.3592,An_individual_makes_a_clapping_motion,81,True
7472,0.5528,0.6497,0.3592,Someone_does_a_quick_spin_in_a_pirouette,19,True
7473,0.6675,0.5382,0.3592,A_person_carries_out_push-ups,91,True
7474,0.7164,0.5014,0.3592,An_individual_extends_their_right_arm_to_their_head,88,True
7475,0.6572,0.5467,0.3593,Someone_applauds_by_clapping,94,True
7476,0.6372,0.5638,0.3593,Someone_performs_a_forward_roll_and_then_stands,44,True
7477,0.7454,0.4821,0.3593,Someone_reaches_up_with_their_right_arm_to_their_head,99,True
7478,0.6355,0.5655,0.3594,An_individual_engages_in_push-ups,92,True
7479,0.6537,0.5498,0.3594,An_individual_puts_their_hands_together_to_clap,2,True
7480,0.689,0.5218,0.3595,An_individual_engages_in_push-ups,39,True
7481,0.6539,0.5498,0.3595,An_individual_touches_their_toes_and_returns_to_a_standing_position,76,True
7482,0.5654,0.6358,0.3595,A_person_lifts_their_left_arm_to_signal,1,True
7483,0.633,0.5678,0.3595,A_person_swings_their_left_arm_back_and_forth,90,True
7484,0.6283,0.5722,0.3595,A_person_does_a_forward_roll_and_gets_up,55,True
7485,0.6425,0.5596,0.3595,Someone_gestures_with_their_left_arm,87,True
7486,0.5926,0.6067,0.3595,An_individual_completes_a_pirouette,20,True
7487,0.5791,0.621,0.3596,A_person_claps_their_hands,73,True
7488,0.6062,0.5932,0.3596,An_individual_rolls_forward_and_quickly_gets_up,94,True
7489,0.6245,0.5757,0.3596,Someone_applauds_by_clapping,83,True
7490,0.5861,0.6138,0.3597,Someone_does_a_quick_spin_in_a_pirouette,99,True
7491,0.7241,0.4968,0.3597,An_individual_engages_in_push-ups,41,True
7492,0.7088,0.5076,0.3598,An_individual_waves_hello_with_their_left_arm,79,True
7493,0.6551,0.5491,0.3598,A_person_creates_a_clapping_noise_with_their_hands,83,True
7494,0.6647,0.5415,0.36,An_individual_is_doing_push-ups,55,True
7495,0.5999,0.6001,0.36,A_person_claps_their_hands,4,True
7496,0.608,0.5922,0.3601,A_person_turns_around_in_a_pirouette,58,True
7497,0.5832,0.6174,0.3601,A_person_gives_a_round_of_applause,54,True
7498,0.509,0.7075,0.3601,A_person_does_a_high_jump,78,True
7499,0.7132,0.5049,0.3601,An_individual_engages_in_push-ups,42,True
7500,0.6894,0.5225,0.3602,An_individual_engages_in_push-ups,40,True
7501,0.6999,0.5146,0.3602,Someone_leans_down_to_touch_their_toes_and_stands_back_up,22,True
7502,0.5968,0.6037,0.3603,Someone_does_a_quick_spin_in_a_pirouette,33,True
7503,0.7323,0.4919,0.3603,An_individual_extends_their_right_arm_to_their_head,30,True
7504,0.5743,0.6275,0.3603,A_person_claps_their_hands,5,True
7505,0.5782,0.6231,0.3603,Someone_gestures_with_their_left_arm,63,True
7506,0.7229,0.4985,0.3603,A_person_lifts_their_right_arm_to_touch_their_head,73,True
7507,0.575,0.6269,0.3605,An_individual_hops_up_high,19,True
7508,0.6207,0.5808,0.3605,An_individual_raises_their_right_arm_to_make_contact_with_their_head,19,True
7509,0.6658,0.5415,0.3605,An_individual_does_a_turning_pirouette,33,True
7510,0.7607,0.4739,0.3605,An_individual_brings_their_right_arm_up_to_their_head,73,True
7511,0.7225,0.4991,0.3606,A_person_positions_their_right_arm_to_touch_their_head,4,True
7512,0.7146,0.5046,0.3606,An_individual_raises_their_right_arm_to_make_contact_with_their_head,87,True
7513,0.6038,0.5972,0.3606,An_individual_dances_a_pirouette,84,True
7514,0.7612,0.4737,0.3606,A_person_lifts_their_right_arm_to_touch_their_head,50,True
7515,0.6761,0.5334,0.3606,A_person_carries_out_push-ups,7,True
7516,0.5243,0.6878,0.3606,An_individual_touches_their_toes_and_returns_to_a_standing_position,82,True
7517,0.668,0.5398,0.3606,A_person_carries_out_push-ups,75,True
7518,0.6771,0.5327,0.3607,A_person_practices_push-ups,60,True
7519,0.7051,0.5117,0.3608,A_person_does_push-ups,30,True
7520,0.7186,0.5023,0.3609,Someone_lifts_their_right_arm_and_touches_their_head,32,True
7521,0.6996,0.5159,0.361,A_person_lifts_their_right_arm_to_touch_their_head,61,True
7522,0.7122,0.5069,0.361,An_individual_is_doing_push-ups,37,True
7523,0.5158,0.6999,0.361,An_individual_rolls_forward_and_rises,5,True
7524,0.625,0.5776,0.361,A_person_jumps_very_high,18,True
7525,0.6643,0.5436,0.3611,A_person_positions_their_right_arm_to_touch_their_head,17,True
7526,0.7085,0.5096,0.3611,A_person_swings_their_left_arm_back_and_forth,24,True
7527,0.7971,0.453,0.3611,Someone_lifts_their_right_arm_and_touches_their_head,99,True
7528,0.6268,0.5763,0.3612,A_person_creates_a_clapping_noise_with_their_hands,64,True
7529,0.6407,0.5638,0.3612,Someone_shoves_a_weighty_object,39,True
7530,0.6543,0.5522,0.3613,Someone_elevates_their_knee_to_their_chest,65,True
7531,0.6405,0.5643,0.3614,A_person_carries_out_push-ups,14,True
7532,0.6604,0.5472,0.3614,An_individual_does_a_set_of_push-ups,6,True
7533,0.6365,0.5678,0.3614,A_person_creates_a_clapping_noise_with_their_hands,59,True
7534,0.6096,0.5929,0.3614,An_individual_tries_to_push_a_heavy_thing,9,True
7535,0.6011,0.6015,0.3616,A_person_does_a_high_jump,34,True
7536,0.539,0.671,0.3616,A_person_jumps_really_high,12,True
7537,0.52,0.6955,0.3617,A_person_jumps_really_high,66,True
7538,0.6317,0.5726,0.3617,A_person_creates_a_clapping_noise_with_their_hands,47,True
7539,0.7408,0.4884,0.3618,A_person_lifts_their_right_arm_to_touch_their_head,36,True
7540,0.6926,0.5224,0.3618,A_person_brings_their_right_arm_up_to_their_head,91,True
7541,0.557,0.6498,0.3619,A_person_jumps_very_high,79,True
7542,0.6562,0.5515,0.3619,A_person_practices_push-ups,68,True
7543,0.6677,0.542,0.3619,A_person_is_completing_push-ups,90,True
7544,0.6056,0.5975,0.3619,Someone_touches_their_toes_and_then_lifts_themselves_up,99,True
7545,0.6239,0.5801,0.3619,Someone_leaps_up_high,36,True
7546,0.742,0.4877,0.3619,A_person_brings_their_right_arm_up_to_their_head,94,True
7547,0.6794,0.5326,0.3619,An_individual_engages_in_push-ups,61,True
7548,0.6591,0.5492,0.362,An_individual_engages_in_push-ups,75,True
7549,0.6594,0.549,0.362,A_person_rolls_ahead_and_gets_back_on_their_feet,2,True
7550,0.5603,0.6461,0.362,An_individual_dances_a_pirouette,62,True
7551,0.7252,0.4993,0.3621,A_person_lifts_their_right_arm_to_touch_their_head,83,True
7552,0.6744,0.5369,0.3621,Someone_brings_their_knee_up_to_their_chest,63,True
7553,0.638,0.5675,0.3621,Someone_gestures_with_their_left_arm,86,True
7554,0.6954,0.5207,0.3621,Someone_gestures_with_their_left_arm,72,True
7555,0.6397,0.5662,0.3622,An_individual_jumps_up_into_the_air,53,True
7556,0.7383,0.4906,0.3622,A_person_brings_their_right_arm_up_to_their_head,53,True
7557,0.7489,0.4836,0.3622,Someone_waves_their_left_arm,77,True
7558,0.7279,0.4976,0.3622,Someone_moves_their_left_arm_to_greet,42,True
7559,0.7111,0.5095,0.3623,Someone_reaches_up_with_their_right_arm_to_their_head,72,True
7560,0.5836,0.6207,0.3623,An_individual_puts_their_hands_together_to_clap,36,True
7561,0.711,0.5096,0.3623,An_individual_does_a_turning_pirouette,37,True
7562,0.5574,0.6499,0.3623,A_person_jumps_really_high,26,True
7563,0.7519,0.4819,0.3624,A_person_moves_their_right_arm_to_touch_their_head,62,True
7564,0.5947,0.6094,0.3624,An_individual_rolls_forward_and_rises,90,True
7565,0.6359,0.57,0.3625,An_individual_dances_a_pirouette,55,True
7566,0.7013,0.5171,0.3626,A_person_carries_out_push-ups,99,True
7567,0.633,0.573,0.3627,A_person_jumps_straight_up,37,True
7568,0.5447,0.6659,0.3627,An_individual_rolls_forward_and_rises,65,True
7569,0.5947,0.6098,0.3627,An_individual_hops_up_high,92,True
7570,0.6504,0.5578,0.3628,A_person_turns_around_in_a_pirouette,97,True
7571,0.6568,0.5524,0.3628,A_person_carries_out_push-ups,9,True
7572,0.7212,0.5031,0.3628,Someone_leans_down_to_touch_their_toes_and_stands_back_up,23,True
7573,0.6159,0.5892,0.3629,An_individual_jumps_up_into_the_air,12,True
7574,0.6992,0.519,0.3629,A_person_does_push-ups,69,True
7575,0.6591,0.5506,0.3629,Someone_brings_their_knee_up_to_their_chest,34,True
7576,0.663,0.5473,0.3629,A_person_practices_push-ups,87,True
7577,0.7584,0.4787,0.363,Someone_waves_their_left_arm,84,True
7578,0.6524,0.5564,0.363,Someone_makes_a_clapping_sound,8,True
7579,0.6414,0.5659,0.363,An_individual_dances_a_pirouette,18,True
7580,0.5771,0.6293,0.3631,A_person_applies_pressure_to_push_a_heavy_object,50,True
7581,0.5951,0.6101,0.3631,Someone_leaps_up_high,57,True
7582,0.7275,0.4991,0.3631,An_individual_waves_hello_with_their_left_arm,89,True
7583,0.6958,0.5219,0.3631,Someone_leaps_up_high,83,True
7584,0.7657,0.4743,0.3632,Someone_waves_their_left_arm,74,True
7585,0.6933,0.5241,0.3633,An_individual_engages_in_push-ups,90,True
7586,0.6308,0.5759,0.3633,Someone_performs_a_forward_roll_and_then_stands,61,True
7587,0.6481,0.5607,0.3634,Someone_leans_down_to_touch_their_toes_and_stands_back_up,19,True
7588,0.6435,0.5648,0.3634,Someone_applauds_by_clapping,24,True
7589,0.6395,0.5683,0.3634,Someone_leaps_up_high,4,True
7590,0.5827,0.6236,0.3634,Someone_makes_a_full_turn_in_a_pirouette,17,True
7591,0.5512,0.6593,0.3634,Someone_brings_their_knee_up_to_their_chest,79,True
7592,0.6927,0.5247,0.3635,A_person_lifts_their_right_arm_to_touch_their_head,94,True
7593,0.6291,0.5777,0.3635,A_person_spins_in_a_pirouette,77,True
7594,0.6783,0.5359,0.3635,A_person_practices_push-ups,57,True
7595,0.637,0.5707,0.3636,An_individual_puts_their_hands_together_to_clap,98,True
7596,0.7499,0.4848,0.3636,A_person_positions_their_right_arm_to_touch_their_head,28,True
7597,0.6171,0.5891,0.3636,An_individual_puts_their_hands_together_to_clap,76,True
7598,0.5437,0.6689,0.3637,Someone_is_moving_a_bulky_object_by_pushing,30,True
7599,0.7857,0.4629,0.3637,A_person_brings_their_right_arm_up_to_their_head,37,True
7600,0.7409,0.491,0.3638,Someone_waves_their_left_arm,36,True
7601,0.6944,0.5241,0.3639,A_person_practices_push-ups,95,True
7602,0.5694,0.6391,0.3639,An_individual_tumbles_forward_and_then_gets_up,54,True
7603,0.6359,0.5722,0.3639,A_person_stretches_to_touch_their_toes_and_then_rises,94,True
7604,0.5422,0.6712,0.3639,A_person_rolls_forward_and_returns_to_a_standing_position,93,True
7605,0.6892,0.5281,0.364,A_person_lifts_their_left_arm_to_signal,62,True
7606,0.7245,0.5024,0.364,Someone_gestures_with_their_left_arm,50,True
7607,0.5533,0.6579,0.364,An_individual_hops_up_high,73,True
7608,0.6205,0.5867,0.364,Someone_makes_a_full_turn_in_a_pirouette,37,True
7609,0.6578,0.5536,0.3641,Someone_leaps_up_high,98,True
7610,0.6802,0.5352,0.3641,Someone_touches_their_toes_and_then_lifts_themselves_up,47,True
7611,0.5349,0.6806,0.3641,A_person_does_a_forward_roll_and_gets_up,79,True
7612,0.5278,0.6898,0.3641,An_individual_rolls_forward_and_rises,25,True
7613,0.5913,0.616,0.3642,An_individual_lifts_a_knee_up_to_their_chest,78,True
7614,0.5797,0.6285,0.3643,Someone_leaps_up_high,76,True
7615,0.7049,0.5169,0.3643,Someone_reaches_up_with_their_right_arm_to_their_head,1,True
7616,0.6673,0.5461,0.3644,A_person_spins_in_a_pirouette,81,True
7617,0.7218,0.5048,0.3644,An_individual_waves_hello_with_their_left_arm,25,True
7618,0.6698,0.5442,0.3645,A_person_spins_in_a_pirouette,35,True
7619,0.6644,0.5486,0.3645,Someone_applauds_by_clapping,2,True
7620,0.627,0.5814,0.3645,Someone_does_a_pirouette,19,True
7621,0.5775,0.6313,0.3646,An_individual_jumps_up_into_the_air,80,True
7622,0.5982,0.6095,0.3646,An_individual_makes_a_clapping_motion,47,True
7623,0.642,0.5678,0.3646,A_person_spins_in_a_pirouette,8,True
7624,0.6351,0.5741,0.3646,A_person_stretches_to_touch_their_toes_and_then_rises,86,True
7625,0.6887,0.5295,0.3647,A_person_brings_their_right_arm_up_to_their_head,40,True
7626,0.6546,0.5571,0.3647,A_person_creates_a_clapping_noise_with_their_hands,14,True
7627,0.5431,0.6715,0.3647,A_person_moves_a_heavy_object_by_pushing,47,True
7628,0.7155,0.5098,0.3647,A_person_moves_their_right_arm_to_touch_their_head,46,True
7629,0.7387,0.4938,0.3648,A_person_brings_their_right_arm_up_to_their_head,41,True
7630,0.6369,0.5728,0.3648,A_person_applies_pressure_to_push_a_heavy_object,91,True
7631,0.6359,0.5737,0.3648,An_individual_hops_up_high,27,True
7632,0.6592,0.5535,0.3649,A_person_practices_push-ups,13,True
7633,0.7683,0.4751,0.365,Someone_waves_with_their_left_arm,39,True
7634,0.7217,0.5058,0.365,An_individual_brings_their_right_arm_up_to_their_head,27,True
7635,0.7057,0.5173,0.3651,A_person_raises_the_right_arm_to_touch_their_head,9,True
7636,0.5758,0.6341,0.3651,A_person_swings_their_left_arm_back_and_forth,15,True
7637,0.7102,0.514,0.3651,A_person_does_push-ups,55,True
7638,0.6904,0.5288,0.3651,A_person_pulls_their_knee_up_to_their_chest,42,True
7639,0.7266,0.5025,0.3651,Someone_reaches_up_with_their_right_arm_to_their_head,66,True
7640,0.6006,0.6079,0.3651,An_individual_dances_a_pirouette,11,True
7641,0.6864,0.532,0.3652,A_person_carries_out_push-ups,24,True
7642,0.6944,0.5258,0.3652,An_individual_waves_hello_with_their_left_arm,20,True
7643,0.68,0.5371,0.3653,Someone_reaches_up_with_their_right_arm_to_their_head,76,True
7644,0.6633,0.5508,0.3653,An_individual_does_a_set_of_push-ups,21,True
7645,0.7395,0.4941,0.3654,Someone_lifts_their_right_arm_and_touches_their_head,28,True
7646,0.6082,0.6007,0.3654,Someone_makes_a_clapping_sound,55,True
7647,0.6776,0.5392,0.3654,Someone_elevates_their_knee_to_their_chest,70,True
7648,0.6555,0.5576,0.3655,A_person_turns_around_in_a_pirouette,50,True
7649,0.6503,0.5621,0.3655,A_person_is_completing_push-ups,16,True
7650,0.721,0.5068,0.3655,A_person_moves_their_right_arm_to_touch_their_head,61,True
7651,0.6363,0.5744,0.3655,A_person_turns_around_in_a_pirouette,16,True
7652,0.6973,0.5243,0.3656,A_person_turns_around_in_a_pirouette,76,True
7653,0.5984,0.6109,0.3656,An_individual_jumps_up_into_the_air,38,True
7654,0.6568,0.5567,0.3656,An_individual_brings_their_knee_close_to_their_chest,2,True
7655,0.5945,0.6151,0.3657,An_individual_hops_up_high,93,True
7656,0.5832,0.6271,0.3657,A_person_rolls_forward_and_returns_to_a_standing_position,88,True
7657,0.5422,0.6747,0.3658,Someone_applauds_by_clapping,10,True
7658,0.7136,0.5126,0.3658,Someone_shoves_a_weighty_object,47,True
7659,0.7063,0.5182,0.366,An_individual_does_a_turning_pirouette,10,True
7660,0.7571,0.4834,0.366,Someone_waves_with_their_left_arm,63,True
7661,0.5579,0.6561,0.366,A_person_does_a_forward_roll_and_gets_up,67,True
7662,0.5525,0.6625,0.366,An_individual_makes_a_high_jump,59,True
7663,0.6022,0.6079,0.366,Someone_makes_a_clapping_sound,34,True
7664,0.6046,0.6056,0.3661,Someone_leaps_up_high,99,True
7665,0.6726,0.5444,0.3661,Someone_does_a_quick_spin_in_a_pirouette,57,True
7666,0.6793,0.5389,0.3661,An_individual_lifts_a_knee_up_to_their_chest,12,True
7667,0.6635,0.552,0.3662,An_individual_waves_hello_with_their_left_arm,15,True
7668,0.7486,0.4891,0.3662,Someone_waves_with_their_left_arm,27,True
7669,0.6902,0.5306,0.3662,Someone_gestures_with_their_left_arm,15,True
7670,0.6956,0.5265,0.3662,An_individual_uses_their_left_arm_to_wave,94,True
7671,0.6797,0.5389,0.3663,Someone_gestures_with_their_left_arm,16,True
7672,0.7063,0.5186,0.3663,A_person_moves_their_left_arm_in_a_waving_motion,7,True
7673,0.6819,0.5373,0.3664,An_individual_engages_in_push-ups,70,True
7674,0.6907,0.5305,0.3664,A_person_turns_around_in_a_pirouette,9,True
7675,0.6404,0.5721,0.3664,Someone_gestures_with_their_left_arm,49,True
7676,0.6229,0.5884,0.3665,Someone_gestures_with_their_left_arm,92,True
7677,0.5993,0.6115,0.3665,A_person_moves_a_heavy_object_by_pushing,89,True
7678,0.6321,0.5801,0.3666,A_person_raises_the_right_arm_to_touch_their_head,77,True
7679,0.6562,0.5587,0.3666,Someone_gestures_with_their_left_arm,74,True
7680,0.5963,0.6148,0.3666,An_individual_raises_their_right_arm_to_make_contact_with_their_head,95,True
7681,0.6918,0.5302,0.3667,A_person_does_push-ups,50,True
7682,0.7011,0.5231,0.3667,Someone_gestures_with_their_left_arm,98,True
7683,0.5507,0.6658,0.3667,A_person_jumps_very_high,37,True
7684,0.5756,0.6371,0.3667,A_person_goes_up_into_the_air,61,True
7685,0.6934,0.5291,0.3668,An_individual_engages_in_push-ups,74,True
7686,0.6943,0.5284,0.3668,A_person_performs_push-ups,26,True
7687,0.7335,0.5,0.3668,A_person_brings_their_right_arm_up_to_their_head,56,True
7688,0.5783,0.6343,0.3669,An_individual_hops_up_high,15,True
7689,0.718,0.5111,0.367,A_person_brings_their_right_arm_up_to_their_head,7,True
7690,0.5478,0.67,0.3671,An_individual_makes_a_high_jump,53,True
7691,0.5543,0.6623,0.3671,A_person_moves_a_heavy_object_by_pushing,69,True
7692,0.5486,0.6692,0.3671,A_person_claps_their_hands,52,True
7693,0.6457,0.5686,0.3672,A_person_is_completing_push-ups,12,True
7694,0.6438,0.5705,0.3673,A_person_spins_in_a_pirouette,99,True
7695,0.5993,0.6129,0.3673,Someone_applauds_by_clapping,52,True
7696,0.5507,0.667,0.3673,An_individual_exerts_force_on_a_heavy_object,95,True
7697,0.6376,0.5761,0.3673,Someone_touches_their_toes_and_then_lifts_themselves_up,25,True
7698,0.6576,0.5589,0.3675,A_person_spins_in_a_pirouette,48,True
7699,0.5462,0.6728,0.3675,An_individual_pushes_a_heavy_item,48,True
7700,0.6188,0.594,0.3676,An_individual_hops_up_high,75,True
7701,0.7106,0.5173,0.3676,A_person_brings_their_right_arm_up_to_their_head,70,True
7702,0.5479,0.6709,0.3676,A_person_gives_a_round_of_applause,83,True
7703,0.6789,0.5415,0.3676,Someone_makes_a_clapping_sound,31,True
7704,0.6431,0.5716,0.3676,Someone_leaps_up_high,79,True
7705,0.6137,0.5991,0.3677,An_individual_hops_up_high,82,True
7706,0.7695,0.4778,0.3677,Someone_reaches_up_with_their_right_arm_to_their_head,69,True
7707,0.6035,0.6092,0.3677,A_person_rolls_forward_and_returns_to_a_standing_position,67,True
7708,0.686,0.536,0.3677,A_person_practices_push-ups,35,True
7709,0.6416,0.5734,0.3679,An_individual_raises_their_right_arm_to_make_contact_with_their_head,72,True
7710,0.672,0.5474,0.3679,An_individual_does_a_set_of_push-ups,70,True
7711,0.7473,0.4925,0.368,A_person_moves_their_right_arm_to_touch_their_head,26,True
7712,0.6955,0.5291,0.368,Someone_positions_their_knee_at_chest_height,23,True
7713,0.584,0.6302,0.368,A_person_does_a_high_jump,30,True
7714,0.6897,0.5336,0.3681,A_person_rolls_ahead_and_gets_back_on_their_feet,45,True
7715,0.5525,0.6663,0.3681,An_individual_pushes_a_heavy_item,3,True
7716,0.7729,0.4763,0.3681,A_person_lifts_their_right_arm_to_touch_their_head,56,True
7717,0.6442,0.5717,0.3682,Someone_makes_a_clapping_sound,79,True
7718,0.564,0.6529,0.3682,A_person_jumps_really_high,33,True
7719,0.6525,0.5644,0.3683,An_individual_dances_a_pirouette,76,True
7720,0.6646,0.5542,0.3683,A_person_carries_out_push-ups,78,True
7721,0.705,0.5223,0.3683,A_person_practices_push-ups,45,True
7722,0.6851,0.5376,0.3683,An_individual_dances_a_pirouette,91,True
7723,0.5932,0.621,0.3684,An_individual_makes_a_clapping_motion,2,True
7724,0.5845,0.6305,0.3685,A_person_applies_pressure_to_push_a_heavy_object,83,True
7725,0.6714,0.5488,0.3685,A_person_spins_in_a_pirouette,71,True
7726,0.7546,0.4887,0.3687,A_person_lifts_their_right_arm_to_touch_their_head,86,True
7727,0.727,0.5072,0.3687,A_person_lifts_their_right_arm_to_touch_their_head,13,True
7728,0.5964,0.6182,0.3687,A_person_jumps_very_high,92,True
7729,0.7214,0.5112,0.3688,Someone_raises_their_right_arm_to_reach_their_head,23,True
7730,0.6694,0.5511,0.3689,A_person_is_completing_push-ups,37,True
7731,0.6267,0.5887,0.3689,An_individual_tumbles_forward_and_then_gets_up,52,True
7732,0.6096,0.6051,0.3689,A_person_swings_their_left_arm_back_and_forth,4,True
7733,0.7336,0.503,0.369,An_individual_engages_in_push-ups,55,True
7734,0.5852,0.6305,0.369,An_individual_hops_up_high,12,True
7735,0.7345,0.5023,0.369,Someone_reaches_up_with_their_right_arm_to_their_head,98,True
7736,0.6864,0.5378,0.3691,A_person_carries_out_push-ups,61,True
7737,0.5454,0.6766,0.3691,A_person_jumps_really_high,3,True
7738,0.6012,0.6141,0.3692,A_person_jumps_straight_up,43,True
7739,0.7062,0.5228,0.3692,A_person_lifts_their_right_arm_to_touch_their_head,71,True
7740,0.5659,0.6523,0.3692,An_individual_puts_their_hands_together_to_clap,30,True
7741,0.7367,0.5011,0.3692,An_individual_does_a_turning_pirouette,81,True
7742,0.6718,0.5498,0.3693,An_individual_is_doing_push-ups,17,True
7743,0.7034,0.525,0.3693,An_individual_engages_in_push-ups,34,True
7744,0.7588,0.4867,0.3693,A_person_brings_their_right_arm_up_to_their_head,12,True
7745,0.5329,0.6932,0.3694,An_individual_pushes_a_heavy_item,34,True
7746,0.756,0.4886,0.3694,Someone_waves_with_their_left_arm,50,True
7747,0.6504,0.568,0.3694,A_person_moves_their_right_arm_to_touch_their_head,66,True
7748,0.6251,0.5909,0.3694,Someone_makes_a_full_turn_in_a_pirouette,61,True
7749,0.5509,0.6706,0.3694,A_person_pushes_an_object_that_is_hard_to_lift,33,True
7750,0.6899,0.5354,0.3694,A_person_turns_around_in_a_pirouette,29,True
7751,0.6005,0.6152,0.3694,Someone_touches_their_toes_and_then_lifts_themselves_up,82,True
7752,0.5741,0.6438,0.3696,A_person_pushes_an_object_that_is_hard_to_lift,27,True
7753,0.6496,0.5689,0.3696,A_person_creates_a_clapping_noise_with_their_hands,66,True
7754,0.6375,0.5798,0.3696,Someone_touches_their_toes_and_stands_back_up,42,True
7755,0.7009,0.5273,0.3696,A_person_does_push-ups,40,True
7756,0.7016,0.527,0.3697,An_individual_uses_their_left_arm_to_wave,96,True
7757,0.7892,0.4684,0.3697,Someone_waves_their_left_arm,68,True
7758,0.6672,0.5542,0.3698,Someone_leans_down_to_touch_their_toes_and_stands_back_up,88,True
7759,0.6871,0.5383,0.3698,A_person_does_push-ups,56,True
7760,0.623,0.5935,0.3698,An_individual_makes_a_clapping_motion,24,True
7761,0.73,0.5066,0.3699,A_person_lifts_their_right_arm_to_touch_their_head,97,True
7762,0.6559,0.5639,0.3699,Someone_gestures_with_their_left_arm,96,True
7763,0.6846,0.5405,0.37,An_individual_does_a_turning_pirouette,39,True
7764,0.6794,0.5446,0.37,A_person_does_push-ups,20,True
7765,0.6216,0.5954,0.3701,An_individual_goes_down_to_touch_their_toes_and_then_stands_back_up,58,True
7766,0.662,0.5591,0.3701,Someone_touches_their_toes_and_then_lifts_themselves_up,60,True
7767,0.6562,0.564,0.3701,A_person_spins_in_a_pirouette,15,True
7768,0.6873,0.5386,0.3702,An_individual_makes_a_clapping_motion,42,True
7769,0.5579,0.6635,0.3702,An_individual_pushes_a_heavy_item,91,True
7770,0.7444,0.4975,0.3703,A_person_lifts_their_right_arm_to_touch_their_head,93,True
7771,0.6108,0.6064,0.3704,A_person_jumps_straight_up,19,True
7772,0.6714,0.5518,0.3704,A_person_carries_out_push-ups,17,True
7773,0.604,0.6135,0.3705,A_person_jumps_really_high,29,True
7774,0.6031,0.6143,0.3705,An_individual_dances_a_pirouette,27,True
7775,0.7537,0.4917,0.3706,Someone_waves_their_left_arm,63,True
7776,0.7403,0.5007,0.3707,A_person_positions_their_right_arm_to_touch_their_head,42,True
7777,0.5652,0.6559,0.3707,A_person_jumps_very_high,20,True
7778,0.713,0.52,0.3708,A_person_brings_their_right_arm_up_to_their_head,85,True
7779,0.5688,0.6518,0.3708,A_person_does_a_high_jump,93,True
7780,0.7308,0.5074,0.3708,An_individual_brings_their_knee_close_to_their_chest,59,True
7781,0.7633,0.4858,0.3708,Someone_lifts_their_right_arm_and_touches_their_head,74,True
7782,0.7483,0.4955,0.3708,Someone_waves_their_left_arm,15,True
7783,0.7223,0.5135,0.3709,A_person_raises_the_right_arm_to_touch_their_head,88,True
7784,0.5729,0.6475,0.371,A_person_jumps_very_high,13,True
7785,0.6878,0.5395,0.371,A_person_moves_their_right_arm_to_touch_their_head,31,True
7786,0.7081,0.5239,0.371,An_individual_waves_hello_with_their_left_arm,71,True
7787,0.7633,0.4862,0.3711,A_person_lifts_their_right_arm_to_touch_their_head,6,True
7788,0.621,0.5977,0.3711,Someone_makes_a_clapping_sound,35,True
7789,0.7211,0.5147,0.3711,A_person_does_push-ups,61,True
7790,0.7543,0.4921,0.3712,Someone_waves_with_their_left_arm,0,True
7791,0.5933,0.6256,0.3712,Someone_leaps_up_high,15,True
7792,0.647,0.5739,0.3713,An_individual_makes_a_clapping_motion,57,True
7793,0.7896,0.4702,0.3713,Someone_waves_with_their_left_arm,77,True
7794,0.6666,0.5572,0.3714,A_person_raises_the_right_arm_to_touch_their_head,45,True
7795,0.56,0.6632,0.3714,A_person_does_a_high_jump,4,True
7796,0.7632,0.4867,0.3714,A_person_lifts_their_right_arm_to_touch_their_head,85,True
7797,0.6454,0.5754,0.3714,A_person_creates_a_clapping_noise_with_their_hands,53,True
7798,0.7078,0.5248,0.3715,An_individual_engages_in_push-ups,71,True
7799,0.5241,0.7089,0.3715,Someone_is_moving_a_bulky_object_by_pushing,21,True
7800,0.6663,0.5576,0.3715,Someone_brings_their_hands_together_to_clap,30,True
7801,0.6307,0.589,0.3715,Someone_gestures_with_their_left_arm,29,True
7802,0.7684,0.4835,0.3715,Someone_waves_their_left_arm,50,True
7803,0.6629,0.5606,0.3716,Someone_makes_a_clapping_sound,84,True
7804,0.6739,0.5515,0.3716,An_individual_is_doing_push-ups,34,True
7805,0.7539,0.493,0.3717,An_individual_brings_their_right_arm_up_to_their_head,89,True
7806,0.6851,0.5426,0.3717,An_individual_engages_in_push-ups,22,True
7807,0.6505,0.5716,0.3718,Someone_pushes_off_the_ground_and_rises,4,True
7808,0.6483,0.5735,0.3718,An_individual_makes_a_clapping_motion,78,True
7809,0.6149,0.6049,0.3719,A_person_goes_up_into_the_air,27,True
7810,0.6247,0.5954,0.3719,An_individual_jumps_up_into_the_air,7,True
7811,0.6093,0.6104,0.3719,Someone_rolls_in_a_forward_motion_and_stands_up,41,True
7812,0.6813,0.5459,0.3719,Someone_executes_push-ups,81,True
7813,0.6298,0.5906,0.372,A_person_jumps_straight_up,46,True
7814,0.6771,0.5494,0.372,A_person_swings_their_left_arm_back_and_forth,81,True
7815,0.76,0.4895,0.372,Someone_waves_their_left_arm,46,True
7816,0.6554,0.5677,0.3721,Someone_gestures_with_their_left_arm,13,True
7817,0.7551,0.493,0.3722,Someone_waves_their_left_arm,70,True
7818,0.7687,0.4841,0.3722,A_person_moves_their_right_arm_to_touch_their_head,65,True
7819,0.6322,0.5887,0.3722,An_individual_exerts_force_on_a_heavy_object,22,True
7820,0.7158,0.5199,0.3722,An_individual_engages_in_push-ups,9,True
7821,0.7032,0.5293,0.3722,An_individual_does_a_set_of_push-ups,43,True
7822,0.6777,0.5494,0.3723,Someone_applauds_by_clapping,96,True
7823,0.6904,0.5392,0.3723,A_person_is_completing_push-ups,69,True
7824,0.6526,0.5705,0.3723,Someone_makes_a_full_turn_in_a_pirouette,81,True
7825,0.7372,0.505,0.3723,A_person_does_push-ups,77,True
7826,0.7438,0.5006,0.3724,A_person_lifts_their_right_arm_to_touch_their_head,15,True
7827,0.8021,0.4643,0.3724,Someone_waves_their_left_arm,56,True
7828,0.6084,0.6122,0.3724,A_person_turns_around_in_a_pirouette,99,True
7829,0.6832,0.545,0.3724,A_person_practices_push-ups,54,True
7830,0.6787,0.5486,0.3724,Someone_brings_their_hands_together_to_clap,28,True
7831,0.7666,0.4858,0.3724,Someone_lifts_their_right_arm_and_touches_their_head,78,True
7832,0.5796,0.6426,0.3725,A_person_gives_a_round_of_applause,65,True
7833,0.6275,0.5936,0.3725,An_individual_raises_their_right_arm_to_make_contact_with_their_head,57,True
7834,0.5999,0.6209,0.3725,A_person_creates_a_clapping_noise_with_their_hands,68,True
7835,0.7931,0.4697,0.3725,Someone_waves_their_left_arm,19,True
7836,0.5576,0.6681,0.3725,A_person_jumps_very_high,70,True
7837,0.6806,0.5474,0.3726,An_individual_does_a_set_of_push-ups,61,True
7838,0.7249,0.5142,0.3727,A_person_does_push-ups,65,True
7839,0.7687,0.4848,0.3727,Someone_waves_their_left_arm,59,True
7840,0.7371,0.5061,0.373,Someone_waves_with_their_left_arm,31,True
7841,0.6545,0.5701,0.3731,Someone_performs_a_forward_roll_and_then_stands,87,True
7842,0.7254,0.5144,0.3731,A_person_raises_the_right_arm_to_touch_their_head,73,True
7843,0.7362,0.5071,0.3733,A_person_does_push-ups,17,True
7844,0.6472,0.5768,0.3733,Someone_applauds_by_clapping,38,True
7845,0.6823,0.5472,0.3733,An_individual_engages_in_push-ups,3,True
7846,0.5866,0.6365,0.3734,Someone_makes_a_full_turn_in_a_pirouette,78,True
7847,0.727,0.5137,0.3734,A_person_does_push-ups,90,True
7848,0.7114,0.5248,0.3734,An_individual_lifts_a_knee_up_to_their_chest,55,True
7849,0.7368,0.5068,0.3734,An_individual_extends_their_right_arm_to_their_head,43,True
7850,0.6908,0.5405,0.3734,An_individual_engages_in_push-ups,51,True
7851,0.7318,0.5104,0.3735,An_individual_waves_hello_with_their_left_arm,19,True
7852,0.5915,0.6314,0.3735,An_individual_makes_a_high_jump,88,True
7853,0.5869,0.6364,0.3735,A_person_jumps_really_high,93,True
7854,0.7004,0.5333,0.3735,A_person_does_push-ups,25,True
7855,0.651,0.5739,0.3736,A_person_performs_push-ups,0,True
7856,0.6268,0.596,0.3736,Someone_gestures_with_their_left_arm,52,True
7857,0.6448,0.5795,0.3736,A_person_applies_pressure_to_push_a_heavy_object,93,True
7858,0.7067,0.5287,0.3736,A_person_positions_their_right_arm_to_touch_their_head,76,True
7859,0.6785,0.5507,0.3737,Someone_applauds_by_clapping,11,True
7860,0.6768,0.5523,0.3738,A_person_spins_in_a_pirouette,83,True
7861,0.6273,0.5958,0.3738,A_person_claps_their_hands,21,True
7862,0.7177,0.5209,0.3738,Someone_raises_their_right_arm_to_reach_their_head,67,True
7863,0.7468,0.5007,0.3739,Someone_raises_their_right_arm_to_reach_their_head,5,True
7864,0.6329,0.5908,0.3739,A_person_spins_in_a_pirouette,85,True
7865,0.6816,0.5491,0.3743,A_person_creates_a_clapping_noise_with_their_hands,88,True
7866,0.5828,0.6422,0.3743,A_person_moves_a_heavy_object_by_pushing,92,True
7867,0.5999,0.624,0.3743,A_person_lifts_their_left_arm_to_signal,48,True
7868,0.62,0.6037,0.3743,Someone_makes_a_clapping_sound,49,True
7869,0.647,0.5785,0.3743,Someone_touches_their_toes_and_then_lifts_themselves_up,51,True
7870,0.6644,0.5635,0.3743,Someone_makes_a_clapping_sound,77,True
7871,0.6967,0.5374,0.3744,An_individual_waves_hello_with_their_left_arm,87,True
7872,0.686,0.5458,0.3744,Someone_leans_down_to_touch_their_toes_and_stands_back_up,67,True
7873,0.5832,0.642,0.3744,A_person_pushes_an_object_that_is_hard_to_lift,15,True
7874,0.7104,0.527,0.3744,A_person_raises_the_right_arm_to_touch_their_head,63,True
7875,0.7713,0.4855,0.3745,Someone_waves_with_their_left_arm,5,True
7876,0.7067,0.5301,0.3746,An_individual_raises_their_right_arm_to_make_contact_with_their_head,73,True
7877,0.5722,0.6548,0.3747,A_person_moves_a_heavy_object_by_pushing,51,True
7878,0.5902,0.6348,0.3747,An_individual_makes_a_high_jump,19,True
7879,0.6956,0.5387,0.3747,An_individual_engages_in_push-ups,89,True
7880,0.5953,0.6296,0.3748,An_individual_makes_a_high_jump,30,True
7881,0.5353,0.7001,0.3748,A_person_jumps_very_high,14,True
7882,0.5574,0.6725,0.3749,An_individual_makes_a_high_jump,17,True
7883,0.5808,0.6455,0.3749,A_person_does_a_forward_roll_and_gets_up,78,True
7884,0.6659,0.563,0.3749,A_person_turns_around_in_a_pirouette,34,True
7885,0.6339,0.5915,0.375,A_person_creates_a_clapping_noise_with_their_hands,17,True
7886,0.6563,0.5714,0.375,An_individual_dances_a_pirouette,29,True
7887,0.6225,0.6025,0.3751,Someone_leans_down_to_touch_their_toes_and_stands_back_up,8,True
7888,0.7222,0.5193,0.3751,Someone_raises_their_right_arm_to_reach_their_head,45,True
7889,0.679,0.5524,0.3751,A_person_carries_out_push-ups,54,True
7890,0.6776,0.5537,0.3751,A_person_rolls_ahead_and_gets_back_on_their_feet,78,True
7891,0.7579,0.495,0.3751,Someone_waves_their_left_arm,75,True
7892,0.7488,0.5011,0.3752,A_person_positions_their_right_arm_to_touch_their_head,5,True
7893,0.7329,0.512,0.3752,An_individual_waves_hello_with_their_left_arm,68,True
7894,0.661,0.5676,0.3752,Someone_leans_down_to_touch_their_toes_and_stands_back_up,5,True
7895,0.7412,0.5063,0.3753,An_individual_brings_their_knee_close_to_their_chest,19,True
7896,0.5708,0.6576,0.3753,An_individual_rolls_forward_and_rises,23,True
7897,0.6824,0.5502,0.3754,Someone_gestures_with_their_left_arm,81,True
7898,0.7184,0.5227,0.3755,A_person_does_push-ups,19,True
7899,0.6246,0.6012,0.3755,A_person_turns_around_in_a_pirouette,4,True
7900,0.7285,0.5154,0.3755,An_individual_waves_hello_with_their_left_arm,73,True
7901,0.6542,0.5739,0.3755,Someone_performs_a_forward_roll_and_then_stands,11,True
7902,0.6734,0.5578,0.3756,A_person_spins_in_a_pirouette,74,True
7903,0.6368,0.5898,0.3756,Someone_brings_their_hands_together_to_clap,70,True
7904,0.655,0.5734,0.3756,An_individual_extends_their_right_arm_to_their_head,13,True
7905,0.7599,0.4944,0.3757,A_person_lifts_their_right_arm_to_touch_their_head,81,True
7906,0.6213,0.6047,0.3757,An_individual_touches_their_toes_and_returns_to_a_standing_position,70,True
7907,0.6924,0.5426,0.3757,An_individual_waves_hello_with_their_left_arm,50,True
7908,0.6026,0.6235,0.3757,A_person_reaches_for_their_toes_and_gets_back_up,89,True
7909,0.7508,0.5005,0.3758,Someone_waves_with_their_left_arm,59,True
7910,0.7152,0.5254,0.3758,Someone_lifts_their_right_arm_and_touches_their_head,5,True
7911,0.6204,0.6058,0.3758,Someone_leaps_up_high,97,True
7912,0.5834,0.6441,0.3758,A_person_does_a_forward_roll_and_gets_up,54,True
7913,0.6734,0.558,0.3758,A_person_is_completing_push-ups,6,True
7914,0.7244,0.5188,0.3758,Someone_raises_their_right_arm_to_reach_their_head,30,True
7915,0.6249,0.6015,0.3759,Someone_does_a_quick_spin_in_a_pirouette,89,True
7916,0.5644,0.666,0.3759,A_person_does_a_high_jump,84,True
7917,0.7584,0.4958,0.3761,Someone_waves_with_their_left_arm,66,True
7918,0.6519,0.5769,0.3761,A_person_creates_a_clapping_noise_with_their_hands,96,True
7919,0.7684,0.4896,0.3762,Someone_waves_with_their_left_arm,8,True
7920,0.6855,0.549,0.3764,A_person_practices_push-ups,85,True
7921,0.7918,0.4754,0.3764,Someone_waves_their_left_arm,91,True
7922,0.7835,0.4804,0.3764,Someone_waves_their_left_arm,28,True
7923,0.7645,0.4924,0.3764,An_individual_brings_their_right_arm_up_to_their_head,1,True
7924,0.6649,0.5661,0.3764,An_individual_extends_their_right_arm_to_their_head,73,True
7925,0.7267,0.5179,0.3764,An_individual_brings_their_right_arm_up_to_their_head,98,True
7926,0.619,0.6083,0.3765,An_individual_jumps_up_into_the_air,68,True
7927,0.7125,0.5284,0.3765,Someone_touches_their_toes_and_then_lifts_themselves_up,88,True
7928,0.5575,0.6754,0.3765,A_person_jumps_really_high,19,True
7929,0.6327,0.5953,0.3766,Someone_brings_their_knee_up_to_their_chest,14,True
7930,0.6622,0.5687,0.3766,A_person_spins_in_a_pirouette,82,True
7931,0.714,0.5274,0.3766,Someone_reaches_up_with_their_right_arm_to_their_head,47,True
7932,0.6662,0.5652,0.3766,A_person_bends_to_touch_their_toes_and_stands_again,95,True
7933,0.5878,0.6408,0.3767,An_individual_raises_their_right_arm_to_make_contact_with_their_head,46,True
7934,0.6379,0.5906,0.3768,Someone_leaps_up_high,73,True
7935,0.7262,0.5188,0.3768,Someone_brings_their_knee_up_to_their_chest,19,True
7936,0.7026,0.5363,0.3768,A_person_does_push-ups,3,True
7937,0.6242,0.6038,0.3769,Someone_shoves_a_weighty_object,78,True
7938,0.5645,0.6677,0.3769,A_person_applies_pressure_to_push_a_heavy_object,49,True
7939,0.6075,0.6204,0.3769,A_person_rolls_forward_and_returns_to_a_standing_position,80,True
7940,0.7066,0.5336,0.377,A_person_performs_push-ups,98,True
7941,0.5704,0.661,0.3771,An_individual_tries_to_push_a_heavy_thing,99,True
7942,0.7702,0.4897,0.3771,An_individual_brings_their_right_arm_up_to_their_head,50,True
7943,0.6545,0.5762,0.3771,Someone_brings_their_knee_up_to_their_chest,42,True
7944,0.7312,0.5157,0.3771,Someone_waves_their_left_arm,85,True
7945,0.5607,0.6728,0.3772,An_individual_puts_their_hands_together_to_clap,61,True
7946,0.7217,0.5227,0.3772,Someone_positions_their_knee_at_chest_height,10,True
7947,0.6773,0.5571,0.3773,An_individual_jumps_up_into_the_air,5,True
7948,0.748,0.5044,0.3773,Someone_waves_with_their_left_arm,38,True
7949,0.7105,0.5312,0.3774,An_individual_engages_in_push-ups,52,True
7950,0.6338,0.5955,0.3774,A_person_applies_pressure_to_push_a_heavy_object,36,True
7951,0.7535,0.501,0.3775,A_person_raises_the_right_arm_to_touch_their_head,41,True
7952,0.756,0.4994,0.3775,An_individual_brings_their_right_arm_up_to_their_head,75,True
7953,0.6432,0.5871,0.3776,A_person_swings_their_left_arm_back_and_forth,10,True
7954,0.5755,0.6561,0.3776,A_person_does_a_high_jump,36,True
7955,0.6453,0.5851,0.3776,An_individual_touches_their_toes_and_returns_to_a_standing_position,56,True
7956,0.728,0.5187,0.3776,Someone_gestures_with_their_left_arm,97,True
7957,0.7365,0.5126,0.3776,Someone_raises_their_right_arm_to_reach_their_head,13,True
7958,0.7492,0.5042,0.3777,A_person_positions_their_right_arm_to_touch_their_head,50,True
7959,0.7216,0.5234,0.3777,A_person_does_push-ups,23,True
7960,0.681,0.5547,0.3778,A_person_brings_their_right_arm_up_to_their_head,88,True
7961,0.6352,0.5948,0.3778,An_individual_hops_up_high,64,True
7962,0.7744,0.488,0.3779,Someone_waves_their_left_arm,32,True
7963,0.7019,0.5384,0.3779,A_person_spins_in_a_pirouette,13,True
7964,0.596,0.6341,0.378,A_person_jumps_very_high,39,True
7965,0.6637,0.5695,0.378,A_person_spins_in_a_pirouette,75,True
7966,0.7166,0.5276,0.3781,A_person_bends_to_touch_their_toes_and_stands_again,93,True
7967,0.6159,0.6138,0.3781,A_person_gives_a_round_of_applause,99,True
7968,0.675,0.5603,0.3782,A_person_pulls_their_knee_up_to_their_chest,6,True
7969,0.6699,0.5646,0.3782,A_person_performs_push-ups,18,True
7970,0.5945,0.6361,0.3782,An_individual_exerts_force_on_a_heavy_object,55,True
7971,0.6448,0.5865,0.3782,Someone_touches_their_toes_and_stands_back_up,66,True
7972,0.6512,0.581,0.3784,A_person_carries_out_push-ups,35,True
7973,0.6746,0.5609,0.3784,A_person_carries_out_push-ups,16,True
7974,0.6694,0.5653,0.3784,An_individual_engages_in_push-ups,7,True
7975,0.6642,0.5697,0.3784,Someone_applauds_by_clapping,18,True
7976,0.7382,0.5126,0.3784,An_individual_extends_their_right_arm_to_their_head,57,True
7977,0.6247,0.6058,0.3785,Someone_does_push-up_exercises,21,True
7978,0.6355,0.5955,0.3785,An_individual_does_a_turning_pirouette,99,True
7979,0.691,0.5478,0.3785,A_person_carries_out_push-ups,0,True
7980,0.6729,0.5624,0.3785,An_individual_jumps_up_into_the_air,94,True
7981,0.6575,0.5757,0.3785,A_person_performs_push-ups,61,True
7982,0.6513,0.5813,0.3786,A_person_carries_out_push-ups,51,True
7983,0.7192,0.5266,0.3787,An_individual_does_a_turning_pirouette,98,True
7984,0.5975,0.6338,0.3787,Someone_leaps_up_high,37,True
7985,0.6018,0.6293,0.3787,A_person_bends_their_leg_and_raises_their_knee_to_their_chest,57,True
7986,0.6406,0.5912,0.3787,A_person_creates_a_clapping_noise_with_their_hands,36,True
7987,0.5577,0.6793,0.3788,A_person_rolls_forward_and_returns_to_a_standing_position,68,True
7988,0.6804,0.5567,0.3788,A_person_spins_in_a_pirouette,55,True
7989,0.6874,0.5512,0.3789,A_person_is_completing_push-ups,85,True
7990,0.7223,0.5247,0.379,Someone_reaches_up_with_their_right_arm_to_their_head,40,True
7991,0.6779,0.5591,0.379,A_person_does_a_forward_roll_and_gets_up,85,True
7992,0.7075,0.5359,0.3791,An_individual_engages_in_push-ups,57,True
7993,0.6287,0.6031,0.3791,Someone_makes_a_clapping_sound,95,True
7994,0.7052,0.5376,0.3791,A_person_raises_the_right_arm_to_touch_their_head,0,True
7995,0.6369,0.5952,0.3791,A_person_spins_in_a_pirouette,92,True
7996,0.7765,0.4883,0.3792,Someone_waves_with_their_left_arm,58,True
7997,0.7492,0.5062,0.3792,A_person_brings_their_right_arm_up_to_their_head,0,True
7998,0.6268,0.6052,0.3793,An_individual_makes_a_clapping_motion,45,True
7999,0.6833,0.5552,0.3794,A_person_practices_push-ups,53,True
8000,0.8076,0.4701,0.3796,Someone_waves_their_left_arm,82,True
8001,0.6898,0.5505,0.3797,A_person_raises_the_right_arm_to_touch_their_head,62,True
8002,0.6601,0.5754,0.3798,Someone_shoves_a_weighty_object,4,True
8003,0.6962,0.5455,0.3798,A_person_practices_push-ups,3,True
8004,0.561,0.677,0.3798,An_individual_makes_a_clapping_motion,60,True
8005,0.6086,0.6242,0.3799,Someone_leans_down_to_touch_their_toes_and_stands_back_up,58,True
8006,0.7314,0.5195,0.3799,Someone_waves_with_their_left_arm,6,True
8007,0.7604,0.4996,0.3799,A_person_brings_their_right_arm_up_to_their_head,6,True
8008,0.7594,0.5003,0.38,A_person_lifts_their_right_arm_to_touch_their_head,65,True
8009,0.7256,0.5238,0.38,An_individual_engages_in_push-ups,47,True
8010,0.6862,0.5538,0.38,A_person_spins_in_a_pirouette,61,True
8011,0.7513,0.506,0.3801,An_individual_waves_hello_with_their_left_arm,48,True
8012,0.6982,0.5444,0.3801,A_person_brings_their_right_arm_up_to_their_head,11,True
8013,0.7444,0.5108,0.3802,Someone_waves_with_their_left_arm,52,True
8014,0.7697,0.4939,0.3802,A_person_moves_their_right_arm_to_touch_their_head,35,True
8015,0.7112,0.5348,0.3803,An_individual_waves_hello_with_their_left_arm,17,True
8016,0.7463,0.5097,0.3804,Someone_lifts_their_right_arm_and_touches_their_head,22,True
8017,0.6869,0.5539,0.3804,A_person_practices_push-ups,27,True
8018,0.7274,0.523,0.3804,Someone_reaches_up_with_their_right_arm_to_their_head,67,True
8019,0.7578,0.502,0.3804,Someone_waves_their_left_arm,62,True
8020,0.575,0.6616,0.3804,A_person_jumps_very_high,87,True
8021,0.5782,0.6578,0.3804,A_person_does_a_high_jump,26,True
8022,0.6339,0.6003,0.3805,A_person_does_a_forward_roll_and_gets_up,6,True
8023,0.5912,0.6435,0.3805,An_individual_touches_their_toes_and_returns_to_a_standing_position,30,True
8024,0.6861,0.5546,0.3805,A_person_does_push-ups,48,True
8025,0.6891,0.5522,0.3805,A_person_is_completing_push-ups,11,True
8026,0.6849,0.5556,0.3805,A_person_practices_push-ups,0,True
8027,0.7063,0.5388,0.3806,An_individual_waves_hello_with_their_left_arm,72,True
8028,0.68,0.5599,0.3807,A_person_carries_out_push-ups,44,True
8029,0.7245,0.5255,0.3807,A_person_raises_the_right_arm_to_touch_their_head,68,True
8030,0.6297,0.6046,0.3807,Someone_leaps_up_high,68,True
8031,0.5995,0.6351,0.3808,An_individual_exerts_force_on_a_heavy_object,18,True
8032,0.6474,0.5882,0.3808,A_person_is_completing_push-ups,34,True
8033,0.7324,0.52,0.3808,A_person_spins_in_a_pirouette,49,True
8034,0.7408,0.5142,0.381,Someone_raises_their_right_arm_to_reach_their_head,74,True
8035,0.6956,0.5478,0.381,A_person_spins_in_a_pirouette,46,True
8036,0.5725,0.6657,0.3811,Someone_makes_a_clapping_sound,33,True
8037,0.6246,0.6102,0.3811,Someone_makes_a_full_turn_in_a_pirouette,84,True
8038,0.6622,0.5754,0.3811,A_person_creates_a_clapping_noise_with_their_hands,37,True
8039,0.703,0.5422,0.3812,An_individual_brings_their_right_arm_up_to_their_head,60,True
8040,0.7411,0.5144,0.3812,Someone_reaches_up_with_their_right_arm_to_their_head,97,True
8041,0.6954,0.5483,0.3813,A_person_carries_out_push-ups,66,True
8042,0.7229,0.5275,0.3813,A_person_turns_around_in_a_pirouette,81,True
8043,0.7296,0.5226,0.3813,An_individual_waves_hello_with_their_left_arm,26,True
8044,0.7474,0.5101,0.3813,A_person_lifts_their_right_arm_to_touch_their_head,12,True
8045,0.7653,0.4982,0.3813,A_person_lifts_their_right_arm_to_touch_their_head,40,True
8046,0.7384,0.5164,0.3814,A_person_moves_their_right_arm_to_touch_their_head,63,True
8047,0.5565,0.6854,0.3814,A_person_jumps_really_high,9,True
8048,0.6214,0.6138,0.3814,An_individual_puts_their_hands_together_to_clap,73,True
8049,0.6105,0.6247,0.3814,Someone_makes_a_clapping_sound,57,True
8050,0.61,0.6254,0.3815,A_person_does_a_high_jump,41,True
8051,0.6659,0.5729,0.3815,A_person_applies_pressure_to_push_a_heavy_object,74,True
8052,0.5877,0.6492,0.3815,Someone_gestures_with_their_left_arm,91,True
8053,0.7432,0.5134,0.3816,An_individual_is_doing_push-ups,36,True
8054,0.6347,0.6014,0.3817,Someone_makes_a_clapping_sound,7,True
8055,0.6994,0.5458,0.3817,A_person_raises_the_right_arm_to_touch_their_head,52,True
8056,0.5922,0.6446,0.3817,An_individual_puts_their_hands_together_to_clap,8,True
8057,0.736,0.5188,0.3818,A_person_does_push-ups,4,True
8058,0.6376,0.5988,0.3818,Someone_leans_down_to_touch_their_toes_and_stands_back_up,54,True
8059,0.5709,0.6689,0.3819,Someone_makes_a_clapping_sound,87,True
8060,0.6382,0.5984,0.3819,An_individual_raises_their_right_arm_to_make_contact_with_their_head,56,True
8061,0.6928,0.5514,0.382,Someone_gestures_with_their_left_arm,82,True
8062,0.7382,0.5175,0.382,A_person_moves_their_right_arm_to_touch_their_head,58,True
8063,0.6927,0.5514,0.382,A_person_raises_the_right_arm_to_touch_their_head,46,True
8064,0.6113,0.6249,0.382,An_individual_jumps_up_into_the_air,76,True
8065,0.6948,0.5501,0.3822,An_individual_engages_in_push-ups,68,True
8066,0.5974,0.64,0.3824,A_person_does_a_forward_roll_and_gets_up,87,True
8067,0.6886,0.5553,0.3824,An_individual_lifts_a_knee_up_to_their_chest,21,True
8068,0.7097,0.5388,0.3824,An_individual_extends_their_right_arm_to_their_head,9,True
8069,0.7592,0.5036,0.3824,An_individual_brings_their_right_arm_up_to_their_head,22,True
8070,0.7268,0.5262,0.3825,A_person_raises_the_right_arm_to_touch_their_head,99,True
8071,0.655,0.5839,0.3825,A_person_jumps_straight_up,39,True
8072,0.7099,0.5389,0.3825,An_individual_is_doing_push-ups,45,True
8073,0.6986,0.5476,0.3825,An_individual_extends_their_right_arm_to_their_head,0,True
8074,0.7297,0.5245,0.3827,Someone_reaches_up_with_their_right_arm_to_their_head,89,True
8075,0.5378,0.7118,0.3828,An_individual_rolls_forward_and_rises,70,True
8076,0.6924,0.5529,0.3828,A_person_carries_out_push-ups,8,True
8077,0.727,0.5265,0.3828,A_person_lifts_their_right_arm_to_touch_their_head,80,True
8078,0.6583,0.5814,0.3828,A_person_is_completing_push-ups,10,True
8079,0.7101,0.5391,0.3829,A_person_does_push-ups,42,True
8080,0.6464,0.5924,0.3829,A_person_swings_their_left_arm_back_and_forth,9,True
8081,0.624,0.6136,0.3829,A_person_claps_their_hands,61,True
8082,0.6546,0.5851,0.383,An_individual_jumps_up_into_the_air,90,True
8083,0.6468,0.5923,0.3831,A_person_performs_push-ups,21,True
8084,0.6957,0.5506,0.3831,A_person_is_completing_push-ups,40,True
8085,0.571,0.6709,0.3831,Someone_makes_a_clapping_sound,83,True
8086,0.6899,0.5555,0.3832,A_person_spins_in_a_pirouette,54,True
8087,0.6948,0.5515,0.3832,A_person_practices_push-ups,8,True
8088,0.6235,0.6148,0.3833,Someone_makes_a_clapping_sound,58,True
8089,0.654,0.5861,0.3833,An_individual_makes_a_high_jump,0,True
8090,0.6253,0.613,0.3833,Someone_gestures_with_their_left_arm,76,True
8091,0.6524,0.5876,0.3833,A_person_spins_in_a_pirouette,22,True
8092,0.7623,0.5029,0.3833,Someone_waves_with_their_left_arm,35,True
8093,0.7277,0.5268,0.3834,Someone_gestures_with_their_left_arm,24,True
8094,0.7096,0.5403,0.3834,A_person_raises_the_right_arm_to_touch_their_head,32,True
8095,0.6838,0.5606,0.3834,An_individual_lifts_a_knee_up_to_their_chest,9,True
8096,0.6489,0.591,0.3835,A_person_stretches_to_touch_their_toes_and_then_rises,3,True
8097,0.5923,0.6477,0.3836,An_individual_puts_their_hands_together_to_clap,92,True
8098,0.7654,0.5013,0.3837,Someone_waves_with_their_left_arm,3,True
8099,0.6255,0.6135,0.3838,Someone_does_a_quick_spin_in_a_pirouette,79,True
8100,0.657,0.5845,0.384,A_person_spins_in_a_pirouette,96,True
8101,0.6924,0.5546,0.384,An_individual_engages_in_push-ups,72,True
8102,0.7303,0.5258,0.384,A_person_brings_their_right_arm_up_to_their_head,46,True
8103,0.773,0.4968,0.384,An_individual_brings_their_right_arm_up_to_their_head,78,True
8104,0.7298,0.5263,0.3841,An_individual_does_a_turning_pirouette,54,True
8105,0.7074,0.5431,0.3842,A_person_practices_push-ups,1,True
8106,0.5639,0.6814,0.3842,An_individual_pushes_a_heavy_item,81,True
8107,0.7269,0.5287,0.3843,A_person_lifts_their_right_arm_to_touch_their_head,9,True
8108,0.6044,0.636,0.3844,An_individual_makes_a_high_jump,82,True
8109,0.5915,0.6499,0.3844,An_individual_jumps_up_into_the_air,43,True
8110,0.8158,0.4713,0.3845,Someone_waves_their_left_arm,67,True
8111,0.771,0.4987,0.3845,Someone_waves_with_their_left_arm,60,True
8112,0.7164,0.5367,0.3845,Someone_executes_push-ups,5,True
8113,0.7241,0.531,0.3845,An_individual_brings_their_knee_close_to_their_chest,30,True
8114,0.5954,0.6458,0.3845,An_individual_tumbles_forward_and_then_gets_up,5,True
8115,0.6555,0.5866,0.3845,An_individual_hops_up_high,72,True
8116,0.6588,0.5839,0.3847,Someone_makes_a_clapping_sound,99,True
8117,0.7724,0.4982,0.3848,An_individual_brings_their_right_arm_up_to_their_head,21,True
8118,0.6913,0.5566,0.3848,Someone_brings_their_knee_up_to_their_chest,50,True
8119,0.6365,0.6045,0.3848,An_individual_jumps_up_into_the_air,89,True
8120,0.6911,0.557,0.3849,A_person_spins_in_a_pirouette,21,True
8121,0.704,0.5468,0.385,A_person_carries_out_push-ups,18,True
8122,0.6765,0.5693,0.3851,A_person_creates_a_clapping_noise_with_their_hands,99,True
8123,0.7509,0.5128,0.3851,Someone_raises_their_right_arm_to_reach_their_head,98,True
8124,0.6346,0.6069,0.3851,Someone_gestures_with_their_left_arm,17,True
8125,0.6251,0.616,0.3851,A_person_does_a_high_jump,67,True
8126,0.7087,0.5436,0.3852,Someone_positions_their_knee_at_chest_height,15,True
8127,0.7225,0.5331,0.3852,A_person_carries_out_push-ups,64,True
8128,0.707,0.5449,0.3852,A_person_does_push-ups,96,True
8129,0.6767,0.5692,0.3852,A_person_carries_out_push-ups,42,True
8130,0.6994,0.5507,0.3852,Someone_executes_push-ups,64,True
8131,0.7469,0.5159,0.3853,Someone_waves_their_left_arm,97,True
8132,0.7501,0.514,0.3855,An_individual_waves_hello_with_their_left_arm,33,True
8133,0.59,0.6537,0.3857,A_person_jumps_very_high,29,True
8134,0.6213,0.6207,0.3857,An_individual_exerts_force_on_a_heavy_object,88,True
8135,0.6998,0.5511,0.3857,An_individual_lifts_a_knee_up_to_their_chest,7,True
8136,0.7066,0.5459,0.3857,An_individual_does_a_turning_pirouette,60,True
8137,0.6723,0.5738,0.3857,A_person_turns_around_in_a_pirouette,74,True
8138,0.7266,0.5309,0.3858,A_person_moves_their_right_arm_to_touch_their_head,78,True
8139,0.5749,0.6711,0.3858,An_individual_makes_a_high_jump,46,True
8140,0.6284,0.6139,0.3858,Someone_makes_a_clapping_sound,71,True
8141,0.6776,0.5695,0.3859,A_person_carries_out_push-ups,45,True
8142,0.5993,0.644,0.3859,A_person_jumps_very_high,84,True
8143,0.6977,0.5531,0.3859,Someone_executes_push-ups,26,True
8144,0.65,0.5939,0.386,A_person_swings_their_left_arm_back_and_forth,74,True
8145,0.7578,0.5094,0.386,Someone_raises_their_right_arm_to_reach_their_head,17,True
8146,0.7561,0.5105,0.386,A_person_brings_their_right_arm_up_to_their_head,44,True
8147,0.6854,0.5632,0.386,Someone_gestures_with_their_left_arm,6,True
8148,0.6845,0.5641,0.3861,A_person_carries_out_push-ups,11,True
8149,0.6953,0.5553,0.3861,An_individual_engages_in_push-ups,10,True
8150,0.7503,0.5147,0.3862,Someone_lifts_their_right_arm_and_touches_their_head,26,True
8151,0.7073,0.5462,0.3863,A_person_raises_the_right_arm_to_touch_their_head,7,True
8152,0.6812,0.5672,0.3864,An_individual_engages_in_push-ups,15,True
8153,0.5667,0.6824,0.3867,A_person_does_a_high_jump,55,True
8154,0.6006,0.6442,0.3869,An_individual_touches_their_toes_and_returns_to_a_standing_position,42,True
8155,0.7061,0.5479,0.3869,An_individual_engages_in_push-ups,31,True
8156,0.7292,0.5306,0.3869,Someone_raises_their_right_arm_to_reach_their_head,66,True
8157,0.7838,0.4938,0.387,Someone_lifts_their_right_arm_and_touches_their_head,17,True
8158,0.6818,0.5676,0.387,A_person_spins_in_a_pirouette,41,True
8159,0.6197,0.6247,0.3871,An_individual_makes_a_high_jump,9,True
8160,0.693,0.5588,0.3872,Someone_gestures_with_their_left_arm,75,True
8161,0.5645,0.6861,0.3873,Someone_makes_a_clapping_sound,75,True
8162,0.7733,0.5008,0.3873,Someone_waves_their_left_arm,96,True
8163,0.7143,0.5424,0.3874,A_person_does_push-ups,12,True
8164,0.5645,0.6863,0.3874,A_person_does_a_high_jump,0,True
8165,0.6593,0.5877,0.3875,A_person_swings_their_left_arm_back_and_forth,96,True
8166,0.5587,0.6935,0.3875,A_person_does_a_high_jump,10,True
8167,0.7537,0.5142,0.3875,An_individual_brings_their_right_arm_up_to_their_head,45,True
8168,0.7086,0.547,0.3876,Someone_shoves_a_weighty_object,77,True
8169,0.6098,0.6356,0.3876,An_individual_touches_their_toes_and_returns_to_a_standing_position,58,True
8170,0.6336,0.6118,0.3876,An_individual_jumps_up_into_the_air,87,True
8171,0.7307,0.5305,0.3876,An_individual_waves_hello_with_their_left_arm,55,True
8172,0.6619,0.5857,0.3877,A_person_creates_a_clapping_noise_with_their_hands,72,True
8173,0.6679,0.5804,0.3877,Someone_applauds_by_clapping,63,True
8174,0.6643,0.5836,0.3877,A_person_is_completing_push-ups,48,True
8175,0.7504,0.5166,0.3877,An_individual_waves_hello_with_their_left_arm,31,True
8176,0.7031,0.5515,0.3877,Someone_reaches_up_with_their_right_arm_to_their_head,34,True
8177,0.6731,0.5763,0.3879,A_person_stretches_to_touch_their_toes_and_then_rises,82,True
8178,0.6986,0.5552,0.3879,A_person_carries_out_push-ups,29,True
8179,0.7112,0.5456,0.388,A_person_carries_out_push-ups,4,True
8180,0.6156,0.6303,0.388,A_person_does_a_forward_roll_and_gets_up,16,True
8181,0.6003,0.6468,0.3882,A_person_does_a_high_jump,56,True
8182,0.6358,0.6108,0.3883,Someone_touches_their_toes_and_then_lifts_themselves_up,26,True
8183,0.7701,0.5042,0.3883,Someone_moves_their_left_arm_to_greet,2,True
8184,0.6256,0.6206,0.3883,Someone_gestures_with_their_left_arm,89,True
8185,0.6522,0.5954,0.3883,An_individual_hops_up_high,45,True
8186,0.724,0.5365,0.3884,A_person_does_push-ups,97,True
8187,0.7455,0.5213,0.3886,A_person_brings_their_right_arm_up_to_their_head,99,True
8188,0.6631,0.5861,0.3886,Someone_performs_a_forward_roll_and_then_stands,34,True
8189,0.7678,0.5061,0.3886,Someone_waves_their_left_arm,53,True
8190,0.7541,0.5155,0.3887,Someone_reaches_up_with_their_right_arm_to_their_head,23,True
8191,0.7309,0.532,0.3888,A_person_moves_their_right_arm_to_touch_their_head,77,True
8192,0.6923,0.5616,0.3888,An_individual_is_doing_push-ups,18,True
8193,0.5928,0.6558,0.3888,A_person_jumps_very_high,7,True
8194,0.7307,0.5323,0.3889,An_individual_waves_hello_with_their_left_arm,98,True
8195,0.6388,0.6089,0.3889,A_person_lifts_their_left_arm_to_signal,96,True
8196,0.6879,0.5653,0.3889,A_person_is_completing_push-ups,17,True
8197,0.774,0.5026,0.389,Someone_lifts_their_right_arm_and_touches_their_head,49,True
8198,0.694,0.5605,0.389,An_individual_does_a_set_of_push-ups,93,True
8199,0.6923,0.5619,0.389,An_individual_lifts_a_knee_up_to_their_chest,18,True
8200,0.6233,0.6242,0.3891,An_individual_raises_their_right_arm_to_make_contact_with_their_head,8,True
8201,0.7527,0.517,0.3891,An_individual_brings_their_right_arm_up_to_their_head,59,True
8202,0.6163,0.6316,0.3892,A_person_does_a_high_jump,45,True
8203,0.7603,0.512,0.3893,Someone_raises_their_right_arm_to_reach_their_head,42,True
8204,0.7652,0.5087,0.3893,Someone_waves_with_their_left_arm,10,True
8205,0.8234,0.4728,0.3893,Someone_waves_with_their_left_arm,15,True
8206,0.6799,0.5726,0.3893,An_individual_jumps_up_into_the_air,1,True
8207,0.724,0.538,0.3895,An_individual_engages_in_push-ups,78,True
8208,0.698,0.5581,0.3896,An_individual_is_doing_push-ups,50,True
8209,0.6255,0.6229,0.3896,An_individual_dances_a_pirouette,0,True
8210,0.6981,0.558,0.3896,Someone_bends_down_to_touch_their_toes_and_then_stands_up,63,True
8211,0.7039,0.5536,0.3897,A_person_spins_in_a_pirouette,73,True
8212,0.6479,0.6015,0.3897,A_person_spins_in_a_pirouette,20,True
8213,0.7389,0.5275,0.3898,Someone_brings_their_knee_up_to_their_chest,9,True
8214,0.7289,0.5348,0.3898,An_individual_is_doing_push-ups,42,True
8215,0.7115,0.548,0.3899,An_individual_extends_their_right_arm_to_their_head,7,True
8216,0.661,0.5902,0.3901,An_individual_raises_their_right_arm_to_make_contact_with_their_head,10,True
8217,0.6942,0.562,0.3902,Someone_executes_push-ups,18,True
8218,0.6214,0.6281,0.3903,An_individual_makes_a_high_jump,6,True
8219,0.7692,0.5074,0.3903,Someone_raises_their_right_arm_to_reach_their_head,2,True
8220,0.6629,0.5887,0.3903,Someone_leans_down_to_touch_their_toes_and_stands_back_up,49,True
8221,0.7833,0.4982,0.3903,A_person_brings_their_right_arm_up_to_their_head,96,True
8222,0.6563,0.5949,0.3904,A_person_is_completing_push-ups,60,True
8223,0.668,0.5846,0.3905,Someone_gestures_with_their_left_arm,12,True
8224,0.6602,0.5914,0.3905,A_person_bends_to_touch_their_toes_and_stands_again,22,True
8225,0.7445,0.5245,0.3905,Someone_reaches_up_with_their_right_arm_to_their_head,74,True
8226,0.7858,0.4969,0.3905,Someone_lifts_their_right_arm_and_touches_their_head,88,True
8227,0.5526,0.7068,0.3906,An_individual_rolls_forward_and_rises,50,True
8228,0.615,0.6351,0.3906,A_person_stretches_to_touch_their_toes_and_then_rises,71,True
8229,0.7842,0.4981,0.3906,Someone_waves_their_left_arm,18,True
8230,0.7657,0.5102,0.3907,Someone_reaches_up_with_their_right_arm_to_their_head,43,True
8231,0.6231,0.627,0.3907,A_person_claps_their_hands,43,True
8232,0.7964,0.4906,0.3907,An_individual_brings_their_right_arm_up_to_their_head,10,True
8233,0.628,0.6222,0.3908,A_person_claps_their_hands,66,True
8234,0.7804,0.5007,0.3908,An_individual_brings_their_right_arm_up_to_their_head,54,True
8235,0.6449,0.6061,0.3908,A_person_lifts_their_left_arm_to_signal,90,True
8236,0.7295,0.5358,0.3909,An_individual_brings_their_knee_close_to_their_chest,58,True
8237,0.723,0.5408,0.391,An_individual_engages_in_push-ups,58,True
8238,0.6214,0.6292,0.391,Someone_gestures_with_their_left_arm,67,True
8239,0.6746,0.5797,0.391,An_individual_dances_a_pirouette,24,True
8240,0.6738,0.5805,0.3911,Someone_brings_their_knee_up_to_their_chest,6,True
8241,0.5614,0.6968,0.3912,An_individual_makes_a_high_jump,69,True
8242,0.6784,0.5766,0.3912,A_person_does_push-ups,64,True
8243,0.7047,0.5552,0.3913,An_individual_is_doing_push-ups,95,True
8244,0.7143,0.5477,0.3913,A_person_raises_the_right_arm_to_touch_their_head,70,True
8245,0.7446,0.5255,0.3913,A_person_lifts_their_right_arm_to_touch_their_head,38,True
8246,0.7574,0.5167,0.3913,An_individual_uses_their_left_arm_to_wave,33,True
8247,0.5708,0.6857,0.3914,A_person_jumps_really_high,99,True
8248,0.6722,0.5823,0.3914,A_person_carries_out_push-ups,12,True
8249,0.6254,0.6261,0.3915,An_individual_hops_up_high,26,True
8250,0.6984,0.5606,0.3915,Someone_gestures_with_their_left_arm,32,True
8251,0.6847,0.5718,0.3915,A_person_turns_around_in_a_pirouette,24,True
8252,0.6104,0.6415,0.3916,A_person_goes_up_into_the_air,20,True
8253,0.6993,0.5599,0.3916,An_individual_is_doing_push-ups,73,True
8254,0.7328,0.5344,0.3916,A_person_brings_their_right_arm_up_to_their_head,81,True
8255,0.7596,0.5156,0.3916,A_person_moves_their_right_arm_to_touch_their_head,70,True
8256,0.6506,0.6021,0.3917,A_person_stretches_to_touch_their_toes_and_then_rises,77,True
8257,0.7441,0.5266,0.3918,An_individual_waves_hello_with_their_left_arm,38,True
8258,0.7177,0.546,0.3919,An_individual_waves_hello_with_their_left_arm,93,True
8259,0.7939,0.4936,0.3919,Someone_waves_their_left_arm,78,True
8260,0.6428,0.6097,0.3919,An_individual_makes_a_clapping_motion,22,True
8261,0.7402,0.5294,0.3919,An_individual_uses_their_left_arm_to_wave,7,True
8262,0.6039,0.649,0.3919,An_individual_makes_a_high_jump,76,True
8263,0.6376,0.6147,0.392,A_person_creates_a_clapping_noise_with_their_hands,44,True
8264,0.5846,0.6704,0.392,Someone_positions_their_knee_at_chest_height,44,True
8265,0.695,0.5641,0.3921,A_person_spins_in_a_pirouette,91,True
8266,0.7008,0.5596,0.3921,A_person_practices_push-ups,59,True
8267,0.7092,0.5531,0.3922,An_individual_waves_hello_with_their_left_arm,97,True
8268,0.6936,0.5653,0.3922,A_person_jumps_straight_up,23,True
8269,0.7244,0.5417,0.3924,An_individual_waves_hello_with_their_left_arm,9,True
8270,0.7275,0.5394,0.3924,Someone_brings_their_knee_up_to_their_chest,15,True
8271,0.7056,0.5561,0.3924,Someone_gestures_with_their_left_arm,85,True
8272,0.7207,0.5446,0.3925,A_person_moves_their_right_arm_to_touch_their_head,3,True
8273,0.6675,0.588,0.3925,Someone_makes_a_clapping_sound,38,True
8274,0.7618,0.5152,0.3925,An_individual_engages_in_push-ups,8,True
8275,0.6906,0.5684,0.3926,A_person_spins_in_a_pirouette,0,True
8276,0.6734,0.5831,0.3927,Someone_positions_their_knee_at_chest_height,70,True
8277,0.6331,0.6203,0.3927,Someone_does_a_quick_spin_in_a_pirouette,91,True
8278,0.6129,0.6408,0.3928,Someone_leaps_up_high,50,True
8279,0.7282,0.5394,0.3928,A_person_raises_the_right_arm_to_touch_their_head,21,True
8280,0.768,0.5116,0.3929,Someone_waves_with_their_left_arm,32,True
8281,0.5909,0.6649,0.3929,A_person_jumps_really_high,78,True
8282,0.7471,0.526,0.393,A_person_moves_their_right_arm_to_touch_their_head,73,True
8283,0.6161,0.6378,0.393,Someone_makes_a_clapping_sound,30,True
8284,0.5964,0.6589,0.393,Someone_touches_their_toes_and_then_lifts_themselves_up,44,True
8285,0.6299,0.624,0.3931,An_individual_hops_up_high,17,True
8286,0.5755,0.6831,0.3931,An_individual_pushes_a_heavy_item,5,True
8287,0.7219,0.5446,0.3931,An_individual_does_a_set_of_push-ups,41,True
8288,0.6717,0.5854,0.3932,An_individual_makes_a_clapping_motion,13,True
8289,0.7373,0.5333,0.3932,An_individual_waves_hello_with_their_left_arm,83,True
8290,0.6908,0.5694,0.3933,An_individual_does_a_set_of_push-ups,64,True
8291,0.6444,0.6104,0.3933,A_person_does_a_forward_roll_and_gets_up,29,True
8292,0.7159,0.5496,0.3934,Someone_moves_their_left_arm_to_greet,33,True
8293,0.608,0.6469,0.3934,A_person_applies_pressure_to_push_a_heavy_object,56,True
8294,0.6556,0.6,0.3934,A_person_spins_in_a_pirouette,64,True
8295,0.6268,0.6276,0.3934,An_individual_jumps_up_into_the_air,41,True
8296,0.729,0.5398,0.3935,An_individual_engages_in_push-ups,99,True
8297,0.7066,0.5569,0.3935,A_person_practices_push-ups,55,True
8298,0.6612,0.5951,0.3935,Someone_makes_a_clapping_sound,4,True
8299,0.7701,0.511,0.3935,An_individual_brings_their_right_arm_up_to_their_head,0,True
8300,0.7041,0.5589,0.3936,An_individual_is_doing_push-ups,12,True
8301,0.7446,0.5287,0.3936,A_person_lifts_their_right_arm_to_touch_their_head,57,True
8302,0.781,0.504,0.3936,Someone_waves_with_their_left_arm,24,True
8303,0.6684,0.5889,0.3936,An_individual_makes_a_clapping_motion,18,True
8304,0.7541,0.5219,0.3936,Someone_reaches_up_with_their_right_arm_to_their_head,94,True
8305,0.6307,0.624,0.3936,A_person_lifts_their_left_arm_to_signal,42,True
8306,0.7607,0.5175,0.3937,A_person_lifts_their_right_arm_to_touch_their_head,76,True
8307,0.7938,0.4961,0.3938,A_person_positions_their_right_arm_to_touch_their_head,59,True
8308,0.6598,0.5968,0.3938,A_person_creates_a_clapping_noise_with_their_hands,18,True
8309,0.6371,0.6183,0.3939,A_person_gives_a_round_of_applause,55,True
8310,0.7091,0.5555,0.3939,Someone_brings_their_knee_up_to_their_chest,65,True
8311,0.7206,0.5466,0.3939,A_person_is_completing_push-ups,76,True
8312,0.7323,0.538,0.394,Someone_moves_their_left_arm_to_greet,19,True
8313,0.7782,0.5063,0.394,Someone_waves_with_their_left_arm,18,True
8314,0.7242,0.5441,0.394,Someone_works_out_with_push-ups,23,True
8315,0.6605,0.5965,0.394,A_person_bends_their_leg_and_raises_their_knee_to_their_chest,12,True
8316,0.7159,0.5504,0.394,An_individual_waves_hello_with_their_left_arm,3,True
8317,0.6519,0.6045,0.3941,A_person_is_completing_push-ups,33,True
8318,0.7197,0.5478,0.3943,A_person_raises_the_right_arm_to_touch_their_head,76,True
8319,0.5798,0.6805,0.3945,An_individual_pushes_a_heavy_item,14,True
8320,0.6263,0.6299,0.3945,Someone_leaps_up_high,94,True
8321,0.6724,0.5868,0.3946,Someone_gestures_with_their_left_arm,66,True
8322,0.7961,0.4958,0.3947,An_individual_extends_their_right_arm_to_their_head,48,True
8323,0.6576,0.6002,0.3947,A_person_bends_to_touch_their_toes_and_stands_again,56,True
8324,0.7359,0.5363,0.3947,A_person_does_push-ups,29,True
8325,0.7583,0.5205,0.3947,A_person_raises_the_right_arm_to_touch_their_head,5,True
8326,0.5858,0.6737,0.3947,An_individual_pushes_something_heavy,82,True
8327,0.7817,0.5049,0.3947,Someone_waves_with_their_left_arm,61,True
8328,0.6219,0.6347,0.3947,An_individual_makes_a_clapping_motion,82,True
8329,0.6403,0.6168,0.3949,An_individual_makes_a_high_jump,54,True
8330,0.6183,0.6387,0.3949,A_person_does_a_forward_roll_and_gets_up,86,True
8331,0.6488,0.6088,0.395,Someone_makes_a_clapping_sound,90,True
8332,0.6406,0.6166,0.395,Someone_makes_a_clapping_sound,48,True
8333,0.7372,0.5359,0.395,Someone_reaches_up_with_their_right_arm_to_their_head,8,True
8334,0.6816,0.5796,0.3951,A_person_swings_their_left_arm_back_and_forth,42,True
8335,0.7519,0.5254,0.3951,An_individual_waves_hello_with_their_left_arm,43,True
8336,0.644,0.6136,0.3951,An_individual_dances_a_pirouette,21,True
8337,0.6494,0.6084,0.3951,A_person_creates_a_clapping_noise_with_their_hands,42,True
8338,0.7241,0.5456,0.3951,Someone_executes_push-ups,24,True
8339,0.7283,0.5426,0.3952,A_person_practices_push-ups,15,True
8340,0.6122,0.6455,0.3952,Someone_makes_a_full_turn_in_a_pirouette,96,True
8341,0.7712,0.5126,0.3953,An_individual_brings_their_right_arm_up_to_their_head,52,True
8342,0.7061,0.5598,0.3953,An_individual_lifts_a_knee_up_to_their_chest,6,True
8343,0.6068,0.6516,0.3954,A_person_does_a_high_jump,39,True
8344,0.6495,0.6087,0.3954,A_person_swings_their_left_arm_back_and_forth,37,True
8345,0.675,0.5858,0.3954,A_person_is_completing_push-ups,0,True
8346,0.6617,0.5976,0.3954,Someone_pushes_off_the_ground_and_rises,89,True
8347,0.7528,0.5253,0.3954,An_individual_brings_their_right_arm_up_to_their_head,13,True
8348,0.6295,0.6283,0.3955,A_person_does_a_high_jump,94,True
8349,0.6551,0.6037,0.3955,A_person_creates_a_clapping_noise_with_their_hands,57,True
8350,0.727,0.5442,0.3956,Someone_brings_their_knee_up_to_their_chest,43,True
8351,0.6321,0.6258,0.3956,An_individual_jumps_up_into_the_air,82,True
8352,0.6652,0.5946,0.3956,A_person_creates_a_clapping_noise_with_their_hands,45,True
8353,0.5782,0.6841,0.3956,A_person_jumps_very_high,51,True
8354,0.7824,0.5059,0.3958,Someone_waves_with_their_left_arm,79,True
8355,0.7295,0.5425,0.3958,An_individual_is_doing_push-ups,3,True
8356,0.6855,0.5774,0.3958,Someone_leans_down_to_touch_their_toes_and_stands_back_up,11,True
8357,0.6549,0.6046,0.396,A_person_spins_in_a_pirouette,42,True
8358,0.7641,0.5182,0.396,An_individual_brings_their_right_arm_up_to_their_head,99,True
8359,0.6793,0.583,0.396,An_individual_dances_a_pirouette,36,True
8360,0.7183,0.5515,0.3961,Someone_applauds_by_clapping,69,True
8361,0.6901,0.5739,0.3961,A_person_is_completing_push-ups,32,True
8362,0.6451,0.614,0.3961,An_individual_jumps_up_into_the_air,77,True
8363,0.713,0.5557,0.3962,A_person_carries_out_push-ups,52,True
8364,0.6351,0.6237,0.3962,A_person_brings_their_knee_in_towards_their_chest,31,True
8365,0.7269,0.545,0.3962,Someone_works_out_with_push-ups,78,True
8366,0.7638,0.5189,0.3963,A_person_lifts_their_right_arm_to_touch_their_head,8,True
8367,0.689,0.5753,0.3963,Someone_gestures_with_their_left_arm,47,True
8368,0.5621,0.705,0.3963,A_person_jumps_really_high,83,True
8369,0.7019,0.5646,0.3963,An_individual_uses_their_left_arm_to_wave,92,True
8370,0.7623,0.5201,0.3965,A_person_positions_their_right_arm_to_touch_their_head,92,True
8371,0.7097,0.5588,0.3965,A_person_does_push-ups,63,True
8372,0.6735,0.5887,0.3965,Someone_applauds_by_clapping,43,True
8373,0.7379,0.5374,0.3965,A_person_brings_their_right_arm_up_to_their_head,38,True
8374,0.779,0.5091,0.3966,Someone_lifts_their_right_arm_and_touches_their_head,94,True
8375,0.6595,0.6014,0.3966,A_person_does_a_forward_roll_and_gets_up,84,True
8376,0.7482,0.5302,0.3967,A_person_lifts_their_right_arm_to_touch_their_head,60,True
8377,0.7614,0.521,0.3967,An_individual_extends_their_right_arm_to_their_head,34,True
8378,0.6718,0.5905,0.3967,Someone_rolls_in_a_forward_motion_and_stands_up,67,True
8379,0.667,0.5949,0.3968,An_individual_makes_a_clapping_motion,69,True
8380,0.7186,0.5522,0.3968,A_person_raises_the_right_arm_to_touch_their_head,96,True
8381,0.5818,0.6819,0.3968,Someone_makes_a_clapping_sound,3,True
8382,0.7471,0.5311,0.3968,An_individual_waves_hello_with_their_left_arm,1,True
8383,0.5789,0.6853,0.3968,A_person_jumps_very_high,23,True
8384,0.6488,0.6117,0.3969,An_individual_exerts_force_on_a_heavy_object,74,True
8385,0.7552,0.5257,0.397,An_individual_extends_their_right_arm_to_their_head,56,True
8386,0.753,0.5274,0.3972,A_person_moves_their_right_arm_to_touch_their_head,86,True
8387,0.6243,0.6364,0.3973,An_individual_hops_up_high,78,True
8388,0.5562,0.7143,0.3973,A_person_applies_pressure_to_push_a_heavy_object,96,True
8389,0.7188,0.5527,0.3973,Someone_reaches_up_with_their_right_arm_to_their_head,75,True
8390,0.6552,0.6066,0.3974,An_individual_tumbles_forward_and_then_gets_up,23,True
8391,0.7637,0.5204,0.3974,An_individual_waves_hello_with_their_left_arm,47,True
8392,0.6352,0.6257,0.3975,An_individual_makes_a_clapping_motion,28,True
8393,0.6929,0.5736,0.3975,Someone_executes_push-ups,27,True
8394,0.6208,0.6403,0.3975,An_individual_tries_to_push_a_heavy_thing,27,True
8395,0.7828,0.5079,0.3976,Someone_waves_their_left_arm,14,True
8396,0.6255,0.6358,0.3976,An_individual_hops_up_high,87,True
8397,0.6233,0.6378,0.3976,A_person_jumps_straight_up,18,True
8398,0.7411,0.5365,0.3976,Someone_raises_their_right_arm_to_reach_their_head,69,True
8399,0.7436,0.535,0.3978,An_individual_extends_their_right_arm_to_their_head,26,True
8400,0.7891,0.5041,0.3978,Someone_lifts_their_right_arm_and_touches_their_head,23,True
8401,0.7264,0.5476,0.3978,Someone_executes_push-ups,44,True
8402,0.6874,0.5788,0.3979,A_person_jumps_straight_up,45,True
8403,0.6805,0.5847,0.3979,An_individual_hops_up_high,8,True
8404,0.6576,0.6052,0.398,An_individual_makes_a_high_jump,8,True
8405,0.618,0.644,0.398,An_individual_hops_up_high,1,True
8406,0.7774,0.5122,0.3981,Someone_waves_their_left_arm,58,True
8407,0.7063,0.564,0.3984,A_person_turns_around_in_a_pirouette,25,True
8408,0.6332,0.6292,0.3984,An_individual_raises_their_right_arm_to_make_contact_with_their_head,99,True
8409,0.6553,0.6082,0.3985,An_individual_completes_a_pirouette,19,True
8410,0.734,0.5429,0.3985,Someone_works_out_with_push-ups,86,True
8411,0.6549,0.6087,0.3986,Someone_makes_a_clapping_sound,21,True
8412,0.7905,0.5042,0.3986,A_person_moves_their_right_arm_to_touch_their_head,95,True
8413,0.609,0.6545,0.3986,An_individual_jumps_up_into_the_air,15,True
8414,0.7031,0.5669,0.3986,Someone_touches_their_toes_and_then_lifts_themselves_up,53,True
8415,0.6464,0.6168,0.3987,An_individual_hops_up_high,38,True
8416,0.6983,0.571,0.3987,Someone_applauds_by_clapping,95,True
8417,0.607,0.6569,0.3987,An_individual_hops_up_high,34,True
8418,0.7243,0.5504,0.3987,Someone_executes_push-ups,62,True
8419,0.6582,0.6058,0.3987,An_individual_makes_a_clapping_motion,39,True
8420,0.7363,0.5416,0.3988,Someone_waves_their_left_arm,17,True
8421,0.7409,0.5382,0.3988,A_person_lifts_their_right_arm_to_touch_their_head,59,True
8422,0.6828,0.584,0.3988,Someone_brings_their_knee_up_to_their_chest,74,True
8423,0.5862,0.6804,0.3989,A_person_jumps_really_high,48,True
8424,0.5443,0.7329,0.3989,A_person_applies_pressure_to_push_a_heavy_object,2,True
8425,0.7171,0.5563,0.3989,A_person_spins_in_a_pirouette,80,True
8426,0.6625,0.6022,0.3989,A_person_claps_their_hands,6,True
8427,0.6223,0.6412,0.399,A_person_jumps_really_high,10,True
8428,0.7108,0.5613,0.399,Someone_shoves_a_weighty_object,23,True
8429,0.5937,0.6721,0.399,An_individual_completes_a_pirouette,70,True
8430,0.6498,0.6142,0.3991,An_individual_jumps_up_into_the_air,3,True
8431,0.6817,0.5855,0.3991,An_individual_does_a_set_of_push-ups,88,True
8432,0.6263,0.6376,0.3993,A_person_jumps_really_high,8,True
8433,0.7658,0.5214,0.3993,A_person_brings_their_right_arm_up_to_their_head,47,True
8434,0.7164,0.5576,0.3994,A_person_does_push-ups,76,True
8435,0.6474,0.6169,0.3994,An_individual_jumps_up_into_the_air,79,True
8436,0.7561,0.5284,0.3995,An_individual_brings_their_knee_close_to_their_chest,81,True
8437,0.5864,0.6813,0.3995,An_individual_hops_up_high,10,True
8438,0.6635,0.6023,0.3996,A_person_carries_out_push-ups,76,True
8439,0.6046,0.661,0.3996,An_individual_makes_a_high_jump,34,True
8440,0.5606,0.7127,0.3996,A_person_does_a_high_jump,12,True
8441,0.7808,0.5117,0.3996,Someone_waves_with_their_left_arm,98,True
8442,0.7313,0.5466,0.3997,An_individual_waves_hello_with_their_left_arm,63,True
8443,0.7764,0.515,0.3998,An_individual_extends_their_right_arm_to_their_head,14,True
8444,0.7564,0.5286,0.3998,A_person_lifts_their_right_arm_to_touch_their_head,53,True
8445,0.6895,0.5798,0.3998,A_person_turns_around_in_a_pirouette,5,True
8446,0.7234,0.553,0.4,An_individual_dances_a_pirouette,89,True
8447,0.7055,0.5669,0.4,Someone_touches_their_toes_and_then_lifts_themselves_up,35,True
8448,0.7036,0.5685,0.4,An_individual_does_a_set_of_push-ups,12,True
8449,0.6335,0.6316,0.4001,An_individual_jumps_up_into_the_air,81,True
8450,0.6675,0.5995,0.4002,A_person_pulls_their_knee_up_to_their_chest,61,True
8451,0.7615,0.5255,0.4002,A_person_moves_their_right_arm_to_touch_their_head,87,True
8452,0.7774,0.5148,0.4002,Someone_waves_their_left_arm,99,True
8453,0.7885,0.5075,0.4002,Someone_lifts_their_right_arm_and_touches_their_head,68,True
8454,0.7136,0.5609,0.4003,An_individual_brings_their_knee_close_to_their_chest,1,True
8455,0.7716,0.5189,0.4004,Someone_lifts_their_right_arm_and_touches_their_head,43,True
8456,0.7198,0.5563,0.4004,Someone_moves_their_left_arm_to_greet,94,True
8457,0.7312,0.5476,0.4004,A_person_is_completing_push-ups,38,True
8458,0.6534,0.613,0.4005,A_person_creates_a_clapping_noise_with_their_hands,8,True
8459,0.7016,0.5709,0.4005,A_person_carries_out_push-ups,28,True
8460,0.7591,0.5277,0.4006,An_individual_extends_their_right_arm_to_their_head,71,True
8461,0.7434,0.5389,0.4006,A_person_does_push-ups,68,True
8462,0.7728,0.5183,0.4006,An_individual_extends_their_right_arm_to_their_head,38,True
8463,0.6842,0.5856,0.4007,Someone_applauds_by_clapping,3,True
8464,0.6713,0.597,0.4008,Someone_makes_a_clapping_sound,91,True
8465,0.6351,0.6311,0.4008,An_individual_dances_a_pirouette,53,True
8466,0.7268,0.5514,0.4008,An_individual_is_doing_push-ups,98,True
8467,0.6694,0.5989,0.4009,An_individual_is_doing_push-ups,88,True
8468,0.7015,0.5715,0.4009,An_individual_waves_hello_with_their_left_arm,77,True
8469,0.6478,0.6188,0.4009,Someone_gestures_with_their_left_arm,26,True
8470,0.6314,0.635,0.401,A_person_does_a_forward_roll_and_gets_up,41,True
8471,0.7757,0.517,0.4011,A_person_lifts_their_right_arm_to_touch_their_head,34,True
8472,0.6794,0.5905,0.4012,A_person_swings_their_left_arm_back_and_forth,40,True
8473,0.7044,0.5695,0.4012,An_individual_hops_up_high,49,True
8474,0.7341,0.5465,0.4012,Someone_performs_a_forward_roll_and_then_stands,68,True
8475,0.7471,0.5371,0.4013,An_individual_extends_their_right_arm_to_their_head,20,True
8476,0.7495,0.5356,0.4014,An_individual_brings_their_right_arm_up_to_their_head,57,True
8477,0.7165,0.5605,0.4016,An_individual_lifts_a_knee_up_to_their_chest,24,True
8478,0.6117,0.6565,0.4016,A_person_jumps_very_high,48,True
8479,0.6803,0.5903,0.4016,A_person_does_a_forward_roll_and_gets_up,88,True
8480,0.6362,0.6314,0.4017,A_person_goes_up_into_the_air,82,True
8481,0.6693,0.6004,0.4018,An_individual_jumps_up_into_the_air,2,True
8482,0.7359,0.546,0.4018,An_individual_is_doing_push-ups,22,True
8483,0.7623,0.5271,0.4018,Someone_waves_with_their_left_arm,81,True
8484,0.7359,0.546,0.4018,Someone_moves_their_left_arm_to_greet,46,True
8485,0.7115,0.5649,0.402,A_person_carries_out_push-ups,96,True
8486,0.6779,0.593,0.402,A_person_carries_out_push-ups,94,True
8487,0.7108,0.5658,0.4021,Someone_gestures_with_their_left_arm,30,True
8488,0.6215,0.6472,0.4022,An_individual_makes_a_clapping_motion,63,True
8489,0.6365,0.6319,0.4022,An_individual_makes_a_clapping_motion,27,True
8490,0.7264,0.5537,0.4022,A_person_lifts_their_right_arm_to_touch_their_head,89,True
8491,0.7245,0.5551,0.4022,A_person_lifts_their_right_arm_to_touch_their_head,88,True
8492,0.7252,0.5548,0.4023,A_person_is_completing_push-ups,67,True
8493,0.6924,0.5811,0.4023,Someone_brings_their_knee_up_to_their_chest,11,True
8494,0.7295,0.5516,0.4024,An_individual_is_doing_push-ups,67,True
8495,0.63,0.6388,0.4024,An_individual_tumbles_forward_and_then_gets_up,57,True
8496,0.788,0.5108,0.4025,An_individual_brings_their_right_arm_up_to_their_head,14,True
8497,0.5915,0.6804,0.4025,An_individual_puts_their_hands_together_to_clap,3,True
8498,0.6463,0.6227,0.4025,Someone_makes_a_clapping_sound,66,True
8499,0.6578,0.612,0.4026,A_person_spins_in_a_pirouette,47,True
8500,0.6565,0.6133,0.4026,An_individual_raises_their_right_arm_to_make_contact_with_their_head,69,True
8501,0.6414,0.6277,0.4026,Someone_brings_their_knee_up_to_their_chest,49,True
8502,0.5897,0.6827,0.4026,A_person_does_a_high_jump,9,True
8503,0.7315,0.5504,0.4027,Someone_moves_their_left_arm_to_greet,41,True
8504,0.7119,0.5657,0.4027,An_individual_is_doing_push-ups,99,True
8505,0.702,0.5737,0.4027,An_individual_waves_hello_with_their_left_arm,82,True
8506,0.6264,0.6431,0.4028,A_person_jumps_really_high,69,True
8507,0.6512,0.6186,0.4028,A_person_jumps_straight_up,35,True
8508,0.7928,0.5081,0.4028,An_individual_brings_their_right_arm_up_to_their_head,41,True
8509,0.5219,0.7718,0.4028,An_individual_rolls_forward_and_rises,99,True
8510,0.7014,0.5744,0.4029,An_individual_is_doing_push-ups,53,True
8511,0.697,0.578,0.4029,An_individual_is_doing_push-ups,1,True
8512,0.7784,0.5177,0.403,An_individual_uses_their_left_arm_to_wave,78,True
8513,0.7291,0.5527,0.403,A_person_practices_push-ups,28,True
8514,0.7199,0.5598,0.403,An_individual_raises_their_right_arm_to_make_contact_with_their_head,98,True
8515,0.7675,0.5253,0.4031,A_person_lifts_their_right_arm_to_touch_their_head,46,True
8516,0.795,0.507,0.4031,An_individual_brings_their_right_arm_up_to_their_head,88,True
8517,0.6459,0.6241,0.4031,A_person_is_completing_push-ups,73,True
8518,0.6694,0.6022,0.4032,An_individual_does_a_turning_pirouette,4,True
8519,0.6005,0.6714,0.4032,A_person_lifts_their_left_arm_to_signal,79,True
8520,0.7417,0.5437,0.4033,Someone_reaches_up_with_their_right_arm_to_their_head,4,True
8521,0.7383,0.5463,0.4033,Someone_raises_their_right_arm_to_reach_their_head,33,True
8522,0.6779,0.5951,0.4034,A_person_carries_out_push-ups,68,True
8523,0.643,0.6274,0.4034,An_individual_tumbles_forward_and_then_gets_up,73,True
8524,0.772,0.5225,0.4034,Someone_waves_with_their_left_arm,43,True
8525,0.7083,0.5696,0.4034,Someone_brings_their_knee_up_to_their_chest,46,True
8526,0.6885,0.5861,0.4035,A_person_spins_in_a_pirouette,6,True
8527,0.5984,0.6746,0.4037,A_person_claps_their_hands,97,True
8528,0.7716,0.5233,0.4037,A_person_raises_the_right_arm_to_touch_their_head,59,True
8529,0.7543,0.5353,0.4038,An_individual_waves_hello_with_their_left_arm,14,True
8530,0.6656,0.6069,0.404,An_individual_puts_their_hands_together_to_clap,80,True
8531,0.6465,0.6251,0.4041,An_individual_makes_a_clapping_motion,17,True
8532,0.7229,0.5589,0.4041,An_individual_does_a_set_of_push-ups,91,True
8533,0.7006,0.5768,0.4041,A_person_turns_around_in_a_pirouette,71,True
8534,0.7348,0.5501,0.4042,Someone_raises_their_right_arm_to_reach_their_head,97,True
8535,0.7374,0.548,0.4042,A_person_does_push-ups,9,True
8536,0.6939,0.5827,0.4043,A_person_spins_in_a_pirouette,24,True
8537,0.61,0.6628,0.4043,An_individual_makes_a_high_jump,45,True
8538,0.6789,0.5956,0.4043,A_person_creates_a_clapping_noise_with_their_hands,24,True
8539,0.7016,0.5763,0.4044,A_person_does_push-ups,37,True
8540,0.7598,0.5322,0.4044,A_person_raises_the_right_arm_to_touch_their_head,19,True
8541,0.6886,0.5873,0.4044,A_person_creates_a_clapping_noise_with_their_hands,77,True
8542,0.7072,0.5718,0.4044,An_individual_does_a_set_of_push-ups,73,True
8543,0.6904,0.5859,0.4045,A_person_carries_out_push-ups,25,True
8544,0.6873,0.5886,0.4046,Someone_leaps_up_high,66,True
8545,0.7696,0.5258,0.4046,An_individual_brings_their_right_arm_up_to_their_head,19,True
8546,0.6434,0.6289,0.4046,Someone_positions_their_knee_at_chest_height,19,True
8547,0.6388,0.6333,0.4046,An_individual_makes_a_clapping_motion,10,True
8548,0.7085,0.5712,0.4047,A_person_brings_their_knee_in_towards_their_chest,69,True
8549,0.7428,0.5448,0.4047,A_person_positions_their_right_arm_to_touch_their_head,77,True
8550,0.7075,0.5721,0.4047,An_individual_tumbles_forward_and_then_gets_up,58,True
8551,0.6997,0.5784,0.4047,An_individual_does_a_turning_pirouette,96,True
8552,0.7093,0.5707,0.4048,A_person_is_completing_push-ups,72,True
8553,0.6522,0.6206,0.4048,Someone_leaps_up_high,9,True
8554,0.73,0.5548,0.405,Someone_touches_their_toes_and_then_lifts_themselves_up,80,True
8555,0.7278,0.5565,0.405,A_person_moves_their_right_arm_to_touch_their_head,71,True
8556,0.7138,0.5674,0.405,Someone_brings_their_knee_up_to_their_chest,81,True
8557,0.7751,0.5226,0.4051,A_person_raises_the_right_arm_to_touch_their_head,81,True
8558,0.698,0.5803,0.4051,A_person_spins_in_a_pirouette,40,True
8559,0.6643,0.6099,0.4051,Someone_shoves_a_weighty_object,74,True
8560,0.6831,0.5935,0.4054,A_person_positions_their_right_arm_to_touch_their_head,38,True
8561,0.7812,0.5189,0.4054,Someone_waves_with_their_left_arm,44,True
8562,0.6743,0.6014,0.4055,An_individual_jumps_up_into_the_air,96,True
8563,0.6551,0.6189,0.4055,A_person_jumps_straight_up,99,True
8564,0.7815,0.5188,0.4055,An_individual_extends_their_right_arm_to_their_head,80,True
8565,0.7666,0.5291,0.4056,Someone_waves_their_left_arm,83,True
8566,0.7551,0.5373,0.4057,A_person_practices_push-ups,62,True
8567,0.7036,0.5766,0.4057,An_individual_is_doing_push-ups,87,True
8568,0.7065,0.5744,0.4058,An_individual_is_doing_push-ups,51,True
8569,0.7431,0.5461,0.4058,A_person_raises_the_right_arm_to_touch_their_head,53,True
8570,0.7918,0.5126,0.4059,Someone_waves_with_their_left_arm,51,True
8571,0.7258,0.5593,0.4059,An_individual_does_a_set_of_push-ups,97,True
8572,0.6814,0.5959,0.406,A_person_turns_around_in_a_pirouette,95,True
8573,0.7735,0.5249,0.406,A_person_positions_their_right_arm_to_touch_their_head,68,True
8574,0.6279,0.6466,0.406,Someone_leaps_up_high,42,True
8575,0.6497,0.6249,0.406,A_person_jumps_straight_up,15,True
8576,0.7545,0.5382,0.4061,Someone_raises_their_right_arm_to_reach_their_head,28,True
8577,0.6894,0.5891,0.4062,Someone_works_out_with_push-ups,34,True
8578,0.7458,0.5447,0.4062,Someone_lifts_their_right_arm_and_touches_their_head,61,True
8579,0.7616,0.5336,0.4064,Someone_reaches_up_with_their_right_arm_to_their_head,88,True
8580,0.6455,0.6296,0.4064,Someone_makes_a_clapping_sound,56,True
8581,0.7739,0.5251,0.4064,An_individual_extends_their_right_arm_to_their_head,45,True
8582,0.7539,0.539,0.4064,A_person_is_completing_push-ups,92,True
8583,0.6526,0.6229,0.4065,Someone_leaps_up_high,53,True
8584,0.5885,0.691,0.4066,An_individual_makes_a_high_jump,75,True
8585,0.7179,0.5664,0.4067,Someone_works_out_with_push-ups,17,True
8586,0.7739,0.5256,0.4067,Someone_raises_their_right_arm_to_reach_their_head,96,True
8587,0.703,0.5787,0.4068,A_person_creates_a_clapping_noise_with_their_hands,29,True
8588,0.7164,0.5679,0.4068,A_person_does_push-ups,51,True
8589,0.7194,0.5654,0.4068,A_person_is_completing_push-ups,57,True
8590,0.7764,0.5241,0.4069,Someone_touches_their_toes_and_then_lifts_themselves_up,52,True
8591,0.6904,0.5894,0.4069,Someone_brings_their_knee_up_to_their_chest,16,True
8592,0.6349,0.6409,0.4069,A_person_jumps_very_high,3,True
8593,0.7324,0.5556,0.4069,Someone_raises_their_right_arm_to_reach_their_head,58,True
8594,0.7083,0.5746,0.407,An_individual_is_doing_push-ups,69,True
8595,0.6783,0.6,0.407,Someone_gestures_with_their_left_arm,73,True
8596,0.5684,0.7163,0.4071,Someone_positions_their_knee_at_chest_height,51,True
8597,0.7185,0.5667,0.4071,Someone_applauds_by_clapping,31,True
8598,0.7162,0.5685,0.4072,Someone_gestures_with_their_left_arm,51,True
8599,0.7059,0.5769,0.4072,A_person_spins_in_a_pirouette,89,True
8600,0.729,0.5586,0.4072,Someone_gestures_with_their_left_arm,54,True
8601,0.6449,0.6315,0.4073,Someone_makes_a_full_turn_in_a_pirouette,69,True
8602,0.6929,0.5878,0.4073,A_person_practices_push-ups,86,True
8603,0.7507,0.5427,0.4074,A_person_raises_the_right_arm_to_touch_their_head,23,True
8604,0.8113,0.5023,0.4075,Someone_lifts_their_right_arm_and_touches_their_head,53,True
8605,0.7622,0.5347,0.4075,An_individual_waves_hello_with_their_left_arm,44,True
8606,0.7346,0.5549,0.4076,An_individual_is_doing_push-ups,35,True
8607,0.6824,0.5975,0.4077,An_individual_makes_a_clapping_motion,73,True
8608,0.7179,0.568,0.4078,A_person_brings_their_right_arm_up_to_their_head,71,True
8609,0.6946,0.5871,0.4078,A_person_is_completing_push-ups,79,True
8610,0.6667,0.6118,0.4079,A_person_lifts_their_left_arm_to_signal,81,True
8611,0.7616,0.5355,0.4079,A_person_lifts_their_right_arm_to_touch_their_head,1,True
8612,0.5675,0.7189,0.408,A_person_does_a_high_jump,76,True
8613,0.7166,0.5695,0.4081,A_person_does_push-ups,91,True
8614,0.6624,0.6162,0.4082,An_individual_makes_a_clapping_motion,98,True
8615,0.6522,0.626,0.4083,A_person_spins_in_a_pirouette,58,True
8616,0.6602,0.6186,0.4084,A_person_spins_in_a_pirouette,76,True
8617,0.6912,0.5909,0.4084,An_individual_hops_up_high,36,True
8618,0.7661,0.5332,0.4085,A_person_lifts_their_right_arm_to_touch_their_head,75,True
8619,0.6102,0.6699,0.4088,A_person_jumps_really_high,2,True
8620,0.6908,0.592,0.4089,Someone_gestures_with_their_left_arm,19,True
8621,0.6774,0.6038,0.409,An_individual_makes_a_clapping_motion,72,True
8622,0.6223,0.6574,0.4091,A_person_creates_a_clapping_noise_with_their_hands,91,True
8623,0.6143,0.6659,0.4091,An_individual_makes_a_high_jump,29,True
8624,0.6934,0.5901,0.4092,A_person_is_completing_push-ups,81,True
8625,0.7499,0.5456,0.4092,Someone_raises_their_right_arm_to_reach_their_head,27,True
8626,0.7595,0.5388,0.4092,A_person_brings_their_right_arm_up_to_their_head,75,True
8627,0.5971,0.6855,0.4093,A_person_does_a_forward_roll_and_gets_up,30,True
8628,0.7569,0.5407,0.4093,A_person_brings_their_right_arm_up_to_their_head,10,True
8629,0.7072,0.5787,0.4093,A_person_is_completing_push-ups,4,True
8630,0.65,0.6299,0.4094,An_individual_makes_a_clapping_motion,44,True
8631,0.7314,0.5599,0.4095,Someone_raises_their_right_arm_to_reach_their_head,6,True
8632,0.6526,0.6275,0.4095,An_individual_makes_a_clapping_motion,76,True
8633,0.6666,0.6143,0.4095,An_individual_makes_a_clapping_motion,8,True
8634,0.7835,0.5227,0.4096,A_person_moves_their_right_arm_to_touch_their_head,52,True
8635,0.7877,0.5201,0.4097,A_person_moves_their_right_arm_to_touch_their_head,23,True
8636,0.6969,0.588,0.4098,Someone_leans_down_to_touch_their_toes_and_stands_back_up,53,True
8637,0.7552,0.5426,0.4098,A_person_raises_the_right_arm_to_touch_their_head,13,True
8638,0.7304,0.561,0.4098,A_person_moves_their_right_arm_to_touch_their_head,18,True
8639,0.6241,0.6567,0.4099,A_person_goes_up_into_the_air,57,True
8640,0.6341,0.6464,0.4099,A_person_creates_a_clapping_noise_with_their_hands,30,True
8641,0.7345,0.5581,0.4099,A_person_does_push-ups,80,True
8642,0.6441,0.6365,0.4099,An_individual_hops_up_high,44,True
8643,0.7453,0.5501,0.41,An_individual_uses_their_left_arm_to_wave,20,True
8644,0.6911,0.5933,0.41,A_person_turns_around_in_a_pirouette,40,True
8645,0.6583,0.6229,0.41,An_individual_makes_a_clapping_motion,29,True
8646,0.7767,0.5279,0.41,An_individual_brings_their_right_arm_up_to_their_head,79,True
8647,0.665,0.6165,0.41,Someone_shoves_a_weighty_object,63,True
8648,0.7355,0.5575,0.4101,A_person_positions_their_right_arm_to_touch_their_head,32,True
8649,0.7271,0.5641,0.4101,A_person_does_push-ups,18,True
8650,0.6794,0.6036,0.4101,A_person_swings_their_left_arm_back_and_forth,49,True
8651,0.7764,0.5283,0.4101,Someone_raises_their_right_arm_to_reach_their_head,29,True
8652,0.8021,0.5113,0.4101,An_individual_extends_their_right_arm_to_their_head,81,True
8653,0.6559,0.6255,0.4102,A_person_carries_out_push-ups,58,True
8654,0.7024,0.584,0.4102,An_individual_does_a_set_of_push-ups,84,True
8655,0.6809,0.6024,0.4102,An_individual_makes_a_clapping_motion,96,True
8656,0.7084,0.579,0.4102,A_person_does_push-ups,13,True
8657,0.5868,0.699,0.4102,A_person_jumps_really_high,28,True
8658,0.7454,0.5504,0.4103,An_individual_does_a_set_of_push-ups,83,True
8659,0.6131,0.6692,0.4103,An_individual_makes_a_high_jump,66,True
8660,0.595,0.6896,0.4103,Someone_makes_a_clapping_sound,63,True
8661,0.6572,0.6243,0.4103,A_person_swings_their_left_arm_back_and_forth,50,True
8662,0.6519,0.6296,0.4104,An_individual_hops_up_high,37,True
8663,0.7389,0.5554,0.4104,A_person_does_push-ups,62,True
8664,0.732,0.5607,0.4105,An_individual_uses_their_left_arm_to_wave,29,True
8665,0.7212,0.5692,0.4105,Someone_gestures_with_their_left_arm,0,True
8666,0.6648,0.6175,0.4105,An_individual_brings_their_knee_close_to_their_chest,92,True
8667,0.6363,0.6455,0.4107,A_person_jumps_really_high,38,True
8668,0.6218,0.6606,0.4108,Someone_gestures_with_their_left_arm,64,True
8669,0.7056,0.5823,0.4109,An_individual_extends_their_right_arm_to_their_head,10,True
8670,0.7418,0.554,0.4109,An_individual_brings_their_knee_close_to_their_chest,82,True
8671,0.7713,0.5327,0.4109,Someone_waves_their_left_arm,34,True
8672,0.6008,0.6839,0.4109,A_person_jumps_very_high,2,True
8673,0.6221,0.6607,0.411,Someone_applauds_by_clapping,60,True
8674,0.699,0.5881,0.4111,A_person_spins_in_a_pirouette,53,True
8675,0.7205,0.5706,0.4111,A_person_practices_push-ups,67,True
8676,0.7793,0.5275,0.4111,Someone_raises_their_right_arm_to_reach_their_head,81,True
8677,0.6762,0.6081,0.4112,A_person_does_a_forward_roll_and_gets_up,27,True
8678,0.6495,0.6331,0.4112,Someone_makes_a_clapping_sound,70,True
8679,0.7696,0.5342,0.4112,An_individual_extends_their_right_arm_to_their_head,50,True
8680,0.768,0.5355,0.4113,A_person_moves_their_right_arm_to_touch_their_head,90,True
8681,0.7879,0.522,0.4113,An_individual_brings_their_right_arm_up_to_their_head,25,True
8682,0.747,0.5506,0.4113,An_individual_does_a_set_of_push-ups,86,True
8683,0.6461,0.6369,0.4115,Someone_leaps_up_high,70,True
8684,0.667,0.6171,0.4116,Someone_leaps_up_high,96,True
8685,0.6781,0.607,0.4116,A_person_jumps_straight_up,97,True
8686,0.6152,0.6693,0.4117,A_person_does_a_high_jump,37,True
8687,0.6828,0.6031,0.4118,Someone_makes_a_clapping_sound,59,True
8688,0.8087,0.5094,0.4119,Someone_waves_their_left_arm,81,True
8689,0.7848,0.5248,0.4119,Someone_waves_with_their_left_arm,90,True
8690,0.6336,0.6502,0.412,An_individual_jumps_up_into_the_air,52,True
8691,0.6814,0.6047,0.412,An_individual_raises_their_left_arm_to_wave,21,True
8692,0.7723,0.5336,0.4121,A_person_lifts_their_right_arm_to_touch_their_head,33,True
8693,0.7721,0.5338,0.4121,An_individual_uses_their_left_arm_to_wave,36,True
8694,0.8049,0.5122,0.4122,An_individual_extends_their_right_arm_to_their_head,53,True
8695,0.5687,0.7249,0.4122,A_person_jumps_very_high,89,True
8696,0.6345,0.6498,0.4123,A_person_stretches_to_touch_their_toes_and_then_rises,51,True
8697,0.7647,0.5392,0.4123,An_individual_waves_hello_with_their_left_arm,85,True
8698,0.6697,0.6156,0.4123,Someone_touches_their_toes_and_stands_back_up,58,True
8699,0.764,0.5397,0.4123,A_person_raises_the_right_arm_to_touch_their_head,98,True
8700,0.6759,0.6103,0.4124,An_individual_dances_a_pirouette,22,True
8701,0.6796,0.6069,0.4125,A_person_carries_out_push-ups,23,True
8702,0.7479,0.5515,0.4125,Someone_touches_their_toes_and_then_lifts_themselves_up,96,True
8703,0.715,0.5769,0.4125,A_person_carries_out_push-ups,47,True
8704,0.6869,0.6007,0.4126,A_person_turns_around_in_a_pirouette,70,True
8705,0.7276,0.5671,0.4126,A_person_turns_around_in_a_pirouette,41,True
8706,0.7801,0.529,0.4127,An_individual_brings_their_right_arm_up_to_their_head,92,True
8707,0.5747,0.7182,0.4127,A_person_jumps_very_high,44,True
8708,0.6488,0.6361,0.4127,An_individual_tumbles_forward_and_then_gets_up,12,True
8709,0.743,0.5554,0.4127,An_individual_uses_their_left_arm_to_wave,67,True
8710,0.7046,0.5858,0.4128,A_person_does_push-ups,66,True
8711,0.6936,0.5953,0.4129,Someone_works_out_with_push-ups,97,True
8712,0.6982,0.5915,0.413,A_person_spins_in_a_pirouette,23,True
8713,0.7365,0.5607,0.413,An_individual_does_a_set_of_push-ups,32,True
8714,0.7701,0.5363,0.4131,An_individual_brings_their_right_arm_up_to_their_head,3,True
8715,0.6109,0.6761,0.4131,An_individual_hops_up_high,66,True
8716,0.7016,0.5888,0.4132,A_person_turns_around_in_a_pirouette,72,True
8717,0.7578,0.5453,0.4133,Someone_raises_their_right_arm_to_reach_their_head,56,True
8718,0.7485,0.5522,0.4133,Someone_raises_their_right_arm_to_reach_their_head,59,True
8719,0.6815,0.6066,0.4134,An_individual_makes_a_clapping_motion,56,True
8720,0.7451,0.5548,0.4134,A_person_positions_their_right_arm_to_touch_their_head,45,True
8721,0.6423,0.6437,0.4135,An_individual_makes_a_clapping_motion,64,True
8722,0.7354,0.5624,0.4136,A_person_does_push-ups,45,True
8723,0.6989,0.5917,0.4136,Someone_touches_their_toes_and_then_lifts_themselves_up,24,True
8724,0.6711,0.6163,0.4136,A_person_does_a_forward_roll_and_gets_up,58,True
8725,0.7815,0.5296,0.4139,A_person_lifts_their_right_arm_to_touch_their_head,14,True
8726,0.7859,0.5266,0.4139,A_person_raises_the_right_arm_to_touch_their_head,74,True
8727,0.6972,0.5936,0.4139,An_individual_jumps_up_into_the_air,4,True
8728,0.7743,0.5346,0.4139,A_person_moves_their_right_arm_to_touch_their_head,27,True
8729,0.7928,0.5221,0.4139,Someone_lifts_their_right_arm_and_touches_their_head,35,True
8730,0.694,0.5966,0.414,A_person_is_completing_push-ups,24,True
8731,0.6728,0.6155,0.4141,An_individual_makes_a_clapping_motion,5,True
8732,0.6834,0.606,0.4141,A_person_spins_in_a_pirouette,14,True
8733,0.7188,0.5761,0.4141,Someone_executes_push-ups,91,True
8734,0.7242,0.5719,0.4141,Someone_executes_push-ups,19,True
8735,0.7831,0.529,0.4142,An_individual_waves_hello_with_their_left_arm,53,True
8736,0.7539,0.5495,0.4143,A_person_brings_their_right_arm_up_to_their_head,51,True
8737,0.7932,0.5224,0.4144,Someone_waves_their_left_arm,1,True
8738,0.6321,0.6557,0.4144,A_person_claps_their_hands,19,True
8739,0.7055,0.5876,0.4145,A_person_does_a_forward_roll_and_gets_up,76,True
8740,0.6368,0.6512,0.4147,Someone_does_a_quick_spin_in_a_pirouette,71,True
8741,0.7066,0.587,0.4148,An_individual_is_doing_push-ups,56,True
8742,0.6446,0.6436,0.4148,An_individual_makes_a_clapping_motion,20,True
8743,0.6694,0.6199,0.4149,A_person_does_a_forward_roll_and_gets_up,11,True
8744,0.7752,0.5353,0.415,Someone_waves_with_their_left_arm,96,True
8745,0.6885,0.6028,0.415,An_individual_dances_a_pirouette,52,True
8746,0.7185,0.5776,0.415,An_individual_is_doing_push-ups,83,True
8747,0.7135,0.5816,0.415,Someone_leans_down_to_touch_their_toes_and_stands_back_up,25,True
8748,0.7395,0.5614,0.4151,Someone_works_out_with_push-ups,57,True
8749,0.778,0.5336,0.4151,A_person_lifts_their_right_arm_to_touch_their_head,19,True
8750,0.741,0.5602,0.4151,An_individual_waves_hello_with_their_left_arm,51,True
8751,0.6226,0.6668,0.4151,A_person_does_a_forward_roll_and_gets_up,31,True
8752,0.7329,0.5667,0.4153,Someone_raises_their_right_arm_to_reach_their_head,64,True
8753,0.7449,0.5576,0.4154,An_individual_uses_their_left_arm_to_wave,8,True
8754,0.6201,0.6705,0.4157,Someone_does_a_pirouette,11,True
8755,0.6041,0.6884,0.4158,A_person_jumps_really_high,90,True
8756,0.8104,0.5131,0.4158,Someone_waves_their_left_arm,38,True
8757,0.5901,0.7049,0.4159,A_person_lifts_their_left_arm_to_signal,36,True
8758,0.7615,0.5463,0.416,A_person_raises_the_right_arm_to_touch_their_head,67,True
8759,0.6559,0.6341,0.416,An_individual_raises_their_right_arm_to_make_contact_with_their_head,14,True
8760,0.6858,0.6068,0.4161,Someone_makes_a_full_turn_in_a_pirouette,70,True
8761,0.6545,0.6358,0.4161,A_person_claps_their_hands,91,True
8762,0.7966,0.5224,0.4161,Someone_lifts_their_right_arm_and_touches_their_head,81,True
8763,0.7058,0.5895,0.4161,Someone_applauds_by_clapping,9,True
8764,0.6909,0.6023,0.4162,Someone_executes_push-ups,29,True
8765,0.7143,0.5826,0.4162,An_individual_is_doing_push-ups,8,True
8766,0.6887,0.6044,0.4163,Someone_gestures_with_their_left_arm,90,True
8767,0.6482,0.6421,0.4163,An_individual_makes_a_clapping_motion,26,True
8768,0.7095,0.5869,0.4164,An_individual_is_doing_push-ups,97,True
8769,0.6422,0.6485,0.4165,An_individual_jumps_up_into_the_air,67,True
8770,0.7449,0.5591,0.4165,A_person_brings_their_right_arm_up_to_their_head,64,True
8771,0.7798,0.5341,0.4165,Someone_reaches_up_with_their_right_arm_to_their_head,0,True
8772,0.7483,0.5567,0.4166,An_individual_brings_their_knee_close_to_their_chest,36,True
8773,0.7777,0.536,0.4168,Someone_waves_their_left_arm,52,True
8774,0.7742,0.5383,0.4168,Someone_moves_their_left_arm_to_greet,90,True
8775,0.8057,0.5173,0.4168,Someone_lifts_their_right_arm_and_touches_their_head,39,True
8776,0.7578,0.55,0.4168,A_person_does_push-ups,1,True
8777,0.8149,0.5115,0.4169,Someone_lifts_their_right_arm_and_touches_their_head,73,True
8778,0.7388,0.5644,0.417,Someone_works_out_with_push-ups,36,True
8779,0.7457,0.5592,0.417,A_person_raises_the_right_arm_to_touch_their_head,27,True
8780,0.679,0.6143,0.4171,A_person_spins_in_a_pirouette,60,True
8781,0.6663,0.626,0.4171,A_person_carries_out_push-ups,46,True
8782,0.6544,0.6374,0.4172,An_individual_jumps_up_into_the_air,99,True
8783,0.5945,0.7017,0.4172,An_individual_exerts_force_on_a_heavy_object,26,True
8784,0.6577,0.6345,0.4173,Someone_makes_a_clapping_sound,2,True
8785,0.7115,0.5868,0.4175,An_individual_is_doing_push-ups,85,True
8786,0.7719,0.5409,0.4175,Someone_lifts_their_right_arm_and_touches_their_head,37,True
8787,0.7765,0.5377,0.4175,A_person_lifts_their_right_arm_to_touch_their_head,51,True
8788,0.7245,0.5765,0.4177,A_person_jumps_straight_up,48,True
8789,0.6656,0.6276,0.4178,Someone_leaps_up_high,24,True
8790,0.6582,0.6347,0.4178,A_person_jumps_straight_up,12,True
8791,0.7632,0.5475,0.4179,A_person_positions_their_right_arm_to_touch_their_head,24,True
8792,0.7758,0.5387,0.4179,Someone_moves_their_left_arm_to_greet,27,True
8793,0.7328,0.5705,0.418,An_individual_is_doing_push-ups,23,True
8794,0.6469,0.6463,0.4181,A_person_creates_a_clapping_noise_with_their_hands,79,True
8795,0.7424,0.5632,0.4181,A_person_moves_their_right_arm_to_touch_their_head,30,True
8796,0.6295,0.6641,0.4181,An_individual_jumps_up_into_the_air,44,True
8797,0.731,0.572,0.4181,An_individual_is_doing_push-ups,31,True
8798,0.5742,0.7282,0.4182,An_individual_hops_up_high,29,True
8799,0.6617,0.632,0.4182,Someone_does_a_quick_spin_in_a_pirouette,39,True
8800,0.798,0.5241,0.4183,A_person_moves_their_right_arm_to_touch_their_head,8,True
8801,0.72,0.5809,0.4183,An_individual_is_doing_push-ups,9,True
8802,0.7074,0.5913,0.4183,A_person_creates_a_clapping_noise_with_their_hands,11,True
8803,0.7199,0.581,0.4183,Someone_leans_down_to_touch_their_toes_and_stands_back_up,96,True
8804,0.7886,0.5304,0.4183,An_individual_brings_their_right_arm_up_to_their_head,72,True
8805,0.7247,0.5773,0.4184,A_person_does_push-ups,14,True
8806,0.6521,0.6416,0.4184,Someone_makes_a_clapping_sound,72,True
8807,0.7026,0.5956,0.4184,An_individual_is_doing_push-ups,14,True
8808,0.7266,0.5758,0.4184,An_individual_is_doing_push-ups,60,True
8809,0.6705,0.6241,0.4185,A_person_swings_their_left_arm_back_and_forth,93,True
8810,0.7447,0.5621,0.4186,A_person_is_completing_push-ups,42,True
8811,0.6393,0.6548,0.4186,Someone_pushes_off_the_ground_and_rises,29,True
8812,0.5969,0.7015,0.4187,A_person_jumps_very_high,19,True
8813,0.741,0.565,0.4187,A_person_positions_their_right_arm_to_touch_their_head,44,True
8814,0.7673,0.5456,0.4187,Someone_moves_their_left_arm_to_greet,88,True
8815,0.7508,0.5579,0.4188,A_person_lifts_their_right_arm_to_touch_their_head,0,True
8816,0.6965,0.6012,0.4188,Someone_executes_push-ups,48,True
8817,0.8136,0.5149,0.4189,Someone_waves_their_left_arm,6,True
8818,0.7607,0.5509,0.4191,Someone_waves_with_their_left_arm,48,True
8819,0.7228,0.5798,0.4191,A_person_practices_push-ups,39,True
8820,0.7266,0.5768,0.4191,A_person_does_push-ups,38,True
8821,0.7324,0.5723,0.4192,An_individual_waves_hello_with_their_left_arm,52,True
8822,0.7198,0.5823,0.4192,An_individual_is_doing_push-ups,52,True
8823,0.8071,0.5195,0.4193,Someone_waves_their_left_arm,57,True
8824,0.6008,0.698,0.4194,A_person_claps_their_hands,30,True
8825,0.7867,0.5334,0.4196,Someone_waves_their_left_arm,41,True
8826,0.7154,0.5865,0.4196,A_person_is_completing_push-ups,26,True
8827,0.7708,0.5444,0.4197,A_person_positions_their_right_arm_to_touch_their_head,31,True
8828,0.6395,0.6562,0.4197,An_individual_hops_up_high,33,True
8829,0.6703,0.6261,0.4197,A_person_creates_a_clapping_noise_with_their_hands,48,True
8830,0.62,0.6772,0.4198,A_person_jumps_really_high,71,True
8831,0.7774,0.54,0.4198,A_person_moves_their_right_arm_to_touch_their_head,57,True
8832,0.7074,0.5935,0.4199,A_person_moves_their_right_arm_to_touch_their_head,99,True
8833,0.7777,0.5399,0.4199,An_individual_uses_their_left_arm_to_wave,37,True
8834,0.8197,0.5123,0.42,Someone_waves_their_left_arm,76,True
8835,0.6289,0.668,0.4201,A_person_jumps_straight_up,62,True
8836,0.8044,0.5222,0.4201,Someone_waves_their_left_arm,65,True
8837,0.725,0.5796,0.4202,Someone_executes_push-ups,99,True
8838,0.7677,0.5473,0.4202,Someone_raises_their_right_arm_to_reach_their_head,82,True
8839,0.7102,0.5917,0.4202,A_person_is_completing_push-ups,14,True
8840,0.7098,0.592,0.4202,A_person_does_push-ups,85,True
8841,0.5928,0.7089,0.4203,An_individual_hops_up_high,41,True
8842,0.6925,0.6069,0.4203,Someone_applauds_by_clapping,74,True
8843,0.7516,0.5593,0.4204,Someone_raises_their_right_arm_to_reach_their_head,43,True
8844,0.8122,0.5178,0.4205,Someone_waves_their_left_arm,73,True
8845,0.6869,0.6122,0.4205,Someone_applauds_by_clapping,79,True
8846,0.6939,0.6061,0.4206,An_individual_makes_a_high_jump,64,True
8847,0.6172,0.6816,0.4206,An_individual_makes_a_high_jump,48,True
8848,0.7393,0.569,0.4207,Someone_works_out_with_push-ups,63,True
8849,0.6963,0.6044,0.4208,A_person_creates_a_clapping_noise_with_their_hands,92,True
8850,0.6756,0.6229,0.4208,An_individual_raises_their_right_arm_to_make_contact_with_their_head,91,True
8851,0.6562,0.6414,0.4209,A_person_rolls_forward_and_returns_to_a_standing_position,89,True
8852,0.6761,0.6225,0.4209,A_person_performs_push-ups,51,True
8853,0.7639,0.551,0.4209,An_individual_uses_their_left_arm_to_wave,11,True
8854,0.7286,0.5777,0.4209,An_individual_does_a_set_of_push-ups,99,True
8855,0.6704,0.6278,0.4209,A_person_does_a_forward_roll_and_gets_up,65,True
8856,0.6747,0.6237,0.4209,Someone_brings_their_knee_up_to_their_chest,98,True
8857,0.7365,0.5717,0.4211,An_individual_does_a_turning_pirouette,91,True
8858,0.6903,0.6099,0.4211,A_person_turns_around_in_a_pirouette,10,True
8859,0.7553,0.5577,0.4212,A_person_raises_the_right_arm_to_touch_their_head,57,True
8860,0.6822,0.6176,0.4213,A_person_pulls_their_knee_up_to_their_chest,59,True
8861,0.6649,0.6337,0.4214,Someone_makes_a_clapping_sound,1,True
8862,0.6745,0.6248,0.4214,A_person_spins_in_a_pirouette,95,True
8863,0.5976,0.7054,0.4215,A_person_jumps_very_high,46,True
8864,0.6585,0.6403,0.4216,An_individual_makes_a_clapping_motion,35,True
8865,0.7435,0.567,0.4216,A_person_raises_the_right_arm_to_touch_their_head,89,True
8866,0.6906,0.6105,0.4216,An_individual_hops_up_high,86,True
8867,0.7695,0.5482,0.4218,An_individual_uses_their_left_arm_to_wave,38,True
8868,0.6485,0.6506,0.4219,An_individual_makes_a_high_jump,98,True
8869,0.7922,0.5329,0.4221,Someone_lifts_their_right_arm_and_touches_their_head,63,True
8870,0.7545,0.5594,0.4221,An_individual_does_a_set_of_push-ups,76,True
8871,0.8012,0.5269,0.4221,Someone_waves_their_left_arm,23,True
8872,0.727,0.5806,0.4221,A_person_carries_out_push-ups,62,True
8873,0.726,0.5815,0.4221,Someone_executes_push-ups,42,True
8874,0.7142,0.5912,0.4222,Someone_works_out_with_push-ups,38,True
8875,0.6432,0.6564,0.4222,An_individual_pushes_a_heavy_item,88,True
8876,0.6861,0.6154,0.4222,An_individual_makes_a_clapping_motion,90,True
8877,0.7724,0.5468,0.4223,Someone_raises_their_right_arm_to_reach_their_head,95,True
8878,0.7019,0.6017,0.4223,A_person_spins_in_a_pirouette,7,True
8879,0.8249,0.512,0.4223,Someone_waves_their_left_arm,86,True
8880,0.7304,0.5783,0.4224,A_person_does_push-ups,81,True
8881,0.7781,0.5431,0.4225,A_person_lifts_their_right_arm_to_touch_their_head,10,True
8882,0.7211,0.5859,0.4225,An_individual_extends_their_right_arm_to_their_head,37,True
8883,0.674,0.6269,0.4225,A_person_creates_a_clapping_noise_with_their_hands,20,True
8884,0.7524,0.5615,0.4225,A_person_moves_their_right_arm_to_touch_their_head,22,True
8885,0.804,0.5255,0.4225,Someone_lifts_their_right_arm_and_touches_their_head,21,True
8886,0.6616,0.6389,0.4226,A_person_goes_up_into_the_air,51,True
8887,0.6807,0.6208,0.4226,A_person_creates_a_clapping_noise_with_their_hands,19,True
8888,0.7031,0.601,0.4226,A_person_carries_out_push-ups,37,True
8889,0.7531,0.5611,0.4226,A_person_brings_their_right_arm_up_to_their_head,82,True
8890,0.7096,0.5957,0.4227,An_individual_hops_up_high,3,True
8891,0.7634,0.5537,0.4227,Someone_raises_their_right_arm_to_reach_their_head,9,True
8892,0.811,0.5212,0.4227,Someone_waves_their_left_arm,51,True
8893,0.6543,0.646,0.4227,A_person_jumps_really_high,52,True
8894,0.6871,0.6152,0.4227,Someone_leans_down_to_touch_their_toes_and_stands_back_up,91,True
8895,0.6749,0.6263,0.4227,A_person_creates_a_clapping_noise_with_their_hands,22,True
8896,0.7182,0.5888,0.4228,An_individual_is_doing_push-ups,80,True
8897,0.7984,0.5296,0.4228,Someone_raises_their_right_arm_to_reach_their_head,25,True
8898,0.6323,0.6687,0.4228,A_person_creates_a_clapping_noise_with_their_hands,97,True
8899,0.7759,0.545,0.4229,A_person_brings_their_right_arm_up_to_their_head,87,True
8900,0.7991,0.5292,0.4229,Someone_waves_with_their_left_arm,25,True
8901,0.8108,0.5218,0.4231,A_person_raises_the_right_arm_to_touch_their_head,56,True
8902,0.7065,0.5992,0.4233,A_person_practices_push-ups,72,True
8903,0.7233,0.5854,0.4234,A_person_carries_out_push-ups,79,True
8904,0.6614,0.6402,0.4234,An_individual_jumps_up_into_the_air,62,True
8905,0.777,0.5451,0.4235,An_individual_brings_their_right_arm_up_to_their_head,2,True
8906,0.8204,0.5163,0.4236,Someone_lifts_their_right_arm_and_touches_their_head,52,True
8907,0.5504,0.7695,0.4236,A_person_does_a_high_jump,24,True
8908,0.7875,0.5379,0.4236,Someone_waves_with_their_left_arm,93,True
8909,0.726,0.5836,0.4237,Someone_executes_push-ups,31,True
8910,0.7916,0.5352,0.4237,An_individual_brings_their_right_arm_up_to_their_head,77,True
8911,0.6862,0.6174,0.4237,Someone_applauds_by_clapping,22,True
8912,0.7523,0.5635,0.4239,A_person_positions_their_right_arm_to_touch_their_head,93,True
8913,0.7433,0.5703,0.4239,A_person_raises_the_right_arm_to_touch_their_head,69,True
8914,0.7302,0.5807,0.424,An_individual_is_doing_push-ups,68,True
8915,0.8072,0.5252,0.424,Someone_lifts_their_right_arm_and_touches_their_head,2,True
8916,0.7986,0.531,0.424,Someone_lifts_their_right_arm_and_touches_their_head,65,True
8917,0.7279,0.5825,0.424,A_person_carries_out_push-ups,36,True
8918,0.7298,0.5813,0.4242,A_person_is_completing_push-ups,83,True
8919,0.7542,0.5627,0.4244,A_person_brings_their_right_arm_up_to_their_head,61,True
8920,0.6764,0.6275,0.4244,An_individual_raises_their_right_arm_to_make_contact_with_their_head,75,True
8921,0.7085,0.5991,0.4245,An_individual_lifts_a_knee_up_to_their_chest,92,True
8922,0.7698,0.5516,0.4246,An_individual_extends_their_right_arm_to_their_head,52,True
8923,0.7345,0.5781,0.4246,A_person_practices_push-ups,18,True
8924,0.7339,0.5786,0.4246,A_person_turns_around_in_a_pirouette,56,True
8925,0.7408,0.5732,0.4247,Someone_executes_push-ups,56,True
8926,0.7431,0.5718,0.4249,Someone_makes_a_waving_motion_with_their_left_arm,61,True
8927,0.6968,0.6099,0.4249,Someone_brings_their_knee_up_to_their_chest,54,True
8928,0.6886,0.6172,0.425,A_person_is_completing_push-ups,25,True
8929,0.6479,0.656,0.4251,Someone_gestures_with_their_left_arm,4,True
8930,0.6909,0.6154,0.4251,Someone_makes_a_clapping_sound,97,True
8931,0.7684,0.5532,0.4251,Someone_raises_their_right_arm_to_reach_their_head,39,True
8932,0.6982,0.6091,0.4253,Someone_touches_their_toes_and_stands_back_up,60,True
8933,0.7765,0.5479,0.4254,A_person_positions_their_right_arm_to_touch_their_head,80,True
8934,0.775,0.5489,0.4254,An_individual_extends_their_right_arm_to_their_head,75,True
8935,0.7107,0.5986,0.4254,An_individual_is_doing_push-ups,32,True
8936,0.817,0.5208,0.4254,An_individual_brings_their_right_arm_up_to_their_head,12,True
8937,0.7093,0.5999,0.4255,A_person_carries_out_push-ups,95,True
8938,0.7777,0.5472,0.4256,An_individual_brings_their_right_arm_up_to_their_head,87,True
8939,0.706,0.6029,0.4256,Someone_applauds_by_clapping,4,True
8940,0.8062,0.528,0.4257,Someone_waves_their_left_arm,88,True
8941,0.7334,0.5804,0.4257,An_individual_is_doing_push-ups,25,True
8942,0.6542,0.6507,0.4257,Someone_makes_a_clapping_sound,86,True
8943,0.7421,0.5738,0.4258,A_person_brings_their_right_arm_up_to_their_head,76,True
8944,0.7639,0.5574,0.4258,A_person_moves_their_right_arm_to_touch_their_head,13,True
8945,0.787,0.5412,0.4259,Someone_raises_their_right_arm_to_reach_their_head,92,True
8946,0.7254,0.5871,0.4259,A_person_carries_out_push-ups,49,True
8947,0.6506,0.6546,0.4259,A_person_jumps_really_high,95,True
8948,0.7497,0.5681,0.4259,An_individual_waves_hello_with_their_left_arm,99,True
8949,0.7737,0.5507,0.4261,A_person_moves_their_right_arm_to_touch_their_head,29,True
8950,0.7627,0.5587,0.4261,A_person_moves_their_right_arm_to_touch_their_head,2,True
8951,0.7429,0.5735,0.4261,A_person_moves_their_right_arm_to_touch_their_head,48,True
8952,0.7778,0.5478,0.4261,Someone_lifts_their_right_arm_and_touches_their_head,60,True
8953,0.6617,0.644,0.4261,A_person_jumps_straight_up,59,True
8954,0.7605,0.5603,0.4261,A_person_moves_their_left_arm_in_a_waving_motion,72,True
8955,0.7965,0.535,0.4262,Someone_waves_their_left_arm,0,True
8956,0.7269,0.5863,0.4262,An_individual_engages_in_push-ups,26,True
8957,0.7195,0.5924,0.4263,A_person_pulls_their_knee_up_to_their_chest,50,True
8958,0.7028,0.6067,0.4264,Someone_touches_their_toes_and_then_lifts_themselves_up,56,True
8959,0.7507,0.5681,0.4264,An_individual_uses_their_left_arm_to_wave,75,True
8960,0.7884,0.5409,0.4265,An_individual_extends_their_right_arm_to_their_head,19,True
8961,0.7847,0.5437,0.4266,Someone_waves_with_their_left_arm,76,True
8962,0.6646,0.6419,0.4266,Someone_makes_a_full_turn_in_a_pirouette,47,True
8963,0.7166,0.5953,0.4266,An_individual_jumps_up_into_the_air,39,True
8964,0.7084,0.6023,0.4267,Someone_makes_a_clapping_sound,22,True
8965,0.7678,0.5557,0.4267,A_person_moves_their_right_arm_to_touch_their_head,0,True
8966,0.6847,0.6232,0.4267,Someone_makes_a_clapping_sound,9,True
8967,0.7802,0.547,0.4268,Someone_moves_their_left_arm_to_greet,24,True
8968,0.813,0.5251,0.4269,Someone_waves_with_their_left_arm,70,True
8969,0.7611,0.5609,0.4269,A_person_moves_their_right_arm_to_touch_their_head,1,True
8970,0.7907,0.5398,0.4269,A_person_positions_their_right_arm_to_touch_their_head,99,True
8971,0.8012,0.5329,0.427,An_individual_brings_their_right_arm_up_to_their_head,63,True
8972,0.6332,0.6744,0.427,A_person_jumps_very_high,17,True
8973,0.7164,0.596,0.427,An_individual_engages_in_push-ups,88,True
8974,0.6139,0.6956,0.427,A_person_rolls_forward_and_returns_to_a_standing_position,90,True
8975,0.5901,0.7238,0.4271,An_individual_pushes_a_heavy_item,57,True
8976,0.733,0.5828,0.4271,An_individual_is_doing_push-ups,33,True
8977,0.7425,0.5753,0.4272,An_individual_uses_their_left_arm_to_wave,60,True
8978,0.6924,0.6171,0.4273,An_individual_does_a_turning_pirouette,70,True
8979,0.654,0.6535,0.4274,A_person_lifts_their_left_arm_to_signal,47,True
8980,0.7208,0.5932,0.4275,Someone_gestures_with_their_left_arm,25,True
8981,0.7288,0.5867,0.4276,Someone_brings_their_knee_up_to_their_chest,56,True
8982,0.7468,0.5728,0.4277,A_person_raises_the_right_arm_to_touch_their_head,15,True
8983,0.647,0.6612,0.4278,A_person_lifts_their_left_arm_to_signal,94,True
8984,0.6826,0.6267,0.4278,Someone_leaps_up_high,91,True
8985,0.6631,0.6452,0.4278,A_person_lifts_their_left_arm_to_signal,46,True
8986,0.7749,0.5521,0.4278,A_person_brings_their_right_arm_up_to_their_head,95,True
8987,0.6723,0.6363,0.4278,A_person_creates_a_clapping_noise_with_their_hands,95,True
8988,0.6655,0.6428,0.4278,Someone_applauds_by_clapping,53,True
8989,0.7143,0.5992,0.428,A_person_carries_out_push-ups,83,True
8990,0.6789,0.6304,0.428,Someone_makes_a_clapping_sound,92,True
8991,0.7422,0.5768,0.4281,An_individual_is_doing_push-ups,65,True
8992,0.7785,0.55,0.4282,A_person_moves_their_left_arm_in_a_waving_motion,78,True
8993,0.6749,0.6345,0.4282,A_person_creates_a_clapping_noise_with_their_hands,49,True
8994,0.6941,0.6169,0.4282,An_individual_makes_a_clapping_motion,68,True
8995,0.6634,0.6454,0.4282,An_individual_makes_a_clapping_motion,58,True
8996,0.7065,0.606,0.4282,A_person_turns_around_in_a_pirouette,39,True
8997,0.7559,0.5668,0.4284,A_person_does_push-ups,2,True
8998,0.8272,0.5179,0.4284,Someone_lifts_their_right_arm_and_touches_their_head,46,True
8999,0.7797,0.5495,0.4285,An_individual_brings_their_right_arm_up_to_their_head,67,True
9000,0.724,0.5921,0.4287,An_individual_raises_their_right_arm_to_make_contact_with_their_head,36,True
9001,0.7562,0.567,0.4287,A_person_moves_their_right_arm_to_touch_their_head,67,True
9002,0.6754,0.6349,0.4288,Someone_makes_a_clapping_sound,89,True
9003,0.7261,0.5907,0.4289,Someone_reaches_up_with_their_right_arm_to_their_head,33,True
9004,0.7618,0.5632,0.429,An_individual_waves_hello_with_their_left_arm,67,True
9005,0.673,0.6374,0.429,An_individual_hops_up_high,2,True
9006,0.7285,0.589,0.4291,A_person_spins_in_a_pirouette,66,True
9007,0.5997,0.7157,0.4291,An_individual_exerts_force_on_a_heavy_object,33,True
9008,0.733,0.5854,0.4291,Someone_reaches_up_with_their_right_arm_to_their_head,41,True
9009,0.78,0.5501,0.4291,A_person_does_push-ups,82,True
9010,0.7747,0.554,0.4292,Someone_reaches_up_with_their_right_arm_to_their_head,45,True
9011,0.7316,0.5867,0.4292,An_individual_dances_a_pirouette,93,True
9012,0.732,0.5865,0.4294,An_individual_waves_hello_with_their_left_arm,28,True
9013,0.7332,0.5856,0.4294,Someone_brings_their_knee_up_to_their_chest,82,True
9014,0.722,0.5947,0.4294,A_person_is_completing_push-ups,82,True
9015,0.7511,0.5718,0.4295,A_person_does_push-ups,93,True
9016,0.7128,0.6026,0.4296,Someone_leaps_up_high,90,True
9017,0.6969,0.6165,0.4296,A_person_turns_around_in_a_pirouette,63,True
9018,0.7249,0.5927,0.4297,A_person_lifts_their_right_arm_to_touch_their_head,42,True
9019,0.6654,0.6458,0.4297,A_person_creates_a_clapping_noise_with_their_hands,40,True
9020,0.7564,0.5681,0.4297,An_individual_waves_hello_with_their_left_arm,96,True
9021,0.7823,0.5493,0.4298,An_individual_uses_their_left_arm_to_wave,28,True
9022,0.6499,0.6613,0.4298,A_person_creates_a_clapping_noise_with_their_hands,63,True
9023,0.6334,0.6786,0.4298,An_individual_makes_a_high_jump,67,True
9024,0.7053,0.6096,0.4299,Someone_applauds_by_clapping,73,True
9025,0.6028,0.7133,0.4299,A_person_does_a_high_jump,73,True
9026,0.7471,0.5756,0.43,An_individual_waves_hello_with_their_left_arm,30,True
9027,0.7977,0.539,0.43,Someone_lifts_their_right_arm_and_touches_their_head,69,True
9028,0.6791,0.6333,0.4301,A_person_spins_in_a_pirouette,34,True
9029,0.7885,0.5455,0.4301,Someone_raises_their_right_arm_to_reach_their_head,62,True
9030,0.7683,0.5598,0.4301,Someone_waves_their_left_arm,66,True
9031,0.6379,0.6745,0.4302,A_person_jumps_straight_up,57,True
9032,0.7043,0.6109,0.4302,Someone_gestures_with_their_left_arm,70,True
9033,0.7311,0.5884,0.4302,A_person_does_push-ups,41,True
9034,0.6794,0.6331,0.4302,An_individual_makes_a_high_jump,97,True
9035,0.7407,0.581,0.4303,An_individual_does_a_set_of_push-ups,11,True
9036,0.7774,0.5535,0.4303,An_individual_extends_their_right_arm_to_their_head,89,True
9037,0.8097,0.5314,0.4303,An_individual_brings_their_right_arm_up_to_their_head,49,True
9038,0.6717,0.6407,0.4304,Someone_brings_their_knee_up_to_their_chest,7,True
9039,0.7607,0.5657,0.4304,An_individual_extends_their_right_arm_to_their_head,29,True
9040,0.7633,0.5639,0.4304,A_person_moves_their_right_arm_to_touch_their_head,41,True
9041,0.7702,0.559,0.4305,Someone_raises_their_right_arm_to_reach_their_head,84,True
9042,0.6859,0.6276,0.4305,A_person_jumps_very_high,52,True
9043,0.8028,0.5363,0.4306,An_individual_brings_their_right_arm_up_to_their_head,24,True
9044,0.8087,0.5326,0.4307,A_person_positions_their_right_arm_to_touch_their_head,41,True
9045,0.7645,0.5635,0.4308,An_individual_extends_their_right_arm_to_their_head,95,True
9046,0.7167,0.6011,0.4308,An_individual_makes_a_clapping_motion,6,True
9047,0.721,0.5975,0.4308,An_individual_is_doing_push-ups,27,True
9048,0.783,0.5503,0.4309,A_person_positions_their_right_arm_to_touch_their_head,51,True
9049,0.816,0.528,0.4309,An_individual_brings_their_right_arm_up_to_their_head,93,True
9050,0.6809,0.6328,0.4309,An_individual_makes_a_clapping_motion,77,True
9051,0.769,0.5604,0.4309,Someone_lifts_their_right_arm_and_touches_their_head,38,True
9052,0.7605,0.567,0.4312,A_person_practices_push-ups,77,True
9053,0.7216,0.5976,0.4313,Someone_executes_push-ups,92,True
9054,0.7679,0.562,0.4315,An_individual_uses_their_left_arm_to_wave,5,True
9055,0.7816,0.552,0.4315,Someone_waves_with_their_left_arm,67,True
9056,0.6809,0.6339,0.4316,A_person_creates_a_clapping_noise_with_their_hands,58,True
9057,0.7555,0.5713,0.4316,An_individual_extends_their_right_arm_to_their_head,77,True
9058,0.7841,0.5505,0.4316,A_person_lifts_their_right_arm_to_touch_their_head,11,True
9059,0.6877,0.6277,0.4317,A_person_performs_push-ups,2,True
9060,0.7448,0.5796,0.4317,An_individual_raises_their_left_arm_to_wave,38,True
9061,0.677,0.6377,0.4317,An_individual_completes_a_pirouette,58,True
9062,0.6789,0.6361,0.4318,An_individual_makes_a_clapping_motion,89,True
9063,0.6705,0.6441,0.4319,Someone_makes_a_clapping_sound,0,True
9064,0.6358,0.6793,0.4319,A_person_jumps_really_high,51,True
9065,0.7621,0.5666,0.4319,Someone_reaches_up_with_their_right_arm_to_their_head,48,True
9066,0.773,0.5586,0.4319,An_individual_uses_their_left_arm_to_wave,53,True
9067,0.6198,0.6967,0.4319,A_person_lifts_their_left_arm_to_signal,6,True
9068,0.6083,0.71,0.4319,An_individual_hops_up_high,30,True
9069,0.7912,0.5461,0.432,An_individual_brings_their_right_arm_up_to_their_head,95,True
9070,0.7058,0.6121,0.432,Someone_applauds_by_clapping,71,True
9071,0.8259,0.5231,0.432,Someone_waves_with_their_left_arm,40,True
9072,0.7431,0.5815,0.4321,A_person_does_push-ups,57,True
9073,0.7779,0.5554,0.4321,A_person_moves_their_right_arm_to_touch_their_head,92,True
9074,0.8101,0.5334,0.4321,Someone_waves_their_left_arm,20,True
9075,0.66,0.6547,0.4321,A_person_jumps_straight_up,54,True
9076,0.685,0.6307,0.4321,A_person_goes_up_into_the_air,50,True
9077,0.73,0.5921,0.4322,An_individual_raises_their_left_arm_to_wave,18,True
9078,0.7751,0.5576,0.4322,An_individual_waves_hello_with_their_left_arm,65,True
9079,0.7315,0.5909,0.4323,A_person_carries_out_push-ups,55,True
9080,0.6765,0.6392,0.4324,Someone_leaps_up_high,10,True
9081,0.6968,0.6205,0.4324,A_person_carries_out_push-ups,56,True
9082,0.8176,0.5291,0.4325,A_person_moves_their_right_arm_to_touch_their_head,94,True
9083,0.7876,0.5493,0.4326,A_person_lifts_their_right_arm_to_touch_their_head,99,True
9084,0.6999,0.6181,0.4326,A_person_stretches_to_touch_their_toes_and_then_rises,7,True
9085,0.7652,0.5655,0.4327,A_person_raises_the_right_arm_to_touch_their_head,22,True
9086,0.7111,0.6084,0.4327,Someone_performs_a_forward_roll_and_then_stands,92,True
9087,0.8042,0.5381,0.4327,Someone_waves_their_left_arm,31,True
9088,0.7183,0.6024,0.4327,An_individual_uses_their_left_arm_to_wave,58,True
9089,0.7683,0.5633,0.4328,Someone_raises_their_right_arm_to_reach_their_head,22,True
9090,0.7436,0.5821,0.4329,An_individual_waves_hello_with_their_left_arm,91,True
9091,0.6651,0.6509,0.433,An_individual_hops_up_high,58,True
9092,0.7186,0.6026,0.433,An_individual_is_doing_push-ups,86,True
9093,0.6895,0.6281,0.4331,A_person_creates_a_clapping_noise_with_their_hands,84,True
9094,0.6453,0.6712,0.4331,An_individual_hops_up_high,39,True
9095,0.7468,0.58,0.4331,A_person_raises_the_right_arm_to_touch_their_head,60,True
9096,0.7083,0.6115,0.4331,A_person_is_completing_push-ups,70,True
9097,0.7508,0.5768,0.4331,An_individual_waves_hello_with_their_left_arm,69,True
9098,0.6821,0.6351,0.4332,A_person_creates_a_clapping_noise_with_their_hands,38,True
9099,0.6756,0.6412,0.4332,A_person_lifts_their_left_arm_to_signal,0,True
9100,0.7364,0.5885,0.4333,An_individual_is_doing_push-ups,39,True
9101,0.7144,0.6065,0.4333,A_person_is_completing_push-ups,19,True
9102,0.7944,0.5456,0.4334,An_individual_brings_their_right_arm_up_to_their_head,20,True
9103,0.8185,0.5295,0.4334,Someone_waves_with_their_left_arm,22,True
9104,0.7771,0.5577,0.4334,Someone_waves_their_left_arm,13,True
9105,0.6783,0.6391,0.4335,A_person_creates_a_clapping_noise_with_their_hands,9,True
9106,0.7606,0.5699,0.4335,An_individual_extends_their_right_arm_to_their_head,67,True
9107,0.6031,0.7189,0.4336,A_person_jumps_very_high,4,True
9108,0.7933,0.5467,0.4337,Someone_waves_with_their_left_arm,14,True
9109,0.786,0.5517,0.4337,A_person_moves_their_left_arm_in_a_waving_motion,77,True
9110,0.6526,0.6646,0.4337,Someone_leaps_up_high,28,True
9111,0.7167,0.6052,0.4337,Someone_gestures_with_their_left_arm,84,True
9112,0.7006,0.6192,0.4338,Someone_leans_down_to_touch_their_toes_and_stands_back_up,56,True
9113,0.6931,0.626,0.4339,An_individual_makes_a_clapping_motion,53,True
9114,0.6054,0.7169,0.434,An_individual_rolls_forward_and_rises,89,True
9115,0.7677,0.5653,0.434,An_individual_raises_their_left_arm_to_wave,29,True
9116,0.6991,0.6209,0.4341,An_individual_is_doing_push-ups,78,True
9117,0.6474,0.6707,0.4342,A_person_jumps_very_high,66,True
9118,0.7799,0.5567,0.4342,A_person_raises_the_right_arm_to_touch_their_head,11,True
9119,0.7127,0.6092,0.4342,A_person_stretches_to_touch_their_toes_and_then_rises,10,True
9120,0.8048,0.5396,0.4343,An_individual_extends_their_right_arm_to_their_head,90,True
9121,0.6209,0.6995,0.4343,An_individual_rolls_forward_and_rises,8,True
9122,0.6976,0.6225,0.4343,Someone_leaps_up_high,48,True
9123,0.7752,0.5603,0.4344,Someone_raises_their_right_arm_to_reach_their_head,75,True
9124,0.7148,0.6078,0.4344,A_person_carries_out_push-ups,38,True
9125,0.6369,0.6822,0.4345,Someone_pushes_off_the_ground_and_rises,85,True
9126,0.7827,0.5553,0.4346,An_individual_waves_hello_with_their_left_arm,76,True
9127,0.8181,0.5312,0.4346,An_individual_brings_their_right_arm_up_to_their_head,70,True
9128,0.8517,0.5103,0.4346,Someone_lifts_their_right_arm_and_touches_their_head,33,True
9129,0.7783,0.5584,0.4346,A_person_lifts_their_right_arm_to_touch_their_head,37,True
9130,0.6791,0.6399,0.4346,A_person_creates_a_clapping_noise_with_their_hands,65,True
9131,0.7131,0.6095,0.4347,An_individual_does_a_turning_pirouette,16,True
9132,0.6208,0.7001,0.4347,A_person_jumps_really_high,73,True
9133,0.809,0.5373,0.4347,Someone_raises_their_right_arm_to_reach_their_head,73,True
9134,0.7649,0.5682,0.4347,Someone_executes_push-ups,79,True
9135,0.7968,0.5456,0.4347,A_person_positions_their_right_arm_to_touch_their_head,49,True
9136,0.6017,0.7224,0.4347,Someone_makes_a_clapping_sound,69,True
9137,0.6932,0.6272,0.4348,An_individual_hops_up_high,9,True
9138,0.715,0.6082,0.4348,An_individual_is_doing_push-ups,74,True
9139,0.6956,0.6251,0.4348,A_person_creates_a_clapping_noise_with_their_hands,21,True
9140,0.6919,0.6284,0.4348,A_person_jumps_straight_up,83,True
9141,0.6994,0.6219,0.4349,A_person_is_completing_push-ups,30,True
9142,0.7597,0.5724,0.4349,A_person_positions_their_right_arm_to_touch_their_head,20,True
9143,0.7971,0.5458,0.435,An_individual_brings_their_right_arm_up_to_their_head,38,True
9144,0.6242,0.6969,0.435,A_person_claps_their_hands,77,True
9145,0.7732,0.5626,0.435,Someone_waves_with_their_left_arm,74,True
9146,0.7472,0.5823,0.4351,An_individual_does_a_set_of_push-ups,66,True
9147,0.645,0.6745,0.4351,A_person_jumps_really_high,30,True
9148,0.6602,0.6592,0.4352,An_individual_jumps_up_into_the_air,58,True
9149,0.7022,0.6198,0.4352,A_person_does_a_forward_roll_and_gets_up,49,True
9150,0.8076,0.539,0.4353,Someone_waves_their_left_arm,44,True
9151,0.8091,0.5379,0.4353,A_person_moves_their_right_arm_to_touch_their_head,47,True
9152,0.7108,0.6124,0.4353,An_individual_does_a_set_of_push-ups,77,True
9153,0.6738,0.6461,0.4353,An_individual_jumps_up_into_the_air,17,True
9154,0.7605,0.5725,0.4354,A_person_positions_their_right_arm_to_touch_their_head,64,True
9155,0.7604,0.5726,0.4354,A_person_raises_the_right_arm_to_touch_their_head,47,True
9156,0.7889,0.552,0.4355,An_individual_extends_their_right_arm_to_their_head,49,True
9157,0.7105,0.6129,0.4355,A_person_is_completing_push-ups,64,True
9158,0.805,0.5411,0.4356,Someone_lifts_their_right_arm_and_touches_their_head,20,True
9159,0.7849,0.5551,0.4356,Someone_waves_their_left_arm,35,True
9160,0.6426,0.678,0.4357,An_individual_makes_a_clapping_motion,92,True
9161,0.715,0.6093,0.4357,A_person_carries_out_push-ups,72,True
9162,0.7812,0.5578,0.4358,A_person_positions_their_right_arm_to_touch_their_head,79,True
9163,0.7968,0.5471,0.4359,An_individual_brings_their_right_arm_up_to_their_head,51,True
9164,0.8306,0.5248,0.4359,Someone_waves_their_left_arm,43,True
9165,0.7283,0.5987,0.436,Someone_applauds_by_clapping,35,True
9166,0.7972,0.5471,0.4361,Someone_waves_their_left_arm,40,True
9167,0.6372,0.6844,0.4361,A_person_rolls_forward_and_returns_to_a_standing_position,16,True
9168,0.8106,0.5382,0.4362,Someone_lifts_their_right_arm_and_touches_their_head,27,True
9169,0.7333,0.5949,0.4362,Someone_works_out_with_push-ups,33,True
9170,0.7556,0.5773,0.4362,An_individual_uses_their_left_arm_to_wave,72,True
9171,0.7307,0.5972,0.4363,An_individual_uses_their_left_arm_to_wave,68,True
9172,0.7524,0.5798,0.4363,Someone_moves_their_left_arm_to_greet,26,True
9173,0.786,0.5552,0.4364,An_individual_brings_their_right_arm_up_to_their_head,76,True
9174,0.812,0.5375,0.4364,Someone_waves_their_left_arm,25,True
9175,0.7007,0.6228,0.4364,An_individual_jumps_up_into_the_air,54,True
9176,0.5461,0.7991,0.4364,An_individual_rolls_forward_and_rises,38,True
9177,0.6837,0.6385,0.4365,Someone_rolls_in_a_forward_motion_and_stands_up,31,True
9178,0.6789,0.6429,0.4365,A_person_jumps_straight_up,40,True
9179,0.62,0.7041,0.4365,An_individual_makes_a_clapping_motion,51,True
9180,0.8358,0.5223,0.4365,An_individual_brings_their_right_arm_up_to_their_head,94,True
9181,0.8012,0.545,0.4366,Someone_lifts_their_right_arm_and_touches_their_head,87,True
9182,0.6542,0.6674,0.4366,A_person_jumps_straight_up,21,True
9183,0.8027,0.5439,0.4366,Someone_waves_their_left_arm,69,True
9184,0.6424,0.6798,0.4367,An_individual_makes_a_high_jump,56,True
9185,0.7274,0.6004,0.4367,A_person_moves_their_right_arm_to_touch_their_head,20,True
9186,0.7477,0.5843,0.4368,A_person_practices_push-ups,9,True
9187,0.7603,0.5746,0.4368,Someone_works_out_with_push-ups,6,True
9188,0.7328,0.5962,0.4369,Someone_moves_their_left_arm_to_greet,29,True
9189,0.7354,0.5944,0.4372,Someone_gestures_with_their_left_arm,21,True
9190,0.7721,0.5664,0.4373,An_individual_brings_their_right_arm_up_to_their_head,46,True
9191,0.8131,0.5378,0.4373,Someone_waves_their_left_arm,33,True
9192,0.6964,0.6284,0.4377,A_person_turns_around_in_a_pirouette,7,True
9193,0.7558,0.5791,0.4377,Someone_works_out_with_push-ups,92,True
9194,0.6319,0.6928,0.4378,An_individual_makes_a_high_jump,11,True
9195,0.6895,0.6351,0.4379,A_person_jumps_straight_up,81,True
9196,0.8237,0.5316,0.4379,A_person_moves_their_right_arm_to_touch_their_head,56,True
9197,0.7627,0.5743,0.438,Someone_gestures_with_their_left_arm,83,True
9198,0.7065,0.62,0.438,A_person_creates_a_clapping_noise_with_their_hands,82,True
9199,0.7729,0.5667,0.438,Someone_moves_their_left_arm_to_greet,68,True
9200,0.6334,0.6915,0.4381,A_person_lifts_their_left_arm_to_signal,93,True
9201,0.7101,0.6171,0.4382,A_person_carries_out_push-ups,31,True
9202,0.7902,0.5549,0.4385,A_person_brings_their_knee_in_towards_their_chest,57,True
9203,0.6915,0.6342,0.4385,Someone_makes_a_clapping_sound,41,True
9204,0.6905,0.635,0.4385,Someone_makes_a_clapping_sound,82,True
9205,0.6742,0.6504,0.4385,A_person_creates_a_clapping_noise_with_their_hands,15,True
9206,0.6904,0.6354,0.4386,A_person_creates_a_clapping_noise_with_their_hands,76,True
9207,0.758,0.5787,0.4387,A_person_lifts_their_right_arm_to_touch_their_head,95,True
9208,0.7663,0.5726,0.4388,An_individual_waves_hello_with_their_left_arm,86,True
9209,0.7631,0.575,0.4388,An_individual_waves_hello_with_their_left_arm,59,True
9210,0.803,0.5464,0.4388,Someone_waves_their_left_arm,9,True
9211,0.6652,0.6597,0.4389,A_person_lifts_their_left_arm_to_signal,38,True
9212,0.675,0.6503,0.4389,A_person_jumps_straight_up,93,True
9213,0.7769,0.5651,0.439,A_person_brings_their_right_arm_up_to_their_head,16,True
9214,0.7703,0.5699,0.439,An_individual_touches_their_toes_and_returns_to_a_standing_position,68,True
9215,0.6775,0.6481,0.4391,A_person_creates_a_clapping_noise_with_their_hands,80,True
9216,0.8039,0.5463,0.4392,An_individual_brings_their_right_arm_up_to_their_head,11,True
9217,0.6779,0.6478,0.4392,Someone_applauds_by_clapping,1,True
9218,0.8063,0.5448,0.4393,Someone_waves_their_left_arm,3,True
9219,0.8033,0.547,0.4394,An_individual_brings_their_right_arm_up_to_their_head,39,True
9220,0.7971,0.5513,0.4394,A_person_lifts_their_right_arm_to_touch_their_head,87,True
9221,0.745,0.59,0.4395,A_person_does_push-ups,67,True
9222,0.6439,0.6826,0.4395,An_individual_makes_a_high_jump,12,True
9223,0.6081,0.7226,0.4395,A_person_jumps_really_high,32,True
9224,0.833,0.5275,0.4395,Someone_lifts_their_right_arm_and_touches_their_head,41,True
9225,0.7879,0.5579,0.4396,A_person_moves_their_left_arm_in_a_waving_motion,68,True
9226,0.7595,0.5787,0.4396,Someone_raises_their_right_arm_to_reach_their_head,61,True
9227,0.7948,0.5531,0.4396,An_individual_brings_their_right_arm_up_to_their_head,9,True
9228,0.7595,0.5788,0.4396,Someone_executes_push-ups,34,True
9229,0.7621,0.5768,0.4396,An_individual_raises_their_left_arm_to_wave,41,True
9230,0.7277,0.6042,0.4397,Someone_executes_push-ups,36,True
9231,0.6731,0.6532,0.4397,Someone_leaps_up_high,5,True
9232,0.6093,0.7218,0.4398,A_person_lifts_their_left_arm_to_signal,98,True
9233,0.7772,0.5659,0.4398,Someone_reaches_up_with_their_right_arm_to_their_head,31,True
9234,0.7393,0.5952,0.44,An_individual_does_a_set_of_push-ups,4,True
9235,0.6825,0.6448,0.44,A_person_creates_a_clapping_noise_with_their_hands,56,True
9236,0.818,0.538,0.44,Someone_waves_with_their_left_arm,19,True
9237,0.7615,0.5781,0.4402,Someone_makes_a_full_turn_in_a_pirouette,31,True
9238,0.7398,0.5951,0.4402,Someone_reaches_up_with_their_right_arm_to_their_head,86,True
9239,0.6655,0.6616,0.4403,Someone_makes_a_clapping_sound,6,True
9240,0.7173,0.6138,0.4403,An_individual_is_doing_push-ups,71,True
9241,0.7386,0.5961,0.4403,An_individual_does_a_set_of_push-ups,65,True
9242,0.7399,0.5952,0.4404,Someone_works_out_with_push-ups,59,True
9243,0.6623,0.6649,0.4404,Someone_leaps_up_high,17,True
9244,0.7133,0.6174,0.4404,An_individual_jumps_up_into_the_air,6,True
9245,0.7351,0.599,0.4404,Someone_gestures_with_their_left_arm,34,True
9246,0.8138,0.5413,0.4405,Someone_waves_their_left_arm,27,True
9247,0.7683,0.5735,0.4406,Someone_moves_their_left_arm_to_greet,37,True
9248,0.746,0.5906,0.4406,A_person_jumps_straight_up,1,True
9249,0.7197,0.6121,0.4406,Someone_gestures_with_their_left_arm,45,True
9250,0.7185,0.6132,0.4406,A_person_practices_push-ups,58,True
9251,0.6918,0.6369,0.4406,Someone_makes_a_clapping_sound,96,True
9252,0.816,0.5401,0.4407,An_individual_brings_their_right_arm_up_to_their_head,56,True
9253,0.7342,0.6003,0.4408,An_individual_does_a_set_of_push-ups,3,True
9254,0.7436,0.5928,0.4408,An_individual_does_a_set_of_push-ups,67,True
9255,0.8035,0.5486,0.4408,A_person_positions_their_right_arm_to_touch_their_head,85,True
9256,0.7523,0.5862,0.441,Someone_gestures_with_their_left_arm,10,True
9257,0.7381,0.5975,0.441,Someone_executes_push-ups,70,True
9258,0.7017,0.6285,0.441,Someone_leaps_up_high,7,True
9259,0.7381,0.5975,0.441,Someone_works_out_with_push-ups,28,True
9260,0.673,0.6554,0.4411,A_person_rolls_forward_and_returns_to_a_standing_position,82,True
9261,0.7682,0.5744,0.4412,A_person_moves_their_right_arm_to_touch_their_head,21,True
9262,0.811,0.544,0.4412,Someone_raises_their_right_arm_to_reach_their_head,71,True
9263,0.7306,0.6039,0.4412,A_person_spins_in_a_pirouette,25,True
9264,0.7742,0.57,0.4413,Someone_works_out_with_push-ups,82,True
9265,0.7822,0.5642,0.4414,An_individual_extends_their_right_arm_to_their_head,61,True
9266,0.7324,0.6027,0.4414,An_individual_is_doing_push-ups,84,True
9267,0.7591,0.5817,0.4416,An_individual_does_a_set_of_push-ups,31,True
9268,0.7725,0.5718,0.4417,A_person_lifts_their_right_arm_to_touch_their_head,47,True
9269,0.7351,0.6009,0.4417,Someone_brings_their_knee_up_to_their_chest,89,True
9270,0.7695,0.574,0.4417,Someone_makes_a_waving_motion_with_their_left_arm,45,True
9271,0.7833,0.5639,0.4417,Someone_raises_their_right_arm_to_reach_their_head,90,True
9272,0.7517,0.5877,0.4418,A_person_raises_the_right_arm_to_touch_their_head,1,True
9273,0.7375,0.599,0.4418,Someone_works_out_with_push-ups,66,True
9274,0.7473,0.5914,0.4419,An_individual_does_a_set_of_push-ups,89,True
9275,0.6071,0.7279,0.4419,A_person_does_a_high_jump,32,True
9276,0.6233,0.7091,0.4419,A_person_lifts_their_left_arm_to_signal,11,True
9277,0.7097,0.6226,0.4419,An_individual_dances_a_pirouette,65,True
9278,0.7514,0.5881,0.4419,An_individual_does_a_set_of_push-ups,48,True
9279,0.7554,0.585,0.442,Someone_moves_their_left_arm_to_greet,5,True
9280,0.7119,0.6211,0.4421,An_individual_is_doing_push-ups,38,True
9281,0.7302,0.6054,0.4421,Someone_executes_push-ups,30,True
9282,0.77,0.5744,0.4422,An_individual_waves_hello_with_their_left_arm,22,True
9283,0.7925,0.558,0.4422,Someone_waves_their_left_arm,60,True
9284,0.7781,0.5685,0.4423,A_person_lifts_their_right_arm_to_touch_their_head,23,True
9285,0.6894,0.6416,0.4423,An_individual_makes_a_clapping_motion,85,True
9286,0.7637,0.5792,0.4423,A_person_raises_the_right_arm_to_touch_their_head,36,True
9287,0.7097,0.6232,0.4423,An_individual_tumbles_forward_and_then_gets_up,75,True
9288,0.7667,0.5772,0.4425,Someone_executes_push-ups,88,True
9289,0.7534,0.5878,0.4428,Someone_executes_push-ups,95,True
9290,0.7367,0.601,0.4428,An_individual_does_a_set_of_push-ups,94,True
9291,0.7723,0.5735,0.4429,An_individual_waves_hello_with_their_left_arm,23,True
9292,0.7252,0.6108,0.443,A_person_spins_in_a_pirouette,59,True
9293,0.7182,0.6169,0.4431,A_person_is_completing_push-ups,28,True
9294,0.7706,0.575,0.4431,Someone_executes_push-ups,72,True
9295,0.7877,0.5628,0.4434,Someone_lifts_their_right_arm_and_touches_their_head,0,True
9296,0.6459,0.6865,0.4434,An_individual_hops_up_high,90,True
9297,0.7497,0.5916,0.4435,An_individual_does_a_set_of_push-ups,16,True
9298,0.7698,0.5761,0.4435,A_person_is_completing_push-ups,47,True
9299,0.7084,0.6261,0.4436,A_person_spins_in_a_pirouette,56,True
9300,0.755,0.5875,0.4436,An_individual_uses_their_left_arm_to_wave,1,True
9301,0.8049,0.5512,0.4437,Someone_raises_their_right_arm_to_reach_their_head,83,True
9302,0.6418,0.6914,0.4438,A_person_jumps_really_high,0,True
9303,0.6848,0.6481,0.4438,An_individual_makes_a_clapping_motion,41,True
9304,0.7612,0.583,0.4438,An_individual_engages_in_push-ups,49,True
9305,0.7419,0.5984,0.4439,An_individual_does_a_set_of_push-ups,38,True
9306,0.6636,0.6691,0.444,A_person_lifts_their_left_arm_to_signal,31,True
9307,0.7635,0.5815,0.444,An_individual_does_a_set_of_push-ups,33,True
9308,0.7704,0.5763,0.444,Someone_raises_their_right_arm_to_reach_their_head,7,True
9309,0.7145,0.6215,0.444,A_person_is_completing_push-ups,18,True
9310,0.7267,0.6111,0.4441,An_individual_does_a_set_of_push-ups,45,True
9311,0.7938,0.5594,0.4441,Someone_waves_their_left_arm,12,True
9312,0.6943,0.6399,0.4442,An_individual_makes_a_clapping_motion,48,True
9313,0.7782,0.5709,0.4442,Someone_moves_their_left_arm_to_greet,57,True
9314,0.7257,0.6121,0.4442,Someone_works_out_with_push-ups,62,True
9315,0.8171,0.5438,0.4443,Someone_waves_their_left_arm,42,True
9316,0.7725,0.5752,0.4443,Someone_lifts_their_right_arm_and_touches_their_head,80,True
9317,0.6822,0.6514,0.4443,An_individual_makes_a_clapping_motion,99,True
9318,0.7453,0.5963,0.4444,Someone_touches_their_toes_and_then_lifts_themselves_up,6,True
9319,0.7466,0.5952,0.4444,Someone_works_out_with_push-ups,49,True
9320,0.805,0.5521,0.4445,An_individual_brings_their_right_arm_up_to_their_head,74,True
9321,0.8187,0.5429,0.4445,Someone_lifts_their_right_arm_and_touches_their_head,16,True
9322,0.7586,0.5861,0.4446,Someone_executes_push-ups,94,True
9323,0.7894,0.5632,0.4446,Someone_moves_their_left_arm_to_greet,60,True
9324,0.8,0.5559,0.4447,Someone_raises_their_right_arm_to_reach_their_head,34,True
9325,0.7643,0.5819,0.4448,A_person_moves_their_left_arm_in_a_waving_motion,9,True
9326,0.7478,0.5947,0.4448,Someone_gestures_with_their_left_arm,23,True
9327,0.6593,0.6747,0.4448,An_individual_raises_their_right_arm_to_make_contact_with_their_head,40,True
9328,0.8374,0.5313,0.4449,Someone_lifts_their_right_arm_and_touches_their_head,76,True
9329,0.6956,0.6396,0.4449,Someone_performs_a_forward_roll_and_then_stands,29,True
9330,0.6851,0.6495,0.445,An_individual_makes_a_clapping_motion,87,True
9331,0.7751,0.5741,0.445,A_person_raises_the_right_arm_to_touch_their_head,29,True
9332,0.7952,0.5597,0.4451,A_person_raises_the_right_arm_to_touch_their_head,58,True
9333,0.818,0.5442,0.4452,An_individual_extends_their_right_arm_to_their_head,32,True
9334,0.8171,0.5449,0.4452,An_individual_extends_their_right_arm_to_their_head,79,True
9335,0.7654,0.5818,0.4453,A_person_raises_the_right_arm_to_touch_their_head,90,True
9336,0.8185,0.5442,0.4454,An_individual_extends_their_right_arm_to_their_head,21,True
9337,0.7596,0.5865,0.4455,Someone_raises_their_right_arm_to_reach_their_head,99,True
9338,0.7293,0.6109,0.4455,A_person_carries_out_push-ups,40,True
9339,0.6946,0.6413,0.4455,A_person_lifts_their_left_arm_to_signal,63,True
9340,0.6822,0.6532,0.4456,A_person_does_a_forward_roll_and_gets_up,48,True
9341,0.6491,0.6868,0.4458,A_person_does_a_high_jump,5,True
9342,0.8242,0.5409,0.4458,Someone_gestures_with_their_left_arm,62,True
9343,0.7243,0.6155,0.4458,A_person_is_completing_push-ups,71,True
9344,0.6918,0.6446,0.4459,A_person_jumps_really_high,94,True
9345,0.7367,0.6053,0.4459,A_person_moves_their_right_arm_to_touch_their_head,42,True
9346,0.6827,0.6535,0.4462,An_individual_jumps_up_into_the_air,74,True
9347,0.6151,0.7256,0.4463,A_person_gives_a_round_of_applause,75,True
9348,0.6179,0.7223,0.4463,An_individual_rolls_forward_and_rises,72,True
9349,0.7119,0.6269,0.4463,A_person_jumps_straight_up,98,True
9350,0.6897,0.6472,0.4464,An_individual_jumps_up_into_the_air,46,True
9351,0.8153,0.5475,0.4464,Someone_waves_their_left_arm,7,True
9352,0.7463,0.5983,0.4465,An_individual_is_doing_push-ups,93,True
9353,0.653,0.6838,0.4465,A_person_creates_a_clapping_noise_with_their_hands,6,True
9354,0.7723,0.5782,0.4465,An_individual_extends_their_right_arm_to_their_head,60,True
9355,0.7931,0.5632,0.4466,A_person_moves_their_right_arm_to_touch_their_head,43,True
9356,0.8104,0.5513,0.4468,An_individual_extends_their_right_arm_to_their_head,8,True
9357,0.8082,0.5533,0.4472,An_individual_brings_their_right_arm_up_to_their_head,34,True
9358,0.6721,0.6653,0.4472,An_individual_makes_a_high_jump,16,True
9359,0.7815,0.5723,0.4472,Someone_lifts_their_right_arm_and_touches_their_head,86,True
9360,0.7668,0.5832,0.4472,An_individual_waves_hello_with_their_left_arm,92,True
9361,0.7458,0.5998,0.4473,A_person_positions_their_right_arm_to_touch_their_head,78,True
9362,0.6128,0.7299,0.4473,A_person_jumps_really_high,54,True
9363,0.7659,0.5842,0.4474,An_individual_brings_their_right_arm_up_to_their_head,8,True
9364,0.6685,0.6692,0.4474,A_person_does_a_forward_roll_and_gets_up,18,True
9365,0.7757,0.5768,0.4474,Someone_raises_their_right_arm_to_reach_their_head,72,True
9366,0.6316,0.7084,0.4474,A_person_does_a_high_jump,50,True
9367,0.7546,0.5929,0.4474,An_individual_uses_their_left_arm_to_wave,57,True
9368,0.7341,0.6099,0.4477,An_individual_raises_their_left_arm_to_wave,20,True
9369,0.7595,0.5894,0.4477,Someone_works_out_with_push-ups,7,True
9370,0.7385,0.6067,0.448,A_person_does_push-ups,58,True
9371,0.723,0.6198,0.4481,Someone_applauds_by_clapping,99,True
9372,0.7435,0.6027,0.4481,An_individual_does_a_set_of_push-ups,14,True
9373,0.7563,0.5927,0.4483,Someone_executes_push-ups,60,True
9374,0.8054,0.5568,0.4484,An_individual_brings_their_right_arm_up_to_their_head,44,True
9375,0.7786,0.5759,0.4484,Someone_works_out_with_push-ups,65,True
9376,0.7746,0.579,0.4485,An_individual_lifts_a_knee_up_to_their_chest,27,True
9377,0.7129,0.6291,0.4485,Someone_applauds_by_clapping,56,True
9378,0.7599,0.5906,0.4488,A_person_moves_their_right_arm_to_touch_their_head,74,True
9379,0.8125,0.5523,0.4488,Someone_raises_their_right_arm_to_reach_their_head,8,True
9380,0.6752,0.6648,0.4489,An_individual_jumps_up_into_the_air,9,True
9381,0.7726,0.581,0.4489,Someone_moves_their_left_arm_to_greet,64,True
9382,0.7806,0.5751,0.4489,Someone_waves_with_their_left_arm,4,True
9383,0.7167,0.6265,0.449,A_person_is_completing_push-ups,91,True
9384,0.7436,0.6038,0.449,An_individual_raises_their_left_arm_to_wave,99,True
9385,0.7442,0.6034,0.4491,Someone_works_out_with_push-ups,48,True
9386,0.7241,0.6204,0.4492,An_individual_jumps_up_into_the_air,8,True
9387,0.7415,0.6058,0.4492,An_individual_jumps_up_into_the_air,97,True
9388,0.8383,0.536,0.4493,Someone_raises_their_right_arm_to_reach_their_head,10,True
9389,0.6768,0.6638,0.4493,Someone_brings_their_knee_up_to_their_chest,13,True
9390,0.7298,0.6157,0.4494,Someone_executes_push-ups,37,True
9391,0.7954,0.565,0.4494,Someone_raises_their_right_arm_to_reach_their_head,80,True
9392,0.7296,0.6162,0.4496,Someone_applauds_by_clapping,34,True
9393,0.7983,0.5632,0.4496,An_individual_waves_hello_with_their_left_arm,78,True
9394,0.8111,0.5543,0.4496,Someone_lifts_their_right_arm_and_touches_their_head,8,True
9395,0.7723,0.5821,0.4496,An_individual_brings_their_right_arm_up_to_their_head,82,True
9396,0.6884,0.6533,0.4497,Someone_leaps_up_high,84,True
9397,0.7323,0.6141,0.4497,An_individual_does_a_set_of_push-ups,69,True
9398,0.7105,0.6331,0.4498,A_person_is_completing_push-ups,95,True
9399,0.7996,0.5626,0.4498,A_person_lifts_their_right_arm_to_touch_their_head,90,True
9400,0.6715,0.67,0.4499,A_person_does_a_forward_roll_and_gets_up,21,True
9401,0.7082,0.6352,0.4499,A_person_creates_a_clapping_noise_with_their_hands,71,True
9402,0.8033,0.5604,0.4501,An_individual_uses_their_left_arm_to_wave,64,True
9403,0.7722,0.5829,0.4502,A_person_moves_their_right_arm_to_touch_their_head,79,True
9404,0.773,0.5824,0.4502,Someone_waves_their_left_arm,10,True
9405,0.8337,0.5401,0.4502,Someone_waves_their_left_arm,11,True
9406,0.6749,0.6671,0.4503,A_person_jumps_very_high,45,True
9407,0.7781,0.5787,0.4503,A_person_lifts_their_right_arm_to_touch_their_head,96,True
9408,0.693,0.6498,0.4503,An_individual_tumbles_forward_and_then_gets_up,11,True
9409,0.7439,0.6053,0.4503,Someone_leans_down_to_touch_their_toes_and_stands_back_up,4,True
9410,0.7379,0.6101,0.4503,A_person_is_completing_push-ups,86,True
9411,0.7995,0.5632,0.4503,Someone_raises_their_right_arm_to_reach_their_head,41,True
9412,0.7492,0.601,0.4503,Someone_executes_push-ups,65,True
9413,0.7446,0.6049,0.4505,An_individual_is_doing_push-ups,63,True
9414,0.6675,0.6748,0.4505,A_person_jumps_really_high,72,True
9415,0.7715,0.5839,0.4505,Someone_makes_a_waving_motion_with_their_left_arm,89,True
9416,0.7437,0.6059,0.4506,An_individual_is_doing_push-ups,11,True
9417,0.7012,0.6425,0.4506,A_person_turns_around_in_a_pirouette,62,True
9418,0.7865,0.5729,0.4506,An_individual_raises_their_left_arm_to_wave,84,True
9419,0.7891,0.5711,0.4507,A_person_positions_their_right_arm_to_touch_their_head,13,True
9420,0.7091,0.636,0.451,Someone_applauds_by_clapping,85,True
9421,0.7074,0.6375,0.451,A_person_practices_push-ups,76,True
9422,0.7683,0.5873,0.4512,A_person_does_push-ups,16,True
9423,0.7842,0.5754,0.4512,Someone_moves_their_left_arm_to_greet,85,True
9424,0.6881,0.6558,0.4512,A_person_creates_a_clapping_noise_with_their_hands,85,True
9425,0.742,0.6082,0.4512,A_person_is_completing_push-ups,44,True
9426,0.6632,0.6807,0.4514,A_person_lifts_their_left_arm_to_signal,16,True
9427,0.7901,0.5714,0.4515,An_individual_brings_their_right_arm_up_to_their_head,5,True
9428,0.7171,0.6298,0.4516,A_person_is_completing_push-ups,3,True
9429,0.7951,0.5682,0.4517,An_individual_uses_their_left_arm_to_wave,85,True
9430,0.6934,0.6514,0.4517,Someone_gestures_with_their_left_arm,53,True
9431,0.6586,0.6859,0.4517,A_person_jumps_very_high,30,True
9432,0.8211,0.5501,0.4517,Someone_waves_with_their_left_arm,75,True
9433,0.8104,0.5574,0.4517,A_person_raises_the_right_arm_to_touch_their_head,14,True
9434,0.7704,0.5863,0.4517,An_individual_extends_their_right_arm_to_their_head,12,True
9435,0.7397,0.6108,0.4518,A_person_is_completing_push-ups,96,True
9436,0.7518,0.6009,0.4518,An_individual_lifts_a_knee_up_to_their_chest,19,True
9437,0.6533,0.6915,0.4518,An_individual_makes_a_clapping_motion,19,True
9438,0.7457,0.606,0.4519,An_individual_is_doing_push-ups,94,True
9439,0.8154,0.5543,0.452,A_person_moves_their_right_arm_to_touch_their_head,64,True
9440,0.7501,0.6027,0.4521,Someone_works_out_with_push-ups,89,True
9441,0.8323,0.5432,0.4521,Someone_lifts_their_right_arm_and_touches_their_head,83,True
9442,0.7133,0.6341,0.4523,Someone_gestures_with_their_left_arm,93,True
9443,0.8007,0.5649,0.4523,A_person_moves_their_left_arm_in_a_waving_motion,29,True
9444,0.792,0.5711,0.4523,A_person_moves_their_right_arm_to_touch_their_head,96,True
9445,0.7223,0.6264,0.4524,An_individual_is_doing_push-ups,29,True
9446,0.8108,0.5579,0.4524,An_individual_extends_their_right_arm_to_their_head,46,True
9447,0.7214,0.6271,0.4524,Someone_gestures_with_their_left_arm,11,True
9448,0.7418,0.6101,0.4526,Someone_works_out_with_push-ups,35,True
9449,0.7974,0.5677,0.4526,An_individual_extends_their_right_arm_to_their_head,51,True
9450,0.7252,0.6241,0.4526,A_person_is_completing_push-ups,8,True
9451,0.6806,0.6651,0.4526,A_person_does_a_forward_roll_and_gets_up,23,True
9452,0.8261,0.548,0.4527,Someone_waves_their_left_arm,16,True
9453,0.7266,0.6232,0.4528,A_person_spins_in_a_pirouette,84,True
9454,0.7052,0.6421,0.4528,A_person_creates_a_clapping_noise_with_their_hands,1,True
9455,0.7234,0.6261,0.4529,An_individual_is_doing_push-ups,62,True
9456,0.7224,0.627,0.4529,Someone_applauds_by_clapping,89,True
9457,0.6938,0.6528,0.4529,Someone_makes_a_clapping_sound,53,True
9458,0.7321,0.6187,0.453,Someone_works_out_with_push-ups,72,True
9459,0.8093,0.5597,0.453,A_person_raises_the_right_arm_to_touch_their_head,91,True
9460,0.7294,0.6212,0.4531,A_person_does_push-ups,60,True
9461,0.7623,0.5945,0.4532,An_individual_raises_their_left_arm_to_wave,89,True
9462,0.7535,0.6016,0.4533,A_person_turns_around_in_a_pirouette,53,True
9463,0.7743,0.5855,0.4534,An_individual_raises_their_left_arm_to_wave,88,True
9464,0.7827,0.5794,0.4535,An_individual_brings_their_right_arm_up_to_their_head,71,True
9465,0.7019,0.6461,0.4535,Someone_applauds_by_clapping,57,True
9466,0.7176,0.6319,0.4535,An_individual_makes_a_clapping_motion,43,True
9467,0.7532,0.6022,0.4536,Someone_raises_their_right_arm_to_reach_their_head,37,True
9468,0.7066,0.6419,0.4536,Someone_rolls_in_a_forward_motion_and_stands_up,89,True
9469,0.6672,0.6799,0.4536,A_person_jumps_straight_up,94,True
9470,0.8232,0.5511,0.4537,An_individual_extends_their_right_arm_to_their_head,64,True
9471,0.7322,0.6198,0.4538,An_individual_does_a_set_of_push-ups,63,True
9472,0.6989,0.6493,0.4538,A_person_spins_in_a_pirouette,67,True
9473,0.7292,0.6225,0.4539,Someone_applauds_by_clapping,6,True
9474,0.6676,0.6799,0.4539,Someone_makes_a_clapping_sound,40,True
9475,0.8415,0.5394,0.4539,An_individual_brings_their_right_arm_up_to_their_head,58,True
9476,0.7406,0.6131,0.454,A_person_is_completing_push-ups,31,True
9477,0.7734,0.587,0.454,An_individual_engages_in_push-ups,66,True
9478,0.7211,0.6298,0.4542,A_person_spins_in_a_pirouette,11,True
9479,0.7647,0.5941,0.4543,A_person_moves_their_left_arm_in_a_waving_motion,41,True
9480,0.7442,0.6106,0.4544,An_individual_is_doing_push-ups,70,True
9481,0.6681,0.6803,0.4545,A_person_jumps_very_high,98,True
9482,0.6424,0.7074,0.4545,A_person_jumps_very_high,73,True
9483,0.7686,0.5913,0.4545,Someone_makes_a_waving_motion_with_their_left_arm,49,True
9484,0.7448,0.6102,0.4545,Someone_works_out_with_push-ups,32,True
9485,0.7603,0.5979,0.4546,Someone_raises_their_right_arm_to_reach_their_head,55,True
9486,0.7932,0.5732,0.4546,An_individual_uses_their_left_arm_to_wave,87,True
9487,0.7578,0.5999,0.4546,An_individual_is_doing_push-ups,4,True
9488,0.7218,0.6299,0.4546,A_person_spins_in_a_pirouette,9,True
9489,0.7058,0.6441,0.4546,A_person_is_completing_push-ups,2,True
9490,0.727,0.6255,0.4547,A_person_jumps_straight_up,28,True
9491,0.7566,0.601,0.4547,An_individual_is_doing_push-ups,61,True
9492,0.8114,0.5605,0.4548,Someone_raises_their_right_arm_to_reach_their_head,79,True
9493,0.7765,0.5857,0.4548,An_individual_does_a_set_of_push-ups,80,True
9494,0.7934,0.5734,0.4549,Someone_waves_with_their_left_arm,84,True
9495,0.7564,0.6015,0.455,Someone_executes_push-ups,10,True
9496,0.7765,0.5861,0.4551,A_person_moves_their_left_arm_in_a_waving_motion,86,True
9497,0.7967,0.5712,0.4551,An_individual_brings_their_right_arm_up_to_their_head,7,True
9498,0.7886,0.5771,0.4551,A_person_raises_the_right_arm_to_touch_their_head,48,True
9499,0.7649,0.5952,0.4552,Someone_works_out_with_push-ups,47,True
9500,0.7528,0.6049,0.4553,Someone_executes_push-ups,78,True
9501,0.7242,0.6287,0.4553,A_person_is_completing_push-ups,29,True
9502,0.7783,0.5851,0.4554,A_person_moves_their_right_arm_to_touch_their_head,14,True
9503,0.7266,0.6268,0.4554,Someone_executes_push-ups,58,True
9504,0.7517,0.6061,0.4556,Someone_gestures_with_their_left_arm,35,True
9505,0.8052,0.5658,0.4556,Someone_waves_their_left_arm,48,True
9506,0.758,0.6011,0.4556,An_individual_uses_their_left_arm_to_wave,63,True
9507,0.7459,0.6111,0.4558,Someone_executes_push-ups,6,True
9508,0.7971,0.5719,0.4559,Someone_moves_their_left_arm_to_greet,50,True
9509,0.7582,0.6013,0.4559,Someone_executes_push-ups,38,True
9510,0.6866,0.6642,0.456,A_person_claps_their_hands,59,True
9511,0.7446,0.6127,0.4562,An_individual_is_doing_push-ups,43,True
9512,0.6981,0.6535,0.4562,An_individual_makes_a_clapping_motion,14,True
9513,0.6516,0.7003,0.4563,A_person_jumps_very_high,56,True
9514,0.6905,0.6607,0.4563,Someone_makes_a_clapping_sound,74,True
9515,0.778,0.5866,0.4564,Someone_moves_their_left_arm_to_greet,74,True
9516,0.7319,0.6236,0.4564,Someone_works_out_with_push-ups,31,True
9517,0.8009,0.5699,0.4565,An_individual_extends_their_right_arm_to_their_head,22,True
9518,0.7771,0.5877,0.4566,Someone_raises_their_right_arm_to_reach_their_head,85,True
9519,0.7916,0.5768,0.4566,A_person_pulls_their_knee_up_to_their_chest,36,True
9520,0.7351,0.6213,0.4567,Someone_executes_push-ups,89,True
9521,0.7953,0.5743,0.4568,Someone_makes_a_waving_motion_with_their_left_arm,69,True
9522,0.7533,0.6064,0.4568,Someone_applauds_by_clapping,91,True
9523,0.765,0.5971,0.4568,An_individual_is_doing_push-ups,41,True
9524,0.6695,0.6824,0.4568,An_individual_hops_up_high,56,True
9525,0.7889,0.5791,0.4569,Someone_raises_their_right_arm_to_reach_their_head,31,True
9526,0.8027,0.5693,0.457,Someone_raises_their_right_arm_to_reach_their_head,48,True
9527,0.7478,0.6112,0.457,An_individual_is_doing_push-ups,19,True
9528,0.6615,0.6911,0.4571,A_person_jumps_very_high,65,True
9529,0.7773,0.5881,0.4571,A_person_brings_their_right_arm_up_to_their_head,15,True
9530,0.7434,0.6151,0.4572,An_individual_does_a_set_of_push-ups,29,True
9531,0.7272,0.6287,0.4572,A_person_jumps_straight_up,87,True
9532,0.8489,0.5386,0.4572,Someone_lifts_their_right_arm_and_touches_their_head,12,True
9533,0.7397,0.6181,0.4572,Someone_executes_push-ups,63,True
9534,0.7209,0.6342,0.4572,An_individual_makes_a_clapping_motion,59,True
9535,0.6678,0.6847,0.4572,A_person_jumps_straight_up,74,True
9536,0.7328,0.6242,0.4574,An_individual_does_a_set_of_push-ups,47,True
9537,0.7818,0.5851,0.4574,A_person_raises_the_right_arm_to_touch_their_head,51,True
9538,0.738,0.6199,0.4574,An_individual_is_doing_push-ups,44,True
9539,0.7857,0.5824,0.4576,An_individual_uses_their_left_arm_to_wave,83,True
9540,0.8156,0.561,0.4576,An_individual_extends_their_right_arm_to_their_head,5,True
9541,0.8137,0.5627,0.4579,An_individual_extends_their_right_arm_to_their_head,76,True
9542,0.832,0.5503,0.4579,A_person_moves_their_right_arm_to_touch_their_head,98,True
9543,0.7889,0.5806,0.458,An_individual_uses_their_left_arm_to_wave,86,True
9544,0.7796,0.5875,0.458,A_person_moves_their_right_arm_to_touch_their_head,83,True
9545,0.6679,0.6858,0.458,A_person_jumps_straight_up,17,True
9546,0.8227,0.5566,0.458,Someone_raises_their_right_arm_to_reach_their_head,86,True
9547,0.8032,0.5702,0.458,Someone_raises_their_right_arm_to_reach_their_head,77,True
9548,0.7161,0.6395,0.458,A_person_creates_a_clapping_noise_with_their_hands,2,True
9549,0.8069,0.5677,0.4581,A_person_moves_their_right_arm_to_touch_their_head,33,True
9550,0.6607,0.6934,0.4582,An_individual_makes_a_clapping_motion,67,True
9551,0.6983,0.6563,0.4583,A_person_lifts_their_left_arm_to_signal,21,True
9552,0.7524,0.6091,0.4583,An_individual_does_a_set_of_push-ups,36,True
9553,0.7541,0.6077,0.4583,An_individual_does_a_set_of_push-ups,52,True
9554,0.764,0.6004,0.4587,An_individual_does_a_set_of_push-ups,51,True
9555,0.753,0.6092,0.4587,An_individual_raises_their_left_arm_to_wave,63,True
9556,0.7283,0.6299,0.4588,A_person_does_push-ups,59,True
9557,0.7606,0.6034,0.4589,An_individual_raises_their_left_arm_to_wave,17,True
9558,0.8001,0.5735,0.4589,Someone_waves_their_left_arm,26,True
9559,0.6356,0.7222,0.459,A_person_jumps_really_high,56,True
9560,0.7041,0.6519,0.459,A_person_carries_out_push-ups,22,True
9561,0.8282,0.5542,0.459,An_individual_extends_their_right_arm_to_their_head,82,True
9562,0.7369,0.6229,0.459,An_individual_is_doing_push-ups,20,True
9563,0.7852,0.5845,0.459,A_person_lifts_their_right_arm_to_touch_their_head,21,True
9564,0.7338,0.6256,0.459,A_person_is_completing_push-ups,66,True
9565,0.8096,0.5671,0.4591,An_individual_extends_their_right_arm_to_their_head,83,True
9566,0.7426,0.6183,0.4592,An_individual_does_a_set_of_push-ups,54,True
9567,0.714,0.6432,0.4592,An_individual_makes_a_clapping_motion,30,True
9568,0.7847,0.5854,0.4594,An_individual_uses_their_left_arm_to_wave,73,True
9569,0.696,0.6601,0.4594,Someone_applauds_by_clapping,70,True
9570,0.7953,0.5776,0.4594,A_person_moves_their_right_arm_to_touch_their_head,91,True
9571,0.7694,0.5972,0.4595,An_individual_uses_their_left_arm_to_wave,10,True
9572,0.8069,0.5694,0.4595,Someone_lifts_their_right_arm_and_touches_their_head,3,True
9573,0.8018,0.5732,0.4596,Someone_moves_their_left_arm_to_greet,93,True
9574,0.8082,0.5686,0.4596,Someone_lifts_their_right_arm_and_touches_their_head,96,True
9575,0.7569,0.6073,0.4597,An_individual_does_a_turning_pirouette,12,True
9576,0.6397,0.7186,0.4597,An_individual_makes_a_high_jump,35,True
9577,0.7992,0.5754,0.4598,Someone_raises_their_right_arm_to_reach_their_head,53,True
9578,0.7742,0.594,0.4599,An_individual_uses_their_left_arm_to_wave,42,True
9579,0.7659,0.6006,0.46,An_individual_raises_their_left_arm_to_wave,91,True
9580,0.7852,0.586,0.4601,An_individual_extends_their_right_arm_to_their_head,98,True
9581,0.737,0.6243,0.4601,A_person_lifts_their_left_arm_to_signal,2,True
9582,0.7485,0.6147,0.4601,An_individual_raises_their_left_arm_to_wave,46,True
9583,0.7911,0.5818,0.4602,A_person_moves_their_right_arm_to_touch_their_head,11,True
9584,0.7148,0.6439,0.4602,A_person_rolls_forward_and_returns_to_a_standing_position,32,True
9585,0.8511,0.5408,0.4603,Someone_lifts_their_right_arm_and_touches_their_head,70,True
9586,0.7076,0.6506,0.4604,A_person_creates_a_clapping_noise_with_their_hands,94,True
9587,0.8509,0.541,0.4604,An_individual_brings_their_right_arm_up_to_their_head,83,True
9588,0.8029,0.5734,0.4604,A_person_moves_their_right_arm_to_touch_their_head,51,True
9589,0.789,0.5838,0.4606,Someone_raises_their_right_arm_to_reach_their_head,38,True
9590,0.6643,0.6934,0.4606,A_person_does_a_high_jump,68,True
9591,0.7428,0.6203,0.4607,An_individual_is_doing_push-ups,72,True
9592,0.7941,0.5802,0.4607,An_individual_uses_their_left_arm_to_wave,23,True
9593,0.798,0.5774,0.4608,A_person_raises_the_right_arm_to_touch_their_head,34,True
9594,0.7406,0.6221,0.4608,A_person_swings_their_left_arm_back_and_forth,55,True
9595,0.7556,0.6099,0.4609,Someone_works_out_with_push-ups,22,True
9596,0.7561,0.6095,0.4609,An_individual_is_doing_push-ups,76,True
9597,0.7373,0.6253,0.461,A_person_jumps_straight_up,90,True
9598,0.8038,0.5736,0.461,Someone_waves_with_their_left_arm,7,True
9599,0.7918,0.5823,0.4611,A_person_raises_the_right_arm_to_touch_their_head,55,True
9600,0.745,0.6189,0.4611,An_individual_is_doing_push-ups,30,True
9601,0.7425,0.621,0.4612,Someone_works_out_with_push-ups,37,True
9602,0.7611,0.606,0.4612,A_person_raises_the_right_arm_to_touch_their_head,16,True
9603,0.7735,0.5965,0.4614,An_individual_extends_their_right_arm_to_their_head,69,True
9604,0.77,0.5993,0.4614,An_individual_uses_their_left_arm_to_wave,41,True
9605,0.7001,0.6592,0.4615,A_person_creates_a_clapping_noise_with_their_hands,61,True
9606,0.7409,0.6229,0.4615,An_individual_is_doing_push-ups,21,True
9607,0.7471,0.6177,0.4615,Someone_moves_their_left_arm_to_greet,0,True
9608,0.8091,0.5704,0.4615,Someone_waves_their_left_arm,61,True
9609,0.7441,0.6205,0.4617,An_individual_does_a_set_of_push-ups,75,True
9610,0.7012,0.6585,0.4617,A_person_jumps_straight_up,13,True
9611,0.7711,0.5988,0.4617,Someone_works_out_with_push-ups,10,True
9612,0.7629,0.6053,0.4618,Someone_executes_push-ups,83,True
9613,0.7848,0.5884,0.4618,Someone_makes_a_waving_motion_with_their_left_arm,48,True
9614,0.6312,0.7317,0.4618,A_person_does_a_high_jump,14,True
9615,0.7571,0.61,0.4619,Someone_executes_push-ups,80,True
9616,0.7562,0.6109,0.4619,An_individual_does_a_set_of_push-ups,92,True
9617,0.7295,0.6333,0.462,A_person_is_completing_push-ups,89,True
9618,0.7524,0.6142,0.4621,An_individual_is_doing_push-ups,89,True
9619,0.7432,0.6219,0.4622,A_person_is_completing_push-ups,22,True
9620,0.7677,0.6022,0.4623,Someone_makes_a_waving_motion_with_their_left_arm,68,True
9621,0.8426,0.5487,0.4623,Someone_lifts_their_right_arm_and_touches_their_head,14,True
9622,0.6913,0.6686,0.4623,A_person_lifts_their_left_arm_to_signal,5,True
9623,0.8059,0.5737,0.4624,A_person_lifts_their_right_arm_to_touch_their_head,2,True
9624,0.795,0.5816,0.4624,Someone_raises_their_right_arm_to_reach_their_head,11,True
9625,0.7807,0.5926,0.4626,A_person_moves_their_right_arm_to_touch_their_head,6,True
9626,0.6576,0.7036,0.4627,An_individual_makes_a_high_jump,84,True
9627,0.7085,0.653,0.4627,A_person_creates_a_clapping_noise_with_their_hands,70,True
9628,0.7816,0.5921,0.4627,Someone_moves_their_left_arm_to_greet,39,True
9629,0.7268,0.6367,0.4628,A_person_carries_out_push-ups,81,True
9630,0.7368,0.6281,0.4628,An_individual_is_doing_push-ups,13,True
9631,0.754,0.6138,0.4628,A_person_does_push-ups,92,True
9632,0.8053,0.5748,0.4629,Someone_raises_their_right_arm_to_reach_their_head,49,True
9633,0.6918,0.669,0.4629,A_person_creates_a_clapping_noise_with_their_hands,33,True
9634,0.6864,0.6743,0.4629,Someone_applauds_by_clapping,58,True
9635,0.7946,0.5825,0.4629,An_individual_brings_their_right_arm_up_to_their_head,16,True
9636,0.795,0.5822,0.4629,An_individual_uses_their_left_arm_to_wave,88,True
9637,0.7964,0.5813,0.4629,An_individual_extends_their_right_arm_to_their_head,63,True
9638,0.6991,0.6626,0.4632,Someone_gestures_with_their_left_arm,37,True
9639,0.7707,0.601,0.4632,An_individual_does_a_set_of_push-ups,98,True
9640,0.7838,0.5911,0.4633,An_individual_uses_their_left_arm_to_wave,89,True
9641,0.8184,0.5661,0.4633,An_individual_extends_their_right_arm_to_their_head,24,True
9642,0.7152,0.6477,0.4633,A_person_swings_their_left_arm_back_and_forth,3,True
9643,0.7795,0.5945,0.4634,A_person_brings_their_right_arm_up_to_their_head,19,True
9644,0.682,0.6796,0.4634,An_individual_makes_a_high_jump,70,True
9645,0.7527,0.6157,0.4635,An_individual_rolls_forward_and_quickly_gets_up,25,True
9646,0.7627,0.6077,0.4635,A_person_does_push-ups,10,True
9647,0.7587,0.611,0.4636,An_individual_uses_their_left_arm_to_wave,70,True
9648,0.7358,0.6301,0.4637,A_person_does_push-ups,94,True
9649,0.6438,0.7202,0.4637,A_person_lifts_their_left_arm_to_signal,85,True
9650,0.7493,0.6189,0.4638,An_individual_does_a_set_of_push-ups,42,True
9651,0.6702,0.6923,0.464,A_person_jumps_very_high,24,True
9652,0.7317,0.6341,0.464,Someone_applauds_by_clapping,90,True
9653,0.8466,0.5481,0.464,An_individual_brings_their_right_arm_up_to_their_head,86,True
9654,0.7778,0.5966,0.464,An_individual_does_a_set_of_push-ups,25,True
9655,0.7677,0.6045,0.4641,Someone_gestures_with_their_left_arm,43,True
9656,0.7911,0.587,0.4643,An_individual_uses_their_left_arm_to_wave,12,True
9657,0.7736,0.6004,0.4645,An_individual_uses_their_left_arm_to_wave,50,True
9658,0.7648,0.6073,0.4645,A_person_positions_their_right_arm_to_touch_their_head,46,True
9659,0.7088,0.6555,0.4647,An_individual_makes_a_clapping_motion,37,True
9660,0.7234,0.6426,0.4649,Someone_leans_down_to_touch_their_toes_and_stands_back_up,99,True
9661,0.7532,0.6173,0.465,A_person_is_completing_push-ups,46,True
9662,0.7074,0.6574,0.465,An_individual_hops_up_high,4,True
9663,0.8155,0.5702,0.465,An_individual_brings_their_right_arm_up_to_their_head,66,True
9664,0.7932,0.5865,0.4652,Someone_makes_a_waving_motion_with_their_left_arm,76,True
9665,0.7802,0.5963,0.4653,An_individual_engages_in_push-ups,79,True
9666,0.6792,0.685,0.4653,A_person_does_a_forward_roll_and_gets_up,14,True
9667,0.8094,0.5749,0.4653,Someone_lifts_their_right_arm_and_touches_their_head,7,True
9668,0.8358,0.5567,0.4653,Someone_waves_their_left_arm,30,True
9669,0.7507,0.6198,0.4653,An_individual_is_doing_push-ups,0,True
9670,0.8307,0.5602,0.4654,Someone_lifts_their_right_arm_and_touches_their_head,82,True
9671,0.8335,0.5584,0.4654,A_person_moves_their_right_arm_to_touch_their_head,40,True
9672,0.7736,0.6017,0.4655,Someone_works_out_with_push-ups,9,True
9673,0.727,0.6403,0.4655,An_individual_does_a_set_of_push-ups,87,True
9674,0.7422,0.6272,0.4655,An_individual_does_a_set_of_push-ups,35,True
9675,0.7826,0.595,0.4656,An_individual_waves_hello_with_their_left_arm,57,True
9676,0.8457,0.5508,0.4658,An_individual_extends_their_right_arm_to_their_head,25,True
9677,0.8278,0.5627,0.4658,A_person_moves_their_right_arm_to_touch_their_head,15,True
9678,0.6632,0.7024,0.4659,A_person_jumps_very_high,99,True
9679,0.8491,0.5487,0.4659,An_individual_brings_their_right_arm_up_to_their_head,97,True
9680,0.7231,0.6443,0.4659,An_individual_jumps_up_into_the_air,73,True
9681,0.7419,0.6281,0.466,Someone_makes_a_waving_motion_with_their_left_arm,94,True
9682,0.7225,0.6449,0.466,A_person_is_completing_push-ups,35,True
9683,0.6745,0.6909,0.466,A_person_claps_their_hands,16,True
9684,0.8276,0.5632,0.4661,Someone_moves_their_left_arm_to_greet,72,True
9685,0.6742,0.6914,0.4661,A_person_stretches_to_touch_their_toes_and_then_rises,31,True
9686,0.6848,0.6806,0.4661,A_person_jumps_straight_up,2,True
9687,0.7483,0.6228,0.4661,Someone_works_out_with_push-ups,44,True
9688,0.8017,0.5814,0.4661,A_person_positions_their_right_arm_to_touch_their_head,62,True
9689,0.6732,0.6925,0.4662,A_person_jumps_very_high,28,True
9690,0.7405,0.6297,0.4663,An_individual_does_a_set_of_push-ups,59,True
9691,0.7476,0.6238,0.4663,An_individual_does_a_set_of_push-ups,74,True
9692,0.714,0.6531,0.4663,A_person_jumps_straight_up,31,True
9693,0.7715,0.6045,0.4664,Someone_works_out_with_push-ups,54,True
9694,0.6939,0.6722,0.4665,An_individual_makes_a_clapping_motion,25,True
9695,0.8276,0.5636,0.4665,An_individual_extends_their_right_arm_to_their_head,97,True
9696,0.7661,0.609,0.4665,An_individual_does_a_set_of_push-ups,23,True
9697,0.7998,0.5833,0.4665,A_person_raises_the_right_arm_to_touch_their_head,12,True
9698,0.7847,0.5945,0.4665,A_person_moves_their_right_arm_to_touch_their_head,25,True
9699,0.7486,0.6233,0.4666,Someone_works_out_with_push-ups,95,True
9700,0.697,0.6694,0.4666,A_person_creates_a_clapping_noise_with_their_hands,13,True
9701,0.7559,0.6172,0.4666,An_individual_is_doing_push-ups,6,True
9702,0.7811,0.5979,0.467,An_individual_raises_their_left_arm_to_wave,2,True
9703,0.763,0.612,0.467,Someone_works_out_with_push-ups,27,True
9704,0.726,0.6433,0.467,Someone_performs_a_forward_roll_and_then_stands,75,True
9705,0.7544,0.6191,0.467,An_individual_uses_their_left_arm_to_wave,30,True
9706,0.8273,0.5645,0.467,Someone_moves_their_left_arm_to_greet,75,True
9707,0.7374,0.6334,0.4671,An_individual_does_a_set_of_push-ups,72,True
9708,0.7553,0.6184,0.4671,Someone_executes_push-ups,96,True
9709,0.6874,0.6797,0.4673,A_person_creates_a_clapping_noise_with_their_hands,7,True
9710,0.7448,0.6274,0.4673,Someone_gestures_with_their_left_arm,58,True
9711,0.8125,0.5752,0.4674,Someone_lifts_their_right_arm_and_touches_their_head,57,True
9712,0.6566,0.7118,0.4674,A_person_jumps_very_high,9,True
9713,0.688,0.6796,0.4675,An_individual_makes_a_clapping_motion,70,True
9714,0.7634,0.6125,0.4676,Someone_works_out_with_push-ups,75,True
9715,0.6997,0.6683,0.4676,An_individual_jumps_up_into_the_air,93,True
9716,0.7878,0.5936,0.4676,An_individual_raises_their_left_arm_to_wave,23,True
9717,0.6611,0.7075,0.4678,A_person_jumps_very_high,25,True
9718,0.6542,0.7151,0.4678,A_person_jumps_very_high,41,True
9719,0.7239,0.6461,0.4678,A_person_jumps_very_high,0,True
9720,0.7728,0.6055,0.4679,Someone_makes_a_waving_motion_with_their_left_arm,9,True
9721,0.752,0.6223,0.468,Someone_works_out_with_push-ups,87,True
9722,0.6325,0.7399,0.468,A_person_jumps_really_high,50,True
9723,0.8528,0.5488,0.468,A_person_positions_their_right_arm_to_touch_their_head,87,True
9724,0.8003,0.585,0.4681,Someone_makes_a_waving_motion_with_their_left_arm,47,True
9725,0.7768,0.6028,0.4683,An_individual_does_a_set_of_push-ups,28,True
9726,0.761,0.6154,0.4683,An_individual_uses_their_left_arm_to_wave,80,True
9727,0.7393,0.6335,0.4683,An_individual_is_doing_push-ups,2,True
9728,0.8028,0.5833,0.4683,Someone_makes_a_waving_motion_with_their_left_arm,13,True
9729,0.6886,0.6802,0.4684,An_individual_hops_up_high,20,True
9730,0.6892,0.68,0.4687,A_person_jumps_straight_up,53,True
9731,0.7318,0.6405,0.4687,A_person_is_completing_push-ups,93,True
9732,0.6191,0.7571,0.4687,A_person_jumps_really_high,5,True
9733,0.7976,0.5876,0.4687,A_person_brings_their_right_arm_up_to_their_head,14,True
9734,0.7504,0.6249,0.4689,An_individual_uses_their_left_arm_to_wave,93,True
9735,0.802,0.5846,0.4689,An_individual_extends_their_right_arm_to_their_head,99,True
9736,0.7745,0.6056,0.469,An_individual_uses_their_left_arm_to_wave,76,True
9737,0.8092,0.5796,0.469,Someone_raises_their_right_arm_to_reach_their_head,19,True
9738,0.6782,0.6915,0.469,An_individual_makes_a_clapping_motion,79,True
9739,0.805,0.5826,0.4691,Someone_waves_with_their_left_arm,71,True
9740,0.7367,0.6367,0.4691,An_individual_does_a_set_of_push-ups,2,True
9741,0.7799,0.6017,0.4692,Someone_moves_their_left_arm_to_greet,86,True
9742,0.7851,0.5978,0.4693,An_individual_raises_their_left_arm_to_wave,40,True
9743,0.7577,0.6196,0.4694,An_individual_does_a_set_of_push-ups,8,True
9744,0.6488,0.7235,0.4694,A_person_does_a_forward_roll_and_gets_up,97,True
9745,0.8067,0.5818,0.4694,A_person_moves_their_right_arm_to_touch_their_head,19,True
9746,0.7567,0.6207,0.4697,An_individual_is_doing_push-ups,26,True
9747,0.783,0.5998,0.4697,Someone_works_out_with_push-ups,85,True
9748,0.6761,0.6948,0.4698,A_person_jumps_straight_up,72,True
9749,0.7611,0.6172,0.4698,An_individual_raises_their_right_arm_to_make_contact_with_their_head,33,True
9750,0.8197,0.5731,0.4698,An_individual_extends_their_right_arm_to_their_head,41,True
9751,0.7251,0.648,0.4699,A_person_creates_a_clapping_noise_with_their_hands,26,True
9752,0.7347,0.6395,0.4699,A_person_jumps_straight_up,22,True
9753,0.8361,0.5621,0.4699,A_person_positions_their_right_arm_to_touch_their_head,15,True
9754,0.7923,0.5931,0.4699,An_individual_uses_their_left_arm_to_wave,2,True
9755,0.7173,0.6553,0.47,A_person_turns_around_in_a_pirouette,96,True
9756,0.9042,0.5199,0.4701,Someone_lifts_their_right_arm_and_touches_their_head,56,True
9757,0.7405,0.6348,0.4701,Someone_executes_push-ups,73,True
9758,0.7131,0.6594,0.4702,Someone_gestures_with_their_left_arm,8,True
9759,0.8073,0.5826,0.4703,Someone_raises_their_right_arm_to_reach_their_head,70,True
9760,0.7468,0.6299,0.4704,An_individual_is_doing_push-ups,5,True
9761,0.718,0.6553,0.4705,A_person_carries_out_push-ups,34,True
9762,0.8405,0.5599,0.4705,Someone_waves_their_left_arm,39,True
9763,0.7908,0.5951,0.4706,A_person_moves_their_right_arm_to_touch_their_head,85,True
9764,0.7214,0.6525,0.4707,A_person_carries_out_push-ups,1,True
9765,0.8114,0.5802,0.4708,An_individual_uses_their_left_arm_to_wave,22,True
9766,0.7103,0.6629,0.4709,An_individual_hops_up_high,96,True
9767,0.743,0.6339,0.471,Someone_works_out_with_push-ups,21,True
9768,0.7018,0.6712,0.471,A_person_jumps_very_high,50,True
9769,0.7384,0.638,0.471,A_person_is_completing_push-ups,36,True
9770,0.7612,0.6187,0.471,Someone_works_out_with_push-ups,8,True
9771,0.7543,0.6246,0.4711,An_individual_is_doing_push-ups,57,True
9772,0.8014,0.5879,0.4711,A_person_brings_their_right_arm_up_to_their_head,69,True
9773,0.7699,0.6124,0.4715,An_individual_uses_their_left_arm_to_wave,62,True
9774,0.734,0.6426,0.4717,Someone_works_out_with_push-ups,84,True
9775,0.7452,0.6331,0.4718,A_person_moves_their_left_arm_in_a_waving_motion,91,True
9776,0.7306,0.6458,0.4718,A_person_does_a_forward_roll_and_gets_up,64,True
9777,0.6952,0.6786,0.4718,A_person_jumps_very_high,71,True
9778,0.7818,0.6036,0.4719,An_individual_waves_hello_with_their_left_arm,8,True
9779,0.7973,0.5919,0.4719,An_individual_uses_their_left_arm_to_wave,59,True
9780,0.7639,0.6178,0.472,An_individual_extends_their_right_arm_to_their_head,85,True
9781,0.8006,0.5895,0.472,An_individual_raises_their_left_arm_to_wave,53,True
9782,0.7532,0.6267,0.4721,A_person_is_completing_push-ups,62,True
9783,0.7945,0.5943,0.4722,A_person_moves_their_right_arm_to_touch_their_head,82,True
9784,0.8143,0.5799,0.4722,An_individual_brings_their_right_arm_up_to_their_head,90,True
9785,0.7582,0.6229,0.4723,A_person_raises_the_right_arm_to_touch_their_head,75,True
9786,0.7513,0.6287,0.4724,A_person_does_a_forward_roll_and_gets_up,13,True
9787,0.7764,0.6084,0.4724,Someone_works_out_with_push-ups,41,True
9788,0.7786,0.607,0.4726,Someone_touches_their_toes_and_then_lifts_themselves_up,57,True
9789,0.7692,0.6145,0.4727,Someone_gestures_with_their_left_arm,79,True
9790,0.7734,0.6115,0.473,An_individual_uses_their_left_arm_to_wave,91,True
9791,0.8262,0.5728,0.4732,An_individual_brings_their_right_arm_up_to_their_head,61,True
9792,0.717,0.66,0.4732,An_individual_does_a_set_of_push-ups,34,True
9793,0.8373,0.5651,0.4732,An_individual_brings_their_right_arm_up_to_their_head,15,True
9794,0.6568,0.7206,0.4733,An_individual_rolls_forward_and_rises,91,True
9795,0.7502,0.6309,0.4733,Someone_applauds_by_clapping,40,True
9796,0.6608,0.7163,0.4734,A_person_jumps_very_high,96,True
9797,0.7312,0.6475,0.4735,An_individual_tumbles_forward_and_then_gets_up,29,True
9798,0.8279,0.5719,0.4735,A_person_brings_their_right_arm_up_to_their_head,18,True
9799,0.8235,0.5751,0.4736,A_person_positions_their_right_arm_to_touch_their_head,74,True
9800,0.7741,0.6119,0.4737,A_person_practices_push-ups,63,True
9801,0.7439,0.6368,0.4737,Someone_executes_push-ups,45,True
9802,0.6756,0.7011,0.4737,An_individual_makes_a_clapping_motion,61,True
9803,0.7996,0.5926,0.4738,A_person_raises_the_right_arm_to_touch_their_head,2,True
9804,0.6828,0.6938,0.4738,A_person_lifts_their_left_arm_to_signal,13,True
9805,0.7681,0.6169,0.4738,Someone_works_out_with_push-ups,70,True
9806,0.7659,0.6187,0.4739,Someone_works_out_with_push-ups,42,True
9807,0.7451,0.6363,0.4741,Someone_applauds_by_clapping,5,True
9808,0.6736,0.7038,0.4741,A_person_jumps_very_high,81,True
9809,0.7898,0.6005,0.4742,Someone_raises_their_right_arm_to_reach_their_head,20,True
9810,0.8009,0.5922,0.4743,An_individual_extends_their_right_arm_to_their_head,72,True
9811,0.7407,0.6403,0.4743,Someone_leaps_up_high,51,True
9812,0.7259,0.6535,0.4744,An_individual_does_a_set_of_push-ups,95,True
9813,0.8248,0.5752,0.4744,An_individual_extends_their_right_arm_to_their_head,59,True
9814,0.7499,0.6327,0.4745,An_individual_does_a_set_of_push-ups,55,True
9815,0.7433,0.6383,0.4745,An_individual_is_doing_push-ups,7,True
9816,0.7836,0.6057,0.4746,An_individual_raises_their_left_arm_to_wave,65,True
9817,0.7882,0.6022,0.4746,Someone_works_out_with_push-ups,96,True
9818,0.7549,0.6287,0.4747,Someone_executes_push-ups,21,True
9819,0.7267,0.6533,0.4747,A_person_jumps_very_high,38,True
9820,0.7393,0.6422,0.4748,Someone_works_out_with_push-ups,60,True
9821,0.7928,0.5989,0.4748,Someone_lifts_their_right_arm_and_touches_their_head,75,True
9822,0.8106,0.5861,0.475,An_individual_brings_their_right_arm_up_to_their_head,65,True
9823,0.7863,0.6041,0.475,An_individual_raises_their_left_arm_to_wave,1,True
9824,0.8116,0.5854,0.4751,An_individual_brings_their_right_arm_up_to_their_head,64,True
9825,0.7727,0.6149,0.4751,An_individual_uses_their_left_arm_to_wave,19,True
9826,0.732,0.649,0.4751,A_person_is_completing_push-ups,87,True
9827,0.7571,0.6276,0.4752,A_person_is_completing_push-ups,15,True
9828,0.7995,0.5945,0.4753,Someone_lifts_their_right_arm_and_touches_their_head,67,True
9829,0.8242,0.5766,0.4753,A_person_positions_their_right_arm_to_touch_their_head,27,True
9830,0.6622,0.7179,0.4754,A_person_lifts_their_left_arm_to_signal,97,True
9831,0.7686,0.6187,0.4755,An_individual_does_a_set_of_push-ups,56,True
9832,0.6967,0.6825,0.4755,An_individual_makes_a_high_jump,43,True
9833,0.8395,0.5664,0.4755,An_individual_extends_their_right_arm_to_their_head,86,True
9834,0.8154,0.5834,0.4757,An_individual_waves_hello_with_their_left_arm,90,True
9835,0.7514,0.6331,0.4758,A_person_is_completing_push-ups,78,True
9836,0.8358,0.5693,0.4758,A_person_moves_their_left_arm_in_a_waving_motion,11,True
9837,0.8177,0.5819,0.4759,Someone_lifts_their_right_arm_and_touches_their_head,98,True
9838,0.6797,0.7004,0.476,A_person_jumps_very_high,68,True
9839,0.8293,0.574,0.4761,Someone_raises_their_right_arm_to_reach_their_head,16,True
9840,0.8179,0.5822,0.4762,Someone_waves_their_left_arm,95,True
9841,0.7648,0.6228,0.4763,An_individual_does_a_set_of_push-ups,71,True
9842,0.6512,0.7313,0.4763,A_person_applies_pressure_to_push_a_heavy_object,47,True
9843,0.7395,0.644,0.4763,An_individual_is_doing_push-ups,40,True
9844,0.7793,0.6113,0.4764,An_individual_extends_their_right_arm_to_their_head,66,True
9845,0.8378,0.5687,0.4765,Someone_waves_their_left_arm,37,True
9846,0.7023,0.6787,0.4767,A_person_jumps_very_high,6,True
9847,0.7821,0.6097,0.4768,An_individual_does_a_set_of_push-ups,82,True
9848,0.8061,0.5915,0.4768,An_individual_raises_their_left_arm_to_wave,11,True
9849,0.7871,0.6058,0.4768,A_person_moves_their_right_arm_to_touch_their_head,38,True
9850,0.7409,0.6435,0.4768,Someone_applauds_by_clapping,66,True
9851,0.6878,0.6932,0.4768,A_person_jumps_very_high,33,True
9852,0.7266,0.6563,0.4769,A_person_jumps_straight_up,27,True
9853,0.7602,0.6275,0.477,An_individual_is_doing_push-ups,66,True
9854,0.6837,0.6978,0.4771,An_individual_makes_a_high_jump,28,True
9855,0.7251,0.6579,0.4771,An_individual_brings_their_knee_close_to_their_chest,54,True
9856,0.6836,0.6981,0.4772,A_person_lifts_their_left_arm_to_signal,87,True
9857,0.7396,0.6453,0.4772,Someone_executes_push-ups,11,True
9858,0.8213,0.581,0.4772,An_individual_brings_their_right_arm_up_to_their_head,80,True
9859,0.732,0.6519,0.4772,An_individual_does_a_set_of_push-ups,19,True
9860,0.8238,0.5793,0.4772,A_person_positions_their_right_arm_to_touch_their_head,34,True
9861,0.6191,0.7712,0.4775,A_person_jumps_very_high,74,True
9862,0.823,0.5802,0.4775,Someone_lifts_their_right_arm_and_touches_their_head,90,True
9863,0.8237,0.5798,0.4776,An_individual_brings_their_right_arm_up_to_their_head,32,True
9864,0.7443,0.6418,0.4777,Someone_works_out_with_push-ups,73,True
9865,0.7337,0.6512,0.4778,A_person_is_completing_push-ups,63,True
9866,0.7576,0.6307,0.4778,An_individual_does_a_set_of_push-ups,15,True
9867,0.7243,0.6597,0.4778,A_person_is_completing_push-ups,41,True
9868,0.8034,0.5948,0.4779,An_individual_extends_their_right_arm_to_their_head,11,True
9869,0.8098,0.5902,0.4779,Someone_moves_their_left_arm_to_greet,22,True
9870,0.7108,0.6725,0.478,Someone_gestures_with_their_left_arm,40,True
9871,0.8255,0.579,0.478,Someone_moves_their_left_arm_to_greet,89,True
9872,0.7656,0.6243,0.478,Someone_executes_push-ups,25,True
9873,0.7625,0.6269,0.478,An_individual_waves_hello_with_their_left_arm,4,True
9874,0.7803,0.6128,0.4781,Someone_waves_their_left_arm,79,True
9875,0.7955,0.6012,0.4783,A_person_moves_their_right_arm_to_touch_their_head,72,True
9876,0.7648,0.6256,0.4784,Someone_works_out_with_push-ups,56,True
9877,0.7808,0.6132,0.4788,An_individual_uses_their_left_arm_to_wave,49,True
9878,0.7159,0.6688,0.4788,A_person_does_a_forward_roll_and_gets_up,72,True
9879,0.6829,0.7012,0.4788,Someone_rolls_in_a_forward_motion_and_stands_up,44,True
9880,0.8083,0.5924,0.4789,A_person_moves_their_right_arm_to_touch_their_head,81,True
9881,0.7793,0.6146,0.479,An_individual_does_a_set_of_push-ups,18,True
9882,0.8292,0.5776,0.479,Someone_waves_their_left_arm,93,True
9883,0.7522,0.6369,0.4791,A_person_is_completing_push-ups,21,True
9884,0.7402,0.6473,0.4791,An_individual_makes_a_clapping_motion,11,True
9885,0.7183,0.667,0.4791,A_person_creates_a_clapping_noise_with_their_hands,74,True
9886,0.7684,0.6237,0.4792,An_individual_does_a_set_of_push-ups,85,True
9887,0.7742,0.6191,0.4793,Someone_touches_their_toes_and_then_lifts_themselves_up,14,True
9888,0.7787,0.6155,0.4793,Someone_gestures_with_their_left_arm,69,True
9889,0.8277,0.5791,0.4793,Someone_lifts_their_right_arm_and_touches_their_head,91,True
9890,0.8098,0.5921,0.4795,A_person_positions_their_right_arm_to_touch_their_head,66,True
9891,0.7919,0.6057,0.4796,A_person_moves_their_left_arm_in_a_waving_motion,80,True
9892,0.7935,0.6046,0.4798,Someone_moves_their_left_arm_to_greet,56,True
9893,0.7884,0.6087,0.4799,A_person_raises_the_right_arm_to_touch_their_head,82,True
9894,0.8126,0.5907,0.48,A_person_moves_their_right_arm_to_touch_their_head,75,True
9895,0.84,0.5716,0.4801,An_individual_brings_their_right_arm_up_to_their_head,68,True
9896,0.7656,0.627,0.4801,An_individual_does_a_set_of_push-ups,53,True
9897,0.7122,0.6741,0.4801,A_person_spins_in_a_pirouette,98,True
9898,0.6792,0.7069,0.4801,A_person_jumps_really_high,96,True
9899,0.8093,0.5934,0.4802,A_person_moves_their_right_arm_to_touch_their_head,53,True
9900,0.6988,0.6872,0.4802,A_person_jumps_really_high,67,True
9901,0.8086,0.5938,0.4802,A_person_positions_their_right_arm_to_touch_their_head,72,True
9902,0.8368,0.5738,0.4802,A_person_raises_the_right_arm_to_touch_their_head,10,True
9903,0.8254,0.5818,0.4803,A_person_positions_their_right_arm_to_touch_their_head,52,True
9904,0.6974,0.6888,0.4804,A_person_jumps_very_high,90,True
9905,0.6605,0.7274,0.4805,A_person_lifts_their_left_arm_to_signal,49,True
9906,0.8182,0.5872,0.4805,A_person_moves_their_left_arm_in_a_waving_motion,0,True
9907,0.8413,0.5712,0.4805,A_person_positions_their_right_arm_to_touch_their_head,61,True
9908,0.8441,0.5692,0.4805,Someone_lifts_their_right_arm_and_touches_their_head,34,True
9909,0.8219,0.5848,0.4806,An_individual_extends_their_right_arm_to_their_head,94,True
9910,0.7849,0.6126,0.4808,An_individual_uses_their_left_arm_to_wave,90,True
9911,0.7654,0.6283,0.4809,Someone_applauds_by_clapping,76,True
9912,0.8012,0.6002,0.4809,Someone_raises_their_right_arm_to_reach_their_head,51,True
9913,0.7613,0.6318,0.481,An_individual_is_doing_push-ups,77,True
9914,0.8054,0.5973,0.4811,A_person_raises_the_right_arm_to_touch_their_head,86,True
9915,0.7664,0.6278,0.4811,Someone_works_out_with_push-ups,26,True
9916,0.7648,0.6291,0.4811,A_person_raises_the_right_arm_to_touch_their_head,72,True
9917,0.7901,0.609,0.4812,An_individual_raises_their_left_arm_to_wave,33,True
9918,0.768,0.6266,0.4812,A_person_is_completing_push-ups,74,True
9919,0.677,0.7108,0.4812,A_person_jumps_straight_up,33,True
9920,0.7478,0.6435,0.4812,A_person_jumps_straight_up,56,True
9921,0.7662,0.628,0.4812,A_person_moves_their_left_arm_in_a_waving_motion,54,True
9922,0.7489,0.6425,0.4812,A_person_is_completing_push-ups,51,True
9923,0.684,0.7037,0.4813,Someone_makes_a_clapping_sound,16,True
9924,0.8112,0.5934,0.4814,Someone_raises_their_right_arm_to_reach_their_head,47,True
9925,0.7564,0.6365,0.4814,Someone_gestures_with_their_left_arm,7,True
9926,0.8115,0.5932,0.4814,An_individual_uses_their_left_arm_to_wave,0,True
9927,0.792,0.608,0.4815,Someone_raises_their_right_arm_to_reach_their_head,57,True
9928,0.8199,0.5874,0.4816,Someone_raises_their_right_arm_to_reach_their_head,87,True
9929,0.7465,0.6451,0.4816,Someone_moves_their_left_arm_to_greet,17,True
9930,0.8477,0.5682,0.4817,An_individual_brings_their_right_arm_up_to_their_head,85,True
9931,0.7799,0.618,0.482,Someone_moves_their_left_arm_to_greet,52,True
9932,0.7786,0.6191,0.4821,A_person_raises_the_right_arm_to_touch_their_head,44,True
9933,0.8722,0.5528,0.4822,Someone_lifts_their_right_arm_and_touches_their_head,51,True
9934,0.7845,0.6147,0.4822,Someone_executes_push-ups,93,True
9935,0.8184,0.5894,0.4824,An_individual_uses_their_left_arm_to_wave,3,True
9936,0.7415,0.6508,0.4825,An_individual_makes_a_clapping_motion,15,True
9937,0.8038,0.6002,0.4825,An_individual_uses_their_left_arm_to_wave,97,True
9938,0.6754,0.7143,0.4825,A_person_lifts_their_left_arm_to_signal,39,True
9939,0.7541,0.6403,0.4828,Someone_executes_push-ups,3,True
9940,0.7467,0.6467,0.4828,A_person_jumps_straight_up,49,True
9941,0.6899,0.6998,0.4828,A_person_lifts_their_left_arm_to_signal,69,True
9942,0.7921,0.6096,0.4828,An_individual_uses_their_left_arm_to_wave,6,True
9943,0.7684,0.6283,0.4828,An_individual_does_a_set_of_push-ups,37,True
9944,0.7927,0.6092,0.4829,An_individual_extends_their_right_arm_to_their_head,6,True
9945,0.7798,0.6193,0.4829,An_individual_uses_their_left_arm_to_wave,31,True
9946,0.7648,0.6315,0.483,An_individual_is_doing_push-ups,92,True
9947,0.8094,0.5969,0.4831,Someone_gestures_with_their_left_arm,78,True
9948,0.8186,0.5901,0.4831,Someone_lifts_their_right_arm_and_touches_their_head,92,True
9949,0.7642,0.6323,0.4832,Someone_works_out_with_push-ups,3,True
9950,0.8344,0.5791,0.4832,Someone_raises_their_right_arm_to_reach_their_head,12,True
9951,0.7808,0.619,0.4833,An_individual_uses_their_left_arm_to_wave,16,True
9952,0.696,0.6943,0.4833,An_individual_makes_a_high_jump,27,True
9953,0.8056,0.6001,0.4834,Someone_lifts_their_right_arm_and_touches_their_head,59,True
9954,0.842,0.5742,0.4835,A_person_positions_their_right_arm_to_touch_their_head,86,True
9955,0.8382,0.577,0.4836,A_person_positions_their_right_arm_to_touch_their_head,82,True
9956,0.8048,0.6009,0.4836,An_individual_brings_their_right_arm_up_to_their_head,31,True
9957,0.7751,0.6241,0.4837,An_individual_uses_their_left_arm_to_wave,55,True
9958,0.7586,0.6377,0.4837,Someone_executes_push-ups,53,True
9959,0.8695,0.5563,0.4838,An_individual_brings_their_right_arm_up_to_their_head,48,True
9960,0.774,0.625,0.4838,Someone_executes_push-ups,71,True
9961,0.7764,0.6232,0.4838,An_individual_does_a_set_of_push-ups,78,True
9962,0.7848,0.6166,0.4839,Someone_works_out_with_push-ups,45,True
9963,0.8141,0.5944,0.4839,An_individual_raises_their_left_arm_to_wave,56,True
9964,0.7266,0.6662,0.484,A_person_creates_a_clapping_noise_with_their_hands,41,True
9965,0.821,0.5895,0.484,A_person_moves_their_right_arm_to_touch_their_head,60,True
9966,0.8003,0.6049,0.4841,Someone_lifts_their_right_arm_and_touches_their_head,6,True
9967,0.7684,0.6303,0.4843,An_individual_raises_their_left_arm_to_wave,52,True
9968,0.7745,0.6253,0.4843,Someone_executes_push-ups,85,True
9969,0.7715,0.6278,0.4843,Someone_executes_push-ups,66,True
9970,0.7626,0.6351,0.4843,An_individual_does_a_set_of_push-ups,10,True
9971,0.8469,0.572,0.4844,Someone_waves_their_left_arm,5,True
9972,0.7441,0.6511,0.4845,A_person_turns_around_in_a_pirouette,78,True
9973,0.801,0.6049,0.4845,A_person_moves_their_right_arm_to_touch_their_head,69,True
9974,0.727,0.6667,0.4847,Someone_makes_a_clapping_sound,24,True
9975,0.7938,0.6105,0.4847,Someone_makes_a_waving_motion_with_their_left_arm,5,True
9976,0.805,0.6023,0.4848,Someone_raises_their_right_arm_to_reach_their_head,52,True
9977,0.7912,0.613,0.485,An_individual_uses_their_left_arm_to_wave,34,True
9978,0.813,0.5966,0.485,A_person_positions_their_right_arm_to_touch_their_head,48,True
9979,0.7906,0.6136,0.4851,Someone_moves_their_left_arm_to_greet,96,True
9980,0.786,0.6171,0.4851,Someone_moves_their_left_arm_to_greet,30,True
9981,0.7735,0.6273,0.4852,Someone_works_out_with_push-ups,13,True
9982,0.7773,0.6245,0.4854,An_individual_uses_their_left_arm_to_wave,21,True
9983,0.8387,0.5787,0.4854,Someone_waves_their_left_arm,71,True
9984,0.8322,0.5833,0.4854,Someone_makes_a_waving_motion_with_their_left_arm,60,True
9985,0.7714,0.6294,0.4855,Someone_makes_a_waving_motion_with_their_left_arm,96,True
9986,0.7908,0.614,0.4856,Someone_moves_their_left_arm_to_greet,44,True
9987,0.8093,0.6003,0.4858,A_person_moves_their_left_arm_in_a_waving_motion,56,True
9988,0.6097,0.797,0.4859,A_person_jumps_really_high,97,True
9989,0.7492,0.6488,0.486,An_individual_is_doing_push-ups,28,True
9990,0.7609,0.6389,0.4861,Someone_works_out_with_push-ups,19,True
9991,0.7825,0.6213,0.4862,An_individual_is_doing_push-ups,15,True
9992,0.7285,0.6673,0.4862,A_person_does_a_forward_roll_and_gets_up,8,True
9993,0.8159,0.5959,0.4862,Someone_raises_their_right_arm_to_reach_their_head,15,True
9994,0.735,0.662,0.4866,A_person_carries_out_push-ups,85,True
9995,0.8148,0.5972,0.4866,A_person_raises_the_right_arm_to_touch_their_head,40,True
9996,0.7616,0.6389,0.4866,Someone_makes_a_waving_motion_with_their_left_arm,75,True
9997,0.7722,0.6302,0.4867,An_individual_is_doing_push-ups,47,True
9998,0.7544,0.6452,0.4867,An_individual_does_a_set_of_push-ups,7,True
9999,0.8074,0.6032,0.487,A_person_moves_their_right_arm_to_touch_their_head,89,True
10000,0.8114,0.6003,0.4871,An_individual_extends_their_right_arm_to_their_head,31,True
10001,0.7686,0.6338,0.4871,Someone_moves_their_left_arm_to_greet,51,True
10002,0.7775,0.6267,0.4873,An_individual_does_a_set_of_push-ups,30,True
10003,0.7759,0.6281,0.4874,Someone_executes_push-ups,13,True
10004,0.7371,0.6614,0.4875,A_person_is_completing_push-ups,65,True
10005,0.859,0.5676,0.4876,An_individual_brings_their_right_arm_up_to_their_head,26,True
10006,0.742,0.6573,0.4877,Someone_applauds_by_clapping,15,True
10007,0.7371,0.6617,0.4877,A_person_jumps_straight_up,80,True
10008,0.7995,0.6101,0.4878,Someone_waves_their_left_arm,55,True
10009,0.833,0.5857,0.4879,Someone_waves_their_left_arm,24,True
10010,0.7654,0.6375,0.4879,A_person_stretches_to_touch_their_toes_and_then_rises,40,True
10011,0.8213,0.5943,0.488,A_person_moves_their_left_arm_in_a_waving_motion,17,True
10012,0.7942,0.6144,0.488,An_individual_uses_their_left_arm_to_wave,44,True
10013,0.7976,0.6119,0.4881,An_individual_uses_their_left_arm_to_wave,32,True
10014,0.7505,0.6505,0.4882,An_individual_raises_their_left_arm_to_wave,97,True
10015,0.7607,0.642,0.4883,A_person_is_completing_push-ups,53,True
10016,0.767,0.6367,0.4884,Someone_works_out_with_push-ups,74,True
10017,0.7199,0.6784,0.4884,An_individual_hops_up_high,52,True
10018,0.6771,0.7213,0.4884,A_person_lifts_their_left_arm_to_signal,82,True
10019,0.7736,0.6317,0.4886,A_person_raises_the_right_arm_to_touch_their_head,71,True
10020,0.751,0.6505,0.4886,Someone_executes_push-ups,86,True
10021,0.7774,0.6287,0.4887,An_individual_raises_their_left_arm_to_wave,75,True
10022,0.7921,0.617,0.4887,An_individual_raises_their_left_arm_to_wave,49,True
10023,0.7677,0.6366,0.4887,A_person_practices_push-ups,23,True
10024,0.7327,0.667,0.4887,A_person_jumps_straight_up,78,True
10025,0.829,0.5897,0.4888,An_individual_brings_their_right_arm_up_to_their_head,96,True
10026,0.6663,0.7338,0.4889,An_individual_dances_a_pirouette,19,True
10027,0.7493,0.6527,0.4891,Someone_executes_push-ups,61,True
10028,0.6949,0.7039,0.4892,Someone_applauds_by_clapping,64,True
10029,0.695,0.704,0.4892,A_person_does_a_forward_roll_and_gets_up,94,True
10030,0.7732,0.633,0.4894,Someone_works_out_with_push-ups,90,True
10031,0.766,0.6388,0.4894,Someone_works_out_with_push-ups,15,True
10032,0.7837,0.6245,0.4894,A_person_is_completing_push-ups,84,True
10033,0.7606,0.6435,0.4894,A_person_jumps_straight_up,25,True
10034,0.8423,0.5814,0.4897,Someone_moves_their_left_arm_to_greet,11,True
10035,0.8148,0.6011,0.4898,Someone_waves_their_left_arm,45,True
10036,0.8062,0.6076,0.4899,An_individual_uses_their_left_arm_to_wave,35,True
10037,0.7522,0.6514,0.49,Someone_works_out_with_push-ups,5,True
10038,0.8574,0.5718,0.4903,A_person_moves_their_right_arm_to_touch_their_head,49,True
10039,0.7545,0.65,0.4904,A_person_spins_in_a_pirouette,88,True
10040,0.7826,0.6268,0.4905,An_individual_raises_their_left_arm_to_wave,72,True
10041,0.7655,0.6409,0.4906,A_person_stretches_to_touch_their_toes_and_then_rises,61,True
10042,0.6883,0.7131,0.4908,A_person_jumps_very_high,16,True
10043,0.6687,0.7339,0.4908,A_person_lifts_their_left_arm_to_signal,19,True
10044,0.7665,0.6404,0.4908,A_person_moves_their_left_arm_in_a_waving_motion,46,True
10045,0.7746,0.6336,0.4908,An_individual_is_doing_push-ups,81,True
10046,0.7978,0.6153,0.4909,Someone_moves_their_left_arm_to_greet,21,True
10047,0.781,0.6285,0.4909,An_individual_does_a_set_of_push-ups,57,True
10048,0.7558,0.6496,0.491,An_individual_is_doing_push-ups,59,True
10049,0.7714,0.6364,0.491,An_individual_uses_their_left_arm_to_wave,39,True
10050,0.7702,0.6377,0.4912,An_individual_does_a_turning_pirouette,63,True
10051,0.7897,0.6221,0.4912,Someone_executes_push-ups,32,True
10052,0.7411,0.6628,0.4912,Someone_gestures_with_their_left_arm,28,True
10053,0.8217,0.5979,0.4913,Someone_raises_their_right_arm_to_reach_their_head,65,True
10054,0.7624,0.6446,0.4914,Someone_works_out_with_push-ups,81,True
10055,0.7771,0.6325,0.4915,A_person_does_push-ups,72,True
10056,0.8342,0.5892,0.4915,An_individual_extends_their_right_arm_to_their_head,87,True
10057,0.8357,0.5881,0.4915,An_individual_brings_their_right_arm_up_to_their_head,55,True
10058,0.8423,0.5835,0.4915,Someone_raises_their_right_arm_to_reach_their_head,14,True
10059,0.7791,0.631,0.4916,A_person_moves_their_left_arm_in_a_waving_motion,58,True
10060,0.6789,0.7244,0.4918,A_person_lifts_their_left_arm_to_signal,91,True
10061,0.7456,0.6599,0.492,A_person_is_completing_push-ups,7,True
10062,0.7665,0.6419,0.492,Someone_works_out_with_push-ups,69,True
10063,0.7136,0.6895,0.492,An_individual_makes_a_high_jump,81,True
10064,0.748,0.6577,0.492,A_person_is_completing_push-ups,98,True
10065,0.7859,0.6263,0.4922,An_individual_raises_their_left_arm_to_wave,77,True
10066,0.7645,0.6443,0.4926,Someone_executes_push-ups,39,True
10067,0.7814,0.6305,0.4927,Someone_executes_push-ups,9,True
10068,0.8657,0.5692,0.4927,Someone_lifts_their_right_arm_and_touches_their_head,24,True
10069,0.7492,0.6576,0.4927,Someone_executes_push-ups,46,True
10070,0.7838,0.6286,0.4927,A_person_moves_their_left_arm_in_a_waving_motion,47,True
10071,0.7755,0.6354,0.4928,Someone_executes_push-ups,14,True
10072,0.7629,0.646,0.4928,Someone_works_out_with_push-ups,52,True
10073,0.7835,0.629,0.4929,Someone_moves_their_left_arm_to_greet,12,True
10074,0.8333,0.5915,0.4929,A_person_moves_their_right_arm_to_touch_their_head,16,True
10075,0.7573,0.6508,0.4929,A_person_is_completing_push-ups,99,True
10076,0.8158,0.6043,0.493,An_individual_uses_their_left_arm_to_wave,98,True
10077,0.7737,0.6372,0.493,Someone_makes_a_waving_motion_with_their_left_arm,92,True
10078,0.8674,0.5683,0.493,Someone_lifts_their_right_arm_and_touches_their_head,97,True
10079,0.7644,0.6451,0.4931,Someone_works_out_with_push-ups,11,True
10080,0.8021,0.6148,0.4931,An_individual_uses_their_left_arm_to_wave,77,True
10081,0.7826,0.6303,0.4933,Someone_works_out_with_push-ups,40,True
10082,0.7185,0.6865,0.4933,Someone_applauds_by_clapping,7,True
10083,0.7775,0.6345,0.4933,A_person_moves_their_left_arm_in_a_waving_motion,97,True
10084,0.7905,0.624,0.4933,An_individual_uses_their_left_arm_to_wave,48,True
10085,0.6971,0.7077,0.4934,A_person_jumps_very_high,61,True
10086,0.7798,0.6327,0.4934,Someone_works_out_with_push-ups,80,True
10087,0.8059,0.6124,0.4935,An_individual_uses_their_left_arm_to_wave,26,True
10088,0.791,0.6242,0.4937,An_individual_uses_their_left_arm_to_wave,81,True
10089,0.7535,0.6554,0.4938,A_person_lifts_their_left_arm_to_signal,56,True
10090,0.813,0.6075,0.4939,Someone_raises_their_right_arm_to_reach_their_head,0,True
10091,0.6548,0.7544,0.4939,A_person_lifts_their_left_arm_to_signal,40,True
10092,0.8389,0.5889,0.494,A_person_moves_their_right_arm_to_touch_their_head,10,True
10093,0.8482,0.5824,0.494,A_person_positions_their_right_arm_to_touch_their_head,90,True
10094,0.7697,0.6419,0.4941,An_individual_is_doing_push-ups,49,True
10095,0.7153,0.6911,0.4943,A_person_jumps_straight_up,26,True
10096,0.7515,0.6578,0.4943,An_individual_is_doing_push-ups,64,True
10097,0.8324,0.5939,0.4944,Someone_moves_their_left_arm_to_greet,14,True
10098,0.7802,0.6337,0.4944,Someone_executes_push-ups,4,True
10099,0.7367,0.6711,0.4944,Someone_executes_push-ups,7,True
10100,0.7731,0.6397,0.4946,Someone_works_out_with_push-ups,77,True
10101,0.6858,0.7214,0.4947,An_individual_makes_a_clapping_motion,7,True
10102,0.7786,0.6354,0.4947,An_individual_is_doing_push-ups,24,True
10103,0.7071,0.6998,0.4948,A_person_jumps_very_high,80,True
10104,0.7604,0.6507,0.4948,Someone_executes_push-ups,47,True
10105,0.7762,0.6374,0.4948,An_individual_does_a_set_of_push-ups,20,True
10106,0.7148,0.6927,0.4951,A_person_jumps_straight_up,66,True
10107,0.8038,0.616,0.4952,Someone_raises_their_right_arm_to_reach_their_head,50,True
10108,0.6562,0.7546,0.4952,A_person_lifts_their_left_arm_to_signal,17,True
10109,0.7419,0.6677,0.4954,Someone_applauds_by_clapping,45,True
10110,0.8639,0.5734,0.4954,An_individual_brings_their_right_arm_up_to_their_head,81,True
10111,0.7495,0.661,0.4954,A_person_is_completing_push-ups,94,True
10112,0.7863,0.6301,0.4955,A_person_is_completing_push-ups,49,True
10113,0.7225,0.6863,0.4958,A_person_jumps_straight_up,77,True
10114,0.7283,0.6811,0.496,A_person_jumps_straight_up,67,True
10115,0.8171,0.607,0.496,A_person_positions_their_right_arm_to_touch_their_head,71,True
10116,0.7495,0.662,0.4961,A_person_is_completing_push-ups,52,True
10117,0.6924,0.7165,0.4961,An_individual_hops_up_high,69,True
10118,0.8124,0.6107,0.4961,A_person_positions_their_right_arm_to_touch_their_head,29,True
10119,0.7993,0.6208,0.4962,Someone_moves_their_left_arm_to_greet,95,True
10120,0.7912,0.6273,0.4963,An_individual_brings_their_knee_close_to_their_chest,29,True
10121,0.7602,0.6528,0.4963,An_individual_does_a_set_of_push-ups,79,True
10122,0.7624,0.6511,0.4964,A_person_is_completing_push-ups,68,True
10123,0.7875,0.6304,0.4964,An_individual_does_a_set_of_push-ups,9,True
10124,0.8335,0.5957,0.4965,Someone_raises_their_right_arm_to_reach_their_head,24,True
10125,0.7688,0.6462,0.4968,Someone_works_out_with_push-ups,46,True
10126,0.8501,0.5846,0.4969,An_individual_brings_their_right_arm_up_to_their_head,18,True
10127,0.7915,0.6278,0.4969,A_person_raises_the_right_arm_to_touch_their_head,97,True
10128,0.771,0.6446,0.497,A_person_is_completing_push-ups,58,True
10129,0.7416,0.6703,0.4971,An_individual_does_a_set_of_push-ups,46,True
10130,0.801,0.6205,0.4971,A_person_moves_their_right_arm_to_touch_their_head,28,True
10131,0.8561,0.5808,0.4972,Someone_waves_their_left_arm,8,True
10132,0.7866,0.6322,0.4973,Someone_works_out_with_push-ups,99,True
10133,0.8431,0.5899,0.4973,Someone_lifts_their_right_arm_and_touches_their_head,84,True
10134,0.8097,0.6141,0.4973,Someone_makes_a_waving_motion_with_their_left_arm,22,True
10135,0.7484,0.6645,0.4973,A_person_jumps_straight_up,44,True
10136,0.7435,0.6691,0.4975,Someone_applauds_by_clapping,59,True
10137,0.7472,0.6659,0.4976,A_person_is_completing_push-ups,23,True
10138,0.6797,0.7325,0.4979,A_person_lifts_their_left_arm_to_signal,65,True
10139,0.7966,0.625,0.4979,Someone_works_out_with_push-ups,79,True
10140,0.7891,0.6312,0.4981,Someone_works_out_with_push-ups,2,True
10141,0.7857,0.6342,0.4983,An_individual_does_a_set_of_push-ups,40,True
10142,0.7069,0.7054,0.4986,A_person_lifts_their_left_arm_to_signal,99,True
10143,0.7955,0.6269,0.4987,Someone_lifts_their_right_arm_and_touches_their_head,55,True
10144,0.8201,0.6083,0.4988,Someone_raises_their_right_arm_to_reach_their_head,3,True
10145,0.8103,0.6155,0.4988,Someone_moves_their_left_arm_to_greet,76,True
10146,0.7601,0.6562,0.4988,Someone_applauds_by_clapping,72,True
10147,0.6969,0.7159,0.4989,A_person_lifts_their_left_arm_to_signal,59,True
10148,0.7483,0.6667,0.4989,An_individual_does_a_set_of_push-ups,44,True
10149,0.7412,0.6731,0.4989,A_person_jumps_straight_up,5,True
10150,0.824,0.6055,0.499,Someone_makes_a_waving_motion_with_their_left_arm,59,True
10151,0.78,0.6399,0.4991,A_person_jumps_straight_up,30,True
10152,0.7541,0.6619,0.4992,An_individual_makes_a_clapping_motion,91,True
10153,0.7715,0.6471,0.4993,Someone_executes_push-ups,69,True
10154,0.7464,0.6689,0.4993,A_person_is_completing_push-ups,5,True
10155,0.8214,0.6081,0.4995,An_individual_extends_their_right_arm_to_their_head,1,True
10156,0.8315,0.6008,0.4996,Someone_raises_their_right_arm_to_reach_their_head,1,True
10157,0.7399,0.6752,0.4996,A_person_is_completing_push-ups,54,True
10158,0.7838,0.6376,0.4998,A_person_brings_their_right_arm_up_to_their_head,13,True
10159,0.7703,0.6488,0.4998,Someone_executes_push-ups,55,True
10160,0.8328,0.6003,0.4999,A_person_raises_the_right_arm_to_touch_their_head,8,True
10161,0.8098,0.6174,0.4999,A_person_moves_their_left_arm_in_a_waving_motion,24,True
10162,0.7858,0.6362,0.4999,Someone_works_out_with_push-ups,0,True
10163,0.8066,0.62,0.5001,Someone_makes_a_waving_motion_with_their_left_arm,17,True
10164,0.8011,0.6244,0.5002,Someone_moves_their_left_arm_to_greet,70,True
10165,0.6731,0.7433,0.5003,A_person_lifts_their_left_arm_to_signal,68,True
10166,0.8323,0.6012,0.5003,A_person_positions_their_right_arm_to_touch_their_head,11,True
10167,0.6752,0.741,0.5003,A_person_lifts_their_left_arm_to_signal,72,True
10168,0.7383,0.6778,0.5004,A_person_jumps_straight_up,84,True
10169,0.8259,0.606,0.5005,Someone_moves_their_left_arm_to_greet,1,True
10170,0.7992,0.6263,0.5005,An_individual_uses_their_left_arm_to_wave,24,True
10171,0.77,0.6503,0.5007,Someone_gestures_with_their_left_arm,55,True
10172,0.7746,0.6466,0.5008,Someone_works_out_with_push-ups,91,True
10173,0.7906,0.6335,0.5008,Someone_gestures_with_their_left_arm,39,True
10174,0.669,0.7486,0.5008,A_person_lifts_their_left_arm_to_signal,51,True
10175,0.6778,0.7388,0.5008,A_person_lifts_their_left_arm_to_signal,12,True
10176,0.7398,0.677,0.5008,Someone_applauds_by_clapping,23,True
10177,0.7977,0.628,0.5009,Someone_moves_their_left_arm_to_greet,9,True
10178,0.8375,0.5981,0.5009,Someone_moves_their_left_arm_to_greet,99,True
10179,0.816,0.6139,0.501,Someone_raises_their_right_arm_to_reach_their_head,63,True
10180,0.8242,0.6079,0.501,Someone_moves_their_left_arm_to_greet,10,True
10181,0.7508,0.6674,0.501,Someone_gestures_with_their_left_arm,44,True
10182,0.7876,0.6361,0.501,Someone_moves_their_left_arm_to_greet,67,True
10183,0.8204,0.6109,0.5011,A_person_positions_their_right_arm_to_touch_their_head,16,True
10184,0.8078,0.6204,0.5011,A_person_moves_their_left_arm_in_a_waving_motion,52,True
10185,0.7755,0.6464,0.5012,Someone_moves_their_left_arm_to_greet,98,True
10186,0.7761,0.6457,0.5012,An_individual_is_doing_push-ups,75,True
10187,0.7653,0.6552,0.5014,A_person_carries_out_push-ups,32,True
10188,0.7371,0.6804,0.5015,A_person_stretches_to_touch_their_toes_and_then_rises,87,True
10189,0.7645,0.6562,0.5017,Someone_works_out_with_push-ups,30,True
10190,0.7474,0.6714,0.5018,Someone_brings_their_knee_up_to_their_chest,91,True
10191,0.7709,0.6509,0.5018,An_individual_is_doing_push-ups,48,True
10192,0.8439,0.5948,0.5019,An_individual_extends_their_right_arm_to_their_head,70,True
10193,0.803,0.6252,0.502,Someone_moves_their_left_arm_to_greet,25,True
10194,0.7699,0.6521,0.502,An_individual_is_doing_push-ups,82,True
10195,0.6887,0.729,0.502,A_person_lifts_their_left_arm_to_signal,66,True
10196,0.7352,0.683,0.5021,A_person_carries_out_push-ups,41,True
10197,0.8128,0.6177,0.5021,An_individual_uses_their_left_arm_to_wave,65,True
10198,0.7608,0.66,0.5021,Someone_gestures_with_their_left_arm,48,True
10199,0.854,0.5881,0.5022,An_individual_brings_their_right_arm_up_to_their_head,53,True
10200,0.7734,0.6496,0.5024,Someone_executes_push-ups,76,True
10201,0.8349,0.6017,0.5024,A_person_moves_their_right_arm_to_touch_their_head,80,True
10202,0.7752,0.6482,0.5025,Someone_executes_push-ups,1,True
10203,0.8015,0.627,0.5025,An_individual_raises_their_left_arm_to_wave,57,True
10204,0.7402,0.679,0.5026,A_person_creates_a_clapping_noise_with_their_hands,16,True
10205,0.7491,0.671,0.5027,Someone_applauds_by_clapping,44,True
10206,0.8405,0.5982,0.5028,Someone_waves_with_their_left_arm,87,True
10207,0.6955,0.723,0.5028,Someone_brings_their_knee_up_to_their_chest,60,True
10208,0.7921,0.6349,0.5029,An_individual_does_a_set_of_push-ups,39,True
10209,0.8405,0.5986,0.5032,A_person_positions_their_right_arm_to_touch_their_head,63,True
10210,0.7843,0.6417,0.5032,Someone_executes_push-ups,67,True
10211,0.7113,0.7074,0.5032,A_person_jumps_straight_up,85,True
10212,0.7711,0.6525,0.5032,Someone_executes_push-ups,35,True
10213,0.7592,0.6627,0.5032,An_individual_makes_a_clapping_motion,66,True
10214,0.7738,0.6503,0.5032,Someone_executes_push-ups,82,True
10215,0.7563,0.6654,0.5033,An_individual_is_doing_push-ups,10,True
10216,0.8223,0.6124,0.5036,Someone_moves_their_left_arm_to_greet,63,True
10217,0.7362,0.6839,0.5036,Someone_makes_a_clapping_sound,85,True
10218,0.7913,0.6365,0.5036,Someone_moves_their_left_arm_to_greet,97,True
10219,0.7789,0.6468,0.5038,An_individual_does_a_set_of_push-ups,62,True
10220,0.7137,0.7059,0.5038,A_person_lifts_their_left_arm_to_signal,27,True
10221,0.7792,0.6467,0.5039,Someone_works_out_with_push-ups,25,True
10222,0.8558,0.589,0.504,Someone_waves_their_left_arm,64,True
10223,0.781,0.6454,0.504,Someone_works_out_with_push-ups,76,True
10224,0.7322,0.6884,0.5041,A_person_jumps_straight_up,16,True
10225,0.7752,0.6506,0.5043,Someone_executes_push-ups,15,True
10226,0.8244,0.6119,0.5044,A_person_positions_their_right_arm_to_touch_their_head,83,True
10227,0.7701,0.6551,0.5045,An_individual_is_doing_push-ups,90,True
10228,0.6736,0.7499,0.5051,A_person_lifts_their_left_arm_to_signal,67,True
10229,0.8393,0.6021,0.5053,A_person_brings_their_right_arm_up_to_their_head,60,True
10230,0.7659,0.6599,0.5054,Someone_works_out_with_push-ups,58,True
10231,0.7087,0.7133,0.5055,A_person_does_a_high_jump,80,True
10232,0.8247,0.6129,0.5055,Someone_raises_their_right_arm_to_reach_their_head,76,True
10233,0.8027,0.6297,0.5055,Someone_moves_their_left_arm_to_greet,36,True
10234,0.8145,0.6207,0.5056,A_person_moves_their_left_arm_in_a_waving_motion,76,True
10235,0.7821,0.6464,0.5056,A_person_is_completing_push-ups,59,True
10236,0.7606,0.6647,0.5056,Someone_executes_push-ups,97,True
10237,0.8182,0.6181,0.5057,A_person_moves_their_left_arm_in_a_waving_motion,61,True
10238,0.8297,0.6096,0.5058,Someone_moves_their_left_arm_to_greet,91,True
10239,0.7606,0.6652,0.506,Someone_executes_push-ups,51,True
10240,0.7979,0.6344,0.5061,Someone_makes_a_waving_motion_with_their_left_arm,82,True
10241,0.822,0.6157,0.5061,An_individual_uses_their_left_arm_to_wave,66,True
10242,0.8477,0.5971,0.5062,Someone_lifts_their_right_arm_and_touches_their_head,36,True
10243,0.8676,0.5834,0.5062,An_individual_brings_their_right_arm_up_to_their_head,35,True
10244,0.8428,0.6006,0.5062,Someone_lifts_their_right_arm_and_touches_their_head,13,True
10245,0.8152,0.6212,0.5064,Someone_raises_their_right_arm_to_reach_their_head,91,True
10246,0.8288,0.6111,0.5065,A_person_positions_their_right_arm_to_touch_their_head,1,True
10247,0.8227,0.6159,0.5067,An_individual_raises_their_left_arm_to_wave,73,True
10248,0.7342,0.6903,0.5068,An_individual_makes_a_high_jump,7,True
10249,0.7875,0.6436,0.5068,An_individual_does_a_set_of_push-ups,96,True
10250,0.8244,0.615,0.507,An_individual_uses_their_left_arm_to_wave,56,True
10251,0.84,0.6036,0.5071,Someone_raises_their_right_arm_to_reach_their_head,89,True
10252,0.8636,0.5871,0.5071,Someone_lifts_their_right_arm_and_touches_their_head,44,True
10253,0.7593,0.6678,0.5071,Someone_works_out_with_push-ups,50,True
10254,0.7767,0.653,0.5072,Someone_works_out_with_push-ups,61,True
10255,0.7852,0.646,0.5072,Someone_executes_push-ups,12,True
10256,0.798,0.6356,0.5073,A_person_moves_their_left_arm_in_a_waving_motion,28,True
10257,0.8071,0.6289,0.5076,Someone_makes_a_waving_motion_with_their_left_arm,72,True
10258,0.7086,0.7164,0.5077,A_person_jumps_really_high,43,True
10259,0.7424,0.6841,0.5079,A_person_jumps_straight_up,65,True
10260,0.712,0.7133,0.5079,A_person_jumps_very_high,26,True
10261,0.8457,0.6007,0.508,An_individual_extends_their_right_arm_to_their_head,39,True
10262,0.7883,0.6444,0.508,Someone_works_out_with_push-ups,20,True
10263,0.8636,0.5884,0.5081,Someone_lifts_their_right_arm_and_touches_their_head,62,True
10264,0.8419,0.6037,0.5082,An_individual_uses_their_left_arm_to_wave,27,True
10265,0.8375,0.6069,0.5083,A_person_moves_their_left_arm_in_a_waving_motion,95,True
10266,0.8535,0.5957,0.5084,Someone_lifts_their_right_arm_and_touches_their_head,58,True
10267,0.7912,0.6426,0.5084,An_individual_raises_their_left_arm_to_wave,6,True
10268,0.6838,0.7435,0.5084,A_person_lifts_their_left_arm_to_signal,88,True
10269,0.7708,0.6597,0.5085,Someone_works_out_with_push-ups,98,True
10270,0.7862,0.6469,0.5086,Someone_executes_push-ups,87,True
10271,0.7736,0.6575,0.5086,Someone_makes_a_waving_motion_with_their_left_arm,34,True
10272,0.7698,0.6612,0.5089,An_individual_does_a_set_of_push-ups,5,True
10273,0.7721,0.6591,0.5089,Someone_executes_push-ups,84,True
10274,0.7812,0.6516,0.509,An_individual_does_a_set_of_push-ups,60,True
10275,0.8029,0.634,0.509,Someone_makes_a_waving_motion_with_their_left_arm,73,True
10276,0.7945,0.6409,0.5092,An_individual_raises_their_left_arm_to_wave,9,True
10277,0.7899,0.6447,0.5092,An_individual_brings_their_knee_close_to_their_chest,26,True
10278,0.7717,0.6603,0.5095,Someone_works_out_with_push-ups,83,True
10279,0.7003,0.7276,0.5095,A_person_lifts_their_left_arm_to_signal,44,True
10280,0.7957,0.6406,0.5097,An_individual_does_a_set_of_push-ups,81,True
10281,0.8058,0.6327,0.5098,Someone_raises_their_right_arm_to_reach_their_head,60,True
10282,0.8528,0.5979,0.5099,Someone_raises_their_right_arm_to_reach_their_head,40,True
10283,0.8388,0.6081,0.5101,Someone_moves_their_left_arm_to_greet,34,True
10284,0.773,0.6601,0.5102,An_individual_hops_up_high,98,True
10285,0.6846,0.7453,0.5103,A_person_lifts_their_left_arm_to_signal,45,True
10286,0.8394,0.6079,0.5103,Someone_lifts_their_right_arm_and_touches_their_head,71,True
10287,0.8235,0.6198,0.5104,Someone_moves_their_left_arm_to_greet,18,True
10288,0.7901,0.6461,0.5105,A_person_moves_their_left_arm_in_a_waving_motion,81,True
10289,0.7967,0.6409,0.5106,A_person_moves_their_left_arm_in_a_waving_motion,43,True
10290,0.742,0.6882,0.5106,A_person_jumps_straight_up,51,True
10291,0.7139,0.7153,0.5107,An_individual_tumbles_forward_and_then_gets_up,40,True
10292,0.823,0.6206,0.5107,A_person_raises_the_right_arm_to_touch_their_head,95,True
10293,0.8361,0.6109,0.5108,Someone_moves_their_left_arm_to_greet,73,True
10294,0.8242,0.6198,0.5109,A_person_moves_their_left_arm_in_a_waving_motion,69,True
10295,0.8193,0.6238,0.5111,Someone_makes_a_waving_motion_with_their_left_arm,24,True
10296,0.696,0.7346,0.5113,An_individual_hops_up_high,97,True
10297,0.7906,0.6471,0.5116,Someone_works_out_with_push-ups,39,True
10298,0.7829,0.6538,0.5119,Someone_makes_a_waving_motion_with_their_left_arm,3,True
10299,0.8037,0.6373,0.5122,Someone_makes_a_waving_motion_with_their_left_arm,37,True
10300,0.7646,0.6702,0.5124,A_person_is_completing_push-ups,97,True
10301,0.7993,0.641,0.5124,Someone_executes_push-ups,90,True
10302,0.7421,0.691,0.5128,A_person_swings_their_left_arm_back_and_forth,65,True
10303,0.8146,0.6297,0.513,An_individual_raises_their_left_arm_to_wave,86,True
10304,0.8465,0.6063,0.5132,A_person_positions_their_right_arm_to_touch_their_head,53,True
10305,0.6802,0.7545,0.5132,A_person_lifts_their_left_arm_to_signal,30,True
10306,0.7667,0.6695,0.5133,Someone_executes_push-ups,2,True
10307,0.8558,0.6,0.5134,A_person_moves_their_left_arm_in_a_waving_motion,20,True
10308,0.7954,0.6458,0.5137,Someone_touches_their_toes_and_then_lifts_themselves_up,31,True
10309,0.8442,0.6085,0.5137,An_individual_brings_their_knee_close_to_their_chest,55,True
10310,0.7556,0.6802,0.514,An_individual_hops_up_high,50,True
10311,0.7738,0.6647,0.5143,Someone_executes_push-ups,8,True
10312,0.8419,0.6111,0.5145,An_individual_extends_their_right_arm_to_their_head,36,True
10313,0.7633,0.6741,0.5146,A_person_jumps_straight_up,76,True
10314,0.7811,0.6588,0.5146,Someone_works_out_with_push-ups,16,True
10315,0.7702,0.6683,0.5147,A_person_is_completing_push-ups,9,True
10316,0.7746,0.6644,0.5147,Someone_works_out_with_push-ups,71,True
10317,0.7008,0.7345,0.5148,A_person_lifts_their_left_arm_to_signal,71,True
10318,0.8435,0.6105,0.5149,Someone_lifts_their_right_arm_and_touches_their_head,11,True
10319,0.8445,0.6097,0.5149,An_individual_brings_their_right_arm_up_to_their_head,36,True
10320,0.734,0.7018,0.5151,An_individual_does_a_set_of_push-ups,27,True
10321,0.7858,0.6555,0.5151,Someone_works_out_with_push-ups,67,True
10322,0.7914,0.651,0.5152,Someone_makes_a_waving_motion_with_their_left_arm,66,True
10323,0.822,0.6268,0.5152,An_individual_uses_their_left_arm_to_wave,9,True
10324,0.7852,0.6564,0.5154,Someone_works_out_with_push-ups,55,True
10325,0.8033,0.6417,0.5154,An_individual_raises_their_left_arm_to_wave,28,True
10326,0.7952,0.6481,0.5154,An_individual_raises_their_left_arm_to_wave,79,True
10327,0.7447,0.6921,0.5154,Someone_executes_push-ups,28,True
10328,0.8056,0.6398,0.5155,Someone_moves_their_left_arm_to_greet,31,True
10329,0.7857,0.6561,0.5155,Someone_executes_push-ups,16,True
10330,0.8155,0.6323,0.5156,Someone_moves_their_left_arm_to_greet,48,True
10331,0.7826,0.659,0.5157,Someone_executes_push-ups,49,True
10332,0.7733,0.6671,0.5158,Someone_touches_their_toes_and_then_lifts_themselves_up,63,True
10333,0.823,0.6268,0.5159,Someone_lifts_their_right_arm_and_touches_their_head,25,True
10334,0.7793,0.662,0.5159,Someone_executes_push-ups,52,True
10335,0.8216,0.6282,0.5161,A_person_raises_the_right_arm_to_touch_their_head,84,True
10336,0.7884,0.6548,0.5163,A_person_moves_their_left_arm_in_a_waving_motion,39,True
10337,0.7923,0.652,0.5165,An_individual_raises_their_left_arm_to_wave,48,True
10338,0.7471,0.6917,0.5167,A_person_jumps_very_high,42,True
10339,0.81,0.6381,0.5169,Someone_waves_their_left_arm,4,True
10340,0.7443,0.6948,0.5171,A_person_jumps_straight_up,58,True
10341,0.8633,0.5991,0.5172,An_individual_extends_their_right_arm_to_their_head,15,True
10342,0.7738,0.6683,0.5172,An_individual_is_doing_push-ups,16,True
10343,0.8543,0.6054,0.5172,Someone_moves_their_left_arm_to_greet,77,True
10344,0.8049,0.6429,0.5174,Someone_raises_their_right_arm_to_reach_their_head,94,True
10345,0.7402,0.699,0.5174,An_individual_rolls_forward_and_rises,14,True
10346,0.7739,0.6688,0.5175,A_person_jumps_straight_up,7,True
10347,0.7778,0.6654,0.5176,Someone_applauds_by_clapping,13,True
10348,0.7617,0.6796,0.5177,A_person_lifts_their_left_arm_to_signal,84,True
10349,0.7742,0.6689,0.5178,Someone_works_out_with_push-ups,88,True
10350,0.7991,0.6481,0.5179,A_person_does_a_forward_roll_and_gets_up,69,True
10351,0.7132,0.7263,0.518,A_person_does_a_high_jump,49,True
10352,0.7744,0.669,0.5181,A_person_is_completing_push-ups,55,True
10353,0.7218,0.7183,0.5185,A_person_lifts_their_left_arm_to_signal,23,True
10354,0.739,0.7018,0.5186,An_individual_makes_a_high_jump,71,True
10355,0.8223,0.6306,0.5186,An_individual_raises_their_left_arm_to_wave,60,True
10356,0.7455,0.6956,0.5186,An_individual_makes_a_clapping_motion,38,True
10357,0.8468,0.6127,0.5188,An_individual_brings_their_right_arm_up_to_their_head,84,True
10358,0.7918,0.6551,0.5188,Someone_makes_a_waving_motion_with_their_left_arm,32,True
10359,0.7819,0.6638,0.519,An_individual_does_a_set_of_push-ups,26,True
10360,0.8617,0.6023,0.519,Someone_lifts_their_right_arm_and_touches_their_head,77,True
10361,0.8416,0.6168,0.5191,A_person_positions_their_right_arm_to_touch_their_head,89,True
10362,0.7814,0.6645,0.5192,A_person_spins_in_a_pirouette,90,True
10363,0.846,0.6137,0.5192,A_person_moves_their_left_arm_in_a_waving_motion,2,True
10364,0.7787,0.6669,0.5193,Someone_works_out_with_push-ups,68,True
10365,0.7924,0.6557,0.5196,An_individual_is_doing_push-ups,58,True
10366,0.7725,0.6727,0.5196,An_individual_is_doing_push-ups,54,True
10367,0.706,0.7363,0.5198,An_individual_jumps_up_into_the_air,92,True
10368,0.8583,0.6056,0.5198,Someone_moves_their_left_arm_to_greet,7,True
10369,0.7783,0.6679,0.5198,An_individual_does_a_set_of_push-ups,68,True
10370,0.7693,0.6756,0.5198,An_individual_is_doing_push-ups,79,True
10371,0.8374,0.6211,0.5201,Someone_makes_a_waving_motion_with_their_left_arm,26,True
10372,0.7939,0.6551,0.5201,Someone_makes_a_waving_motion_with_their_left_arm,15,True
10373,0.7623,0.6822,0.5201,Someone_executes_push-ups,57,True
10374,0.8485,0.613,0.5201,A_person_positions_their_right_arm_to_touch_their_head,10,True
10375,0.8074,0.6443,0.5202,An_individual_does_a_set_of_push-ups,49,True
10376,0.7978,0.652,0.5202,Someone_works_out_with_push-ups,14,True
10377,0.7464,0.6969,0.5202,Someone_executes_push-ups,75,True
10378,0.7936,0.6557,0.5204,Someone_makes_a_waving_motion_with_their_left_arm,83,True
10379,0.7218,0.7222,0.5213,An_individual_makes_a_high_jump,24,True
10380,0.8163,0.6386,0.5213,A_person_jumps_straight_up,24,True
10381,0.8267,0.6306,0.5213,An_individual_raises_their_left_arm_to_wave,94,True
10382,0.8189,0.637,0.5216,A_person_positions_their_right_arm_to_touch_their_head,3,True
10383,0.759,0.6874,0.5217,Someone_applauds_by_clapping,30,True
10384,0.7896,0.6608,0.5218,An_individual_does_a_set_of_push-ups,90,True
10385,0.8733,0.5975,0.5218,An_individual_brings_their_right_arm_up_to_their_head,4,True
10386,0.8151,0.6408,0.5223,A_person_moves_their_left_arm_in_a_waving_motion,34,True
10387,0.8798,0.5939,0.5225,Someone_lifts_their_right_arm_and_touches_their_head,9,True
10388,0.7499,0.6969,0.5225,A_person_jumps_straight_up,82,True
10389,0.8369,0.6245,0.5227,A_person_moves_their_left_arm_in_a_waving_motion,75,True
10390,0.8022,0.6515,0.5227,An_individual_raises_their_left_arm_to_wave,68,True
10391,0.7764,0.6736,0.5229,An_individual_uses_their_left_arm_to_wave,46,True
10392,0.8505,0.6148,0.5229,A_person_positions_their_right_arm_to_touch_their_head,12,True
10393,0.838,0.6241,0.523,Someone_lifts_their_right_arm_and_touches_their_head,45,True
10394,0.7894,0.6626,0.523,Someone_works_out_with_push-ups,24,True
10395,0.7132,0.7333,0.523,A_person_claps_their_hands,36,True
10396,0.7841,0.667,0.523,A_person_jumps_straight_up,71,True
10397,0.7921,0.6603,0.523,An_individual_does_a_set_of_push-ups,24,True
10398,0.7655,0.6831,0.523,A_person_is_completing_push-ups,43,True
10399,0.8538,0.6134,0.5237,A_person_positions_their_right_arm_to_touch_their_head,0,True
10400,0.8182,0.6401,0.5237,Someone_touches_their_toes_and_then_lifts_themselves_up,9,True
10401,0.8386,0.6245,0.5237,An_individual_brings_their_right_arm_up_to_their_head,62,True
10402,0.8538,0.6135,0.5238,A_person_positions_their_right_arm_to_touch_their_head,43,True
10403,0.8235,0.6364,0.5241,A_person_moves_their_left_arm_in_a_waving_motion,26,True
10404,0.7156,0.7327,0.5243,An_individual_jumps_up_into_the_air,78,True
10405,0.7822,0.6703,0.5243,Someone_executes_push-ups,59,True
10406,0.823,0.637,0.5243,A_person_moves_their_left_arm_in_a_waving_motion,19,True
10407,0.7643,0.6864,0.5246,Someone_applauds_by_clapping,37,True
10408,0.7207,0.7282,0.5248,A_person_lifts_their_left_arm_to_signal,53,True
10409,0.7486,0.7013,0.525,A_person_jumps_straight_up,6,True
10410,0.8626,0.6087,0.525,An_individual_brings_their_right_arm_up_to_their_head,40,True
10411,0.8113,0.6472,0.5251,A_person_positions_their_right_arm_to_touch_their_head,70,True
10412,0.8025,0.6545,0.5252,Someone_works_out_with_push-ups,53,True
10413,0.7044,0.7458,0.5253,An_individual_hops_up_high,62,True
10414,0.8314,0.6319,0.5254,A_person_positions_their_right_arm_to_touch_their_head,65,True
10415,0.8296,0.6333,0.5254,A_person_moves_their_left_arm_in_a_waving_motion,99,True
10416,0.7183,0.7315,0.5255,An_individual_makes_a_high_jump,78,True
10417,0.7902,0.6651,0.5255,An_individual_uses_their_left_arm_to_wave,13,True
10418,0.7813,0.6726,0.5255,Someone_executes_push-ups,54,True
10419,0.8152,0.6448,0.5257,A_person_positions_their_right_arm_to_touch_their_head,35,True
10420,0.8476,0.6204,0.5258,A_person_moves_their_left_arm_in_a_waving_motion,49,True
10421,0.8279,0.6353,0.5259,An_individual_extends_their_right_arm_to_their_head,35,True
10422,0.788,0.6676,0.526,An_individual_uses_their_left_arm_to_wave,43,True
10423,0.8326,0.6318,0.5261,Someone_moves_their_left_arm_to_greet,84,True
10424,0.8273,0.636,0.5261,An_individual_uses_their_left_arm_to_wave,15,True
10425,0.7526,0.6992,0.5262,A_person_jumps_straight_up,50,True
10426,0.7207,0.7302,0.5262,A_person_lifts_their_left_arm_to_signal,34,True
10427,0.8401,0.6265,0.5263,A_person_positions_their_right_arm_to_touch_their_head,21,True
10428,0.7226,0.7285,0.5265,A_person_does_a_forward_roll_and_gets_up,38,True
10429,0.7637,0.6895,0.5266,A_person_turns_around_in_a_pirouette,17,True
10430,0.8126,0.6481,0.5267,Someone_makes_a_waving_motion_with_their_left_arm,44,True
10431,0.7032,0.749,0.5267,An_individual_makes_a_high_jump,32,True
10432,0.7287,0.723,0.5268,A_person_lifts_their_left_arm_to_signal,28,True
10433,0.7014,0.7513,0.5269,A_person_jumps_very_high,15,True
10434,0.7411,0.7111,0.527,A_person_lifts_their_left_arm_to_signal,37,True
10435,0.8667,0.6082,0.5271,An_individual_extends_their_right_arm_to_their_head,93,True
10436,0.8623,0.6113,0.5272,An_individual_brings_their_right_arm_up_to_their_head,6,True
10437,0.8559,0.6161,0.5273,An_individual_uses_their_left_arm_to_wave,45,True
10438,0.8523,0.6187,0.5273,Someone_waves_their_left_arm,29,True
10439,0.7758,0.68,0.5276,Someone_applauds_by_clapping,36,True
10440,0.8509,0.6202,0.5277,A_person_positions_their_right_arm_to_touch_their_head,22,True
10441,0.8527,0.619,0.5278,Someone_moves_their_left_arm_to_greet,80,True
10442,0.8624,0.612,0.5278,Someone_lifts_their_right_arm_and_touches_their_head,72,True
10443,0.8491,0.6221,0.5282,A_person_positions_their_right_arm_to_touch_their_head,18,True
10444,0.7881,0.6703,0.5282,Someone_works_out_with_push-ups,64,True
10445,0.8006,0.66,0.5284,Someone_executes_push-ups,22,True
10446,0.7993,0.6613,0.5285,Someone_works_out_with_push-ups,12,True
10447,0.8356,0.6324,0.5285,Someone_moves_their_left_arm_to_greet,82,True
10448,0.7947,0.665,0.5285,An_individual_uses_their_left_arm_to_wave,18,True
10449,0.8234,0.6419,0.5286,An_individual_raises_their_left_arm_to_wave,22,True
10450,0.7503,0.7048,0.5288,A_person_jumps_straight_up,4,True
10451,0.8736,0.6055,0.529,An_individual_brings_their_right_arm_up_to_their_head,47,True
10452,0.8376,0.6318,0.5292,Someone_makes_a_waving_motion_with_their_left_arm,27,True
10453,0.8207,0.6449,0.5293,An_individual_raises_their_left_arm_to_wave,42,True
10454,0.8641,0.6127,0.5294,Someone_moves_their_left_arm_to_greet,55,True
10455,0.8566,0.6181,0.5295,Someone_makes_a_waving_motion_with_their_left_arm,2,True
10456,0.8257,0.6412,0.5295,An_individual_uses_their_left_arm_to_wave,52,True
10457,0.8233,0.6435,0.5298,A_person_moves_their_left_arm_in_a_waving_motion,74,True
10458,0.7687,0.6892,0.5298,Someone_applauds_by_clapping,81,True
10459,0.809,0.655,0.5299,A_person_turns_around_in_a_pirouette,79,True
10460,0.7804,0.6793,0.5301,Someone_works_out_with_push-ups,51,True
10461,0.8276,0.6408,0.5303,A_person_positions_their_right_arm_to_touch_their_head,47,True
10462,0.8014,0.6617,0.5303,A_person_jumps_straight_up,88,True
10463,0.81,0.6547,0.5303,An_individual_does_a_set_of_push-ups,1,True
10464,0.8105,0.6556,0.5313,Someone_works_out_with_push-ups,18,True
10465,0.736,0.7221,0.5315,An_individual_makes_a_high_jump,10,True
10466,0.8254,0.6442,0.5317,A_person_moves_their_left_arm_in_a_waving_motion,89,True
10467,0.7853,0.6773,0.5319,Someone_applauds_by_clapping,61,True
10468,0.8395,0.6336,0.5319,A_person_moves_their_left_arm_in_a_waving_motion,93,True
10469,0.7393,0.7197,0.5321,An_individual_jumps_up_into_the_air,48,True
10470,0.8391,0.6341,0.5321,A_person_moves_their_left_arm_in_a_waving_motion,90,True
10471,0.8536,0.6233,0.5321,Someone_raises_their_right_arm_to_reach_their_head,21,True
10472,0.8156,0.6527,0.5323,Someone_moves_their_left_arm_to_greet,61,True
10473,0.8568,0.6213,0.5323,Someone_lifts_their_right_arm_and_touches_their_head,29,True
10474,0.7617,0.6989,0.5324,A_person_jumps_very_high,35,True
10475,0.7993,0.6663,0.5325,Someone_works_out_with_push-ups,1,True
10476,0.7905,0.6737,0.5326,An_individual_does_a_set_of_push-ups,22,True
10477,0.7828,0.6805,0.5327,Someone_executes_push-ups,98,True
10478,0.8823,0.6039,0.5328,An_individual_extends_their_right_arm_to_their_head,65,True
10479,0.7393,0.721,0.533,A_person_jumps_very_high,31,True
10480,0.8074,0.6601,0.533,Someone_executes_push-ups,77,True
10481,0.8677,0.6145,0.5332,Someone_lifts_their_right_arm_and_touches_their_head,19,True
10482,0.8142,0.6549,0.5333,Someone_makes_a_waving_motion_with_their_left_arm,53,True
10483,0.7978,0.6691,0.5338,An_individual_raises_their_left_arm_to_wave,34,True
10484,0.6993,0.7633,0.5338,A_person_lifts_their_left_arm_to_signal,80,True
10485,0.838,0.6372,0.5339,An_individual_raises_their_left_arm_to_wave,5,True
10486,0.8648,0.6183,0.5347,A_person_positions_their_right_arm_to_touch_their_head,96,True
10487,0.6997,0.7642,0.5347,An_individual_makes_a_high_jump,85,True
10488,0.8598,0.6221,0.5349,A_person_moves_their_left_arm_in_a_waving_motion,35,True
10489,0.8599,0.6225,0.5353,An_individual_extends_their_right_arm_to_their_head,84,True
10490,0.8485,0.6309,0.5354,Someone_moves_their_left_arm_to_greet,20,True
10491,0.8446,0.6344,0.5358,Someone_moves_their_left_arm_to_greet,28,True
10492,0.7258,0.7384,0.5359,A_person_lifts_their_left_arm_to_signal,77,True
10493,0.7443,0.7202,0.536,A_person_jumps_straight_up,60,True
10494,0.817,0.6565,0.5364,Someone_moves_their_left_arm_to_greet,47,True
10495,0.8667,0.6189,0.5364,A_person_positions_their_right_arm_to_touch_their_head,26,True
10496,0.7726,0.6945,0.5365,Someone_applauds_by_clapping,48,True
10497,0.8392,0.6394,0.5366,A_person_moves_their_left_arm_in_a_waving_motion,1,True
10498,0.7228,0.7427,0.5368,A_person_lifts_their_left_arm_to_signal,76,True
10499,0.7771,0.6908,0.5368,A_person_jumps_straight_up,70,True
10500,0.8233,0.6524,0.5371,Someone_makes_a_waving_motion_with_their_left_arm,50,True
10501,0.8232,0.6524,0.5371,Someone_moves_their_left_arm_to_greet,4,True
10502,0.8509,0.6315,0.5373,A_person_moves_their_left_arm_in_a_waving_motion,67,True
10503,0.8155,0.6595,0.5378,An_individual_raises_their_left_arm_to_wave,37,True
10504,0.7578,0.7096,0.5378,Someone_executes_push-ups,20,True
10505,0.7547,0.7127,0.5379,A_person_does_a_forward_roll_and_gets_up,77,True
10506,0.8618,0.6243,0.538,Someone_lifts_their_right_arm_and_touches_their_head,64,True
10507,0.8067,0.6669,0.538,A_person_moves_their_left_arm_in_a_waving_motion,21,True
10508,0.7519,0.7154,0.538,A_person_lifts_their_left_arm_to_signal,24,True
10509,0.8607,0.6254,0.5383,A_person_positions_their_right_arm_to_touch_their_head,9,True
10510,0.8003,0.6726,0.5383,A_person_moves_their_left_arm_in_a_waving_motion,92,True
10511,0.832,0.6472,0.5385,Someone_moves_their_left_arm_to_greet,38,True
10512,0.8183,0.6583,0.5386,An_individual_uses_their_left_arm_to_wave,82,True
10513,0.7737,0.6962,0.5387,A_person_lifts_their_left_arm_to_signal,9,True
10514,0.7014,0.768,0.5387,A_person_lifts_their_left_arm_to_signal,43,True
10515,0.8305,0.6488,0.5388,Someone_makes_a_waving_motion_with_their_left_arm,67,True
10516,0.7476,0.7211,0.539,A_person_jumps_very_high,8,True
10517,0.8427,0.6397,0.539,Someone_makes_a_waving_motion_with_their_left_arm,84,True
10518,0.7981,0.6757,0.5392,A_person_is_completing_push-ups,45,True
10519,0.7817,0.6899,0.5393,An_individual_raises_their_left_arm_to_wave,93,True
10520,0.8621,0.6256,0.5393,An_individual_extends_their_right_arm_to_their_head,62,True
10521,0.8318,0.6485,0.5394,A_person_positions_their_right_arm_to_touch_their_head,8,True
10522,0.8517,0.6333,0.5394,A_person_moves_their_left_arm_in_a_waving_motion,83,True
10523,0.7554,0.7141,0.5395,An_individual_makes_a_clapping_motion,33,True
10524,0.81,0.6662,0.5396,Someone_moves_their_left_arm_to_greet,81,True
10525,0.8102,0.6662,0.5398,An_individual_raises_their_left_arm_to_wave,36,True
10526,0.8353,0.6465,0.54,An_individual_raises_their_left_arm_to_wave,66,True
10527,0.7966,0.6787,0.5407,A_person_is_completing_push-ups,56,True
10528,0.9292,0.5823,0.5411,An_individual_extends_their_right_arm_to_their_head,33,True
10529,0.8566,0.6318,0.5412,Someone_lifts_their_right_arm_and_touches_their_head,79,True
10530,0.8448,0.6407,0.5413,Someone_raises_their_right_arm_to_reach_their_head,4,True
10531,0.8354,0.6481,0.5414,A_person_moves_their_left_arm_in_a_waving_motion,36,True
10532,0.8889,0.6092,0.5415,An_individual_extends_their_right_arm_to_their_head,16,True
10533,0.8187,0.6615,0.5416,An_individual_raises_their_left_arm_to_wave,82,True
10534,0.8497,0.6377,0.5418,Someone_lifts_their_right_arm_and_touches_their_head,89,True
10535,0.7907,0.6856,0.5421,A_person_is_completing_push-ups,75,True
10536,0.7433,0.7295,0.5422,A_person_jumps_very_high,12,True
10537,0.8364,0.6482,0.5422,Someone_raises_their_right_arm_to_reach_their_head,18,True
10538,0.7407,0.7323,0.5424,A_person_jumps_very_high,72,True
10539,0.738,0.735,0.5424,A_person_jumps_very_high,36,True
10540,0.7926,0.6843,0.5424,Someone_works_out_with_push-ups,29,True
10541,0.7744,0.7006,0.5425,An_individual_is_doing_push-ups,96,True
10542,0.8022,0.6763,0.5425,Someone_moves_their_left_arm_to_greet,59,True
10543,0.8203,0.6614,0.5426,A_person_positions_their_right_arm_to_touch_their_head,91,True
10544,0.844,0.6433,0.5429,A_person_positions_their_right_arm_to_touch_their_head,25,True
10545,0.803,0.6765,0.5432,A_person_is_completing_push-ups,50,True
10546,0.7372,0.737,0.5433,A_person_lifts_their_left_arm_to_signal,74,True
10547,0.8159,0.6659,0.5433,A_person_moves_their_left_arm_in_a_waving_motion,65,True
10548,0.8029,0.6767,0.5433,A_person_moves_their_left_arm_in_a_waving_motion,57,True
10549,0.8255,0.6581,0.5433,Someone_makes_a_waving_motion_with_their_left_arm,35,True
10550,0.836,0.6501,0.5435,Someone_moves_their_left_arm_to_greet,23,True
10551,0.7069,0.7691,0.5436,An_individual_makes_a_high_jump,4,True
10552,0.868,0.6264,0.5437,An_individual_extends_their_right_arm_to_their_head,68,True
10553,0.8387,0.6482,0.5437,An_individual_raises_their_left_arm_to_wave,54,True
10554,0.8277,0.6569,0.5437,An_individual_uses_their_left_arm_to_wave,17,True
10555,0.7284,0.7466,0.5438,A_person_lifts_their_left_arm_to_signal,83,True
10556,0.799,0.6809,0.544,An_individual_does_a_set_of_push-ups,58,True
10557,0.7723,0.7046,0.5441,A_person_lifts_their_left_arm_to_signal,52,True
10558,0.8123,0.6704,0.5446,An_individual_raises_their_left_arm_to_wave,47,True
10559,0.8365,0.6512,0.5447,Someone_moves_their_left_arm_to_greet,79,True
10560,0.7938,0.687,0.5453,An_individual_raises_their_left_arm_to_wave,50,True
10561,0.8959,0.6091,0.5457,A_person_positions_their_right_arm_to_touch_their_head,98,True
10562,0.7978,0.6841,0.5458,Someone_executes_push-ups,23,True
10563,0.8298,0.6582,0.5462,An_individual_raises_their_left_arm_to_wave,16,True
10564,0.72,0.7587,0.5463,A_person_lifts_their_left_arm_to_signal,70,True
10565,0.8644,0.6322,0.5464,A_person_positions_their_right_arm_to_touch_their_head,58,True
10566,0.8787,0.6221,0.5467,An_individual_extends_their_right_arm_to_their_head,18,True
10567,0.8376,0.653,0.547,Someone_makes_a_waving_motion_with_their_left_arm,36,True
10568,0.8581,0.6375,0.5471,Someone_moves_their_left_arm_to_greet,83,True
10569,0.7525,0.7271,0.5471,An_individual_makes_a_high_jump,72,True
10570,0.7783,0.7032,0.5473,A_person_jumps_straight_up,75,True
10571,0.7389,0.7409,0.5474,A_person_lifts_their_left_arm_to_signal,8,True
10572,0.6647,0.8235,0.5474,A_person_lifts_their_left_arm_to_signal,3,True
10573,0.7773,0.7046,0.5476,An_individual_makes_a_high_jump,74,True
10574,0.8448,0.6481,0.5476,A_person_moves_their_left_arm_in_a_waving_motion,84,True
10575,0.8251,0.6637,0.5477,A_person_positions_their_right_arm_to_touch_their_head,67,True
10576,0.7592,0.7217,0.548,Someone_gestures_with_their_left_arm,95,True
10577,0.8545,0.6413,0.548,An_individual_extends_their_right_arm_to_their_head,44,True
10578,0.8369,0.6554,0.5485,An_individual_uses_their_left_arm_to_wave,95,True
10579,0.8052,0.6812,0.5485,Someone_works_out_with_push-ups,43,True
10580,0.8643,0.635,0.5488,An_individual_uses_their_left_arm_to_wave,99,True
10581,0.7838,0.7002,0.5489,A_person_jumps_very_high,43,True
10582,0.8423,0.6517,0.5489,An_individual_uses_their_left_arm_to_wave,69,True
10583,0.7418,0.7402,0.549,An_individual_makes_a_high_jump,5,True
10584,0.8783,0.6255,0.5493,An_individual_extends_their_right_arm_to_their_head,55,True
10585,0.713,0.7704,0.5493,An_individual_makes_a_high_jump,68,True
10586,0.679,0.809,0.5493,A_person_lifts_their_left_arm_to_signal,4,True
10587,0.7532,0.7293,0.5493,A_person_jumps_very_high,27,True
10588,0.7529,0.7297,0.5494,A_person_lifts_their_left_arm_to_signal,15,True
10589,0.862,0.6375,0.5495,A_person_moves_their_left_arm_in_a_waving_motion,15,True
10590,0.749,0.7345,0.5501,A_person_lifts_their_left_arm_to_signal,50,True
10591,0.8671,0.6349,0.5505,Someone_moves_their_left_arm_to_greet,35,True
10592,0.8304,0.6632,0.5507,Someone_makes_a_waving_motion_with_their_left_arm,95,True
10593,0.8119,0.6784,0.5508,An_individual_raises_their_left_arm_to_wave,98,True
10594,0.8321,0.6619,0.5508,Someone_raises_their_right_arm_to_reach_their_head,35,True
10595,0.7717,0.714,0.551,Someone_executes_push-ups,74,True
10596,0.8364,0.6589,0.5511,A_person_moves_their_right_arm_to_touch_their_head,9,True
10597,0.7944,0.6938,0.5512,An_individual_raises_their_left_arm_to_wave,90,True
10598,0.8394,0.6567,0.5512,Someone_raises_their_right_arm_to_reach_their_head,68,True
10599,0.8328,0.6619,0.5513,Someone_moves_their_left_arm_to_greet,43,True
10600,0.7901,0.6977,0.5513,Someone_applauds_by_clapping,97,True
10601,0.8519,0.6472,0.5514,Someone_moves_their_left_arm_to_greet,66,True
10602,0.8455,0.653,0.5521,A_person_moves_their_left_arm_in_a_waving_motion,32,True
10603,0.7909,0.6981,0.5521,A_person_is_completing_push-ups,39,True
10604,0.8569,0.6443,0.5521,Someone_makes_a_waving_motion_with_their_left_arm,64,True
10605,0.8194,0.6743,0.5525,Someone_moves_their_left_arm_to_greet,8,True
10606,0.8276,0.6675,0.5525,Someone_moves_their_left_arm_to_greet,13,True
10607,0.7808,0.7081,0.5529,Someone_executes_push-ups,33,True
10608,0.83,0.6665,0.5532,Someone_moves_their_left_arm_to_greet,40,True
10609,0.7566,0.7313,0.5533,An_individual_makes_a_clapping_motion,16,True
10610,0.8643,0.6405,0.5535,Someone_lifts_their_right_arm_and_touches_their_head,1,True
10611,0.7153,0.7738,0.5535,A_person_lifts_their_left_arm_to_signal,54,True
10612,0.7195,0.7693,0.5535,A_person_lifts_their_left_arm_to_signal,75,True
10613,0.8236,0.6723,0.5537,Someone_makes_a_waving_motion_with_their_left_arm,51,True
10614,0.7375,0.7509,0.5538,A_person_jumps_very_high,67,True
10615,0.7322,0.7572,0.5544,A_person_jumps_straight_up,41,True
10616,0.8163,0.6792,0.5544,An_individual_uses_their_left_arm_to_wave,25,True
10617,0.8358,0.6635,0.5545,An_individual_raises_their_left_arm_to_wave,24,True
10618,0.8344,0.665,0.5549,Someone_makes_a_waving_motion_with_their_left_arm,85,True
10619,0.8408,0.6601,0.555,Someone_makes_a_waving_motion_with_their_left_arm,10,True
10620,0.8604,0.6454,0.5553,Someone_lifts_their_right_arm_and_touches_their_head,15,True
10621,0.6829,0.8131,0.5553,A_person_lifts_their_left_arm_to_signal,89,True
10622,0.8193,0.678,0.5555,An_individual_raises_their_left_arm_to_wave,69,True
10623,0.8383,0.6626,0.5555,Someone_moves_their_left_arm_to_greet,58,True
10624,0.793,0.7008,0.5557,Someone_makes_a_waving_motion_with_their_left_arm,0,True
10625,0.7806,0.7118,0.5557,A_person_jumps_very_high,32,True
10626,0.7634,0.728,0.5558,A_person_jumps_very_high,1,True
10627,0.8241,0.6744,0.5558,An_individual_uses_their_left_arm_to_wave,79,True
10628,0.8357,0.665,0.5558,Someone_makes_a_waving_motion_with_their_left_arm,52,True
10629,0.8216,0.6768,0.5561,Someone_makes_a_waving_motion_with_their_left_arm,77,True
10630,0.7594,0.7326,0.5563,A_person_creates_a_clapping_noise_with_their_hands,89,True
10631,0.8371,0.6646,0.5563,An_individual_raises_their_left_arm_to_wave,0,True
10632,0.8808,0.6316,0.5563,A_person_positions_their_right_arm_to_touch_their_head,2,True
10633,0.7009,0.7937,0.5563,A_person_lifts_their_left_arm_to_signal,29,True
10634,0.8843,0.6295,0.5566,An_individual_brings_their_right_arm_up_to_their_head,33,True
10635,0.8448,0.6588,0.5566,Someone_moves_their_left_arm_to_greet,92,True
10636,0.8161,0.6822,0.5567,An_individual_waves_hello_with_their_left_arm,80,True
10637,0.8197,0.6791,0.5567,Someone_makes_a_waving_motion_with_their_left_arm,18,True
10638,0.7071,0.7873,0.5567,A_person_jumps_very_high,69,True
10639,0.8114,0.6863,0.5569,An_individual_uses_their_left_arm_to_wave,74,True
10640,0.8117,0.6861,0.5569,An_individual_raises_their_left_arm_to_wave,71,True
10641,0.8172,0.682,0.5573,A_person_moves_their_left_arm_in_a_waving_motion,8,True
10642,0.7732,0.7208,0.5573,Someone_applauds_by_clapping,80,True
10643,0.8701,0.6408,0.5576,A_person_moves_their_left_arm_in_a_waving_motion,48,True
10644,0.7513,0.7421,0.5576,A_person_jumps_really_high,27,True
10645,0.8122,0.6868,0.5579,Someone_makes_a_waving_motion_with_their_left_arm,74,True
10646,0.8411,0.6637,0.5583,An_individual_raises_their_left_arm_to_wave,35,True
10647,0.859,0.65,0.5584,A_person_moves_their_right_arm_to_touch_their_head,97,True
10648,0.7508,0.744,0.5586,A_person_turns_around_in_a_pirouette,1,True
10649,0.7661,0.7293,0.5587,A_person_jumps_very_high,95,True
10650,0.8078,0.6918,0.5588,A_person_is_completing_push-ups,80,True
10651,0.8342,0.6703,0.5592,Someone_moves_their_left_arm_to_greet,87,True
10652,0.8867,0.6313,0.5598,Someone_lifts_their_right_arm_and_touches_their_head,10,True
10653,0.8558,0.6544,0.56,An_individual_raises_their_left_arm_to_wave,92,True
10654,0.8131,0.689,0.5603,An_individual_uses_their_left_arm_to_wave,47,True
10655,0.828,0.6769,0.5604,Someone_lifts_their_right_arm_and_touches_their_head,66,True
10656,0.7246,0.7736,0.5605,A_person_lifts_their_left_arm_to_signal,14,True
10657,0.7479,0.7502,0.5611,A_person_lifts_their_left_arm_to_signal,33,True
10658,0.8146,0.6894,0.5616,Someone_makes_a_waving_motion_with_their_left_arm,19,True
10659,0.8468,0.6639,0.5622,Someone_makes_a_waving_motion_with_their_left_arm,11,True
10660,0.834,0.6741,0.5622,Someone_makes_a_waving_motion_with_their_left_arm,81,True
10661,0.8397,0.6696,0.5623,A_person_positions_their_right_arm_to_touch_their_head,6,True
10662,0.8398,0.6697,0.5624,An_individual_raises_their_left_arm_to_wave,59,True
10663,0.7619,0.7388,0.5629,A_person_jumps_very_high,58,True
10664,0.8925,0.6308,0.563,A_person_moves_their_left_arm_in_a_waving_motion,10,True
10665,0.8274,0.6806,0.5632,A_person_moves_their_left_arm_in_a_waving_motion,31,True
10666,0.8548,0.659,0.5633,An_individual_raises_their_left_arm_to_wave,7,True
10667,0.7556,0.7473,0.5646,A_person_jumps_very_high,85,True
10668,0.8379,0.6738,0.5646,Someone_makes_a_waving_motion_with_their_left_arm,14,True
10669,0.7691,0.7345,0.5649,A_person_lifts_their_left_arm_to_signal,64,True
10670,0.784,0.7205,0.5649,A_person_jumps_straight_up,36,True
10671,0.8183,0.691,0.5655,Someone_makes_a_waving_motion_with_their_left_arm,55,True
10672,0.8453,0.6691,0.5656,Someone_makes_a_waving_motion_with_their_left_arm,30,True
10673,0.8005,0.7069,0.5658,An_individual_lifts_a_knee_up_to_their_chest,25,True
10674,0.8421,0.6722,0.566,Someone_makes_a_waving_motion_with_their_left_arm,78,True
10675,0.7397,0.7653,0.5661,A_person_jumps_very_high,82,True
10676,0.8478,0.6678,0.5662,A_person_moves_their_left_arm_in_a_waving_motion,33,True
10677,0.7933,0.7139,0.5663,Someone_works_out_with_push-ups,94,True
10678,0.8044,0.7047,0.5669,Someone_makes_a_waving_motion_with_their_left_arm,38,True
10679,0.8436,0.672,0.5669,A_person_moves_their_left_arm_in_a_waving_motion,62,True
10680,0.8031,0.7062,0.5672,A_person_does_a_forward_roll_and_gets_up,9,True
10681,0.8631,0.6572,0.5672,A_person_positions_their_right_arm_to_touch_their_head,73,True
10682,0.8038,0.7061,0.5675,Someone_works_out_with_push-ups,93,True
10683,0.8213,0.6914,0.5678,An_individual_raises_their_left_arm_to_wave,62,True
10684,0.8807,0.6448,0.5678,An_individual_extends_their_right_arm_to_their_head,47,True
10685,0.7536,0.7534,0.5678,A_person_lifts_their_left_arm_to_signal,92,True
10686,0.8001,0.7098,0.5679,Someone_makes_a_waving_motion_with_their_left_arm,91,True
10687,0.8322,0.6827,0.5681,Someone_makes_a_waving_motion_with_their_left_arm,16,True
10688,0.8732,0.6508,0.5683,A_person_positions_their_right_arm_to_touch_their_head,56,True
10689,0.8277,0.6867,0.5684,Someone_executes_push-ups,50,True
10690,0.8335,0.6824,0.5687,An_individual_uses_their_left_arm_to_wave,4,True
10691,0.8686,0.6552,0.569,A_person_positions_their_right_arm_to_touch_their_head,23,True
10692,0.8594,0.6624,0.5693,Someone_lifts_their_right_arm_and_touches_their_head,48,True
10693,0.7587,0.7506,0.5694,A_person_jumps_straight_up,52,True
10694,0.8661,0.6578,0.5697,Someone_makes_a_waving_motion_with_their_left_arm,40,True
10695,0.8581,0.664,0.5698,An_individual_extends_their_right_arm_to_their_head,96,True
10696,0.8795,0.6481,0.5701,A_person_moves_their_left_arm_in_a_waving_motion,53,True
10697,0.8177,0.6972,0.5701,A_person_moves_their_left_arm_in_a_waving_motion,4,True
10698,0.7515,0.7586,0.5701,A_person_jumps_very_high,34,True
10699,0.7864,0.725,0.5702,An_individual_makes_a_high_jump,1,True
10700,0.8731,0.6534,0.5705,A_person_moves_their_left_arm_in_a_waving_motion,50,True
10701,0.8686,0.6571,0.5708,Someone_moves_their_left_arm_to_greet,78,True
10702,0.7939,0.7192,0.5709,Someone_gestures_with_their_left_arm,14,True
10703,0.8726,0.6543,0.5709,A_person_moves_their_left_arm_in_a_waving_motion,64,True
10704,0.8715,0.6554,0.5712,An_individual_extends_their_right_arm_to_their_head,58,True
10705,0.826,0.6915,0.5712,An_individual_raises_their_left_arm_to_wave,81,True
10706,0.8123,0.7036,0.5715,Someone_makes_a_waving_motion_with_their_left_arm,41,True
10707,0.8485,0.6735,0.5715,Someone_moves_their_left_arm_to_greet,71,True
10708,0.8737,0.6543,0.5716,A_person_positions_their_right_arm_to_touch_their_head,57,True
10709,0.8245,0.6938,0.572,An_individual_raises_their_left_arm_to_wave,83,True
10710,0.8422,0.6795,0.5722,A_person_moves_their_left_arm_in_a_waving_motion,14,True
10711,0.8695,0.6583,0.5724,A_person_moves_their_left_arm_in_a_waving_motion,60,True
10712,0.8402,0.6812,0.5724,An_individual_raises_their_left_arm_to_wave,15,True
10713,0.8388,0.683,0.5729,An_individual_uses_their_left_arm_to_wave,14,True
10714,0.8405,0.6821,0.5733,An_individual_raises_their_left_arm_to_wave,10,True
10715,0.8493,0.675,0.5733,Someone_moves_their_left_arm_to_greet,32,True
10716,0.8293,0.6914,0.5734,Someone_makes_a_waving_motion_with_their_left_arm,6,True
10717,0.806,0.7119,0.5738,A_person_is_completing_push-ups,61,True
10718,0.8136,0.7054,0.574,Someone_makes_a_waving_motion_with_their_left_arm,1,True
10719,0.8834,0.6499,0.5741,A_person_positions_their_right_arm_to_touch_their_head,19,True
10720,0.8646,0.6645,0.5745,Someone_makes_a_waving_motion_with_their_left_arm,86,True
10721,0.7269,0.7909,0.5749,A_person_lifts_their_left_arm_to_signal,32,True
10722,0.76,0.7567,0.575,A_person_lifts_their_left_arm_to_signal,22,True
10723,0.7591,0.7583,0.5757,A_person_jumps_very_high,78,True
10724,0.8486,0.6785,0.5758,Someone_makes_a_waving_motion_with_their_left_arm,63,True
10725,0.9149,0.6297,0.5761,Someone_lifts_their_right_arm_and_touches_their_head,40,True
10726,0.8245,0.6989,0.5762,A_person_moves_their_left_arm_in_a_waving_motion,37,True
10727,0.8296,0.6949,0.5765,Someone_makes_a_waving_motion_with_their_left_arm,39,True
10728,0.8694,0.6633,0.5767,A_person_moves_their_left_arm_in_a_waving_motion,82,True
10729,0.8662,0.6657,0.5767,A_person_positions_their_right_arm_to_touch_their_head,7,True
10730,0.8317,0.6947,0.5778,Someone_works_out_with_push-ups,4,True
10731,0.868,0.6658,0.5779,An_individual_brings_their_right_arm_up_to_their_head,69,True
10732,0.7966,0.7254,0.5779,Someone_makes_a_waving_motion_with_their_left_arm,88,True
10733,0.802,0.7207,0.578,An_individual_jumps_up_into_the_air,10,True
10734,0.8336,0.6935,0.5781,Someone_makes_a_waving_motion_with_their_left_arm,43,True
10735,0.8331,0.6945,0.5785,Someone_moves_their_left_arm_to_greet,69,True
10736,0.8497,0.6809,0.5786,A_person_moves_their_left_arm_in_a_waving_motion,94,True
10737,0.8196,0.706,0.5787,Someone_executes_push-ups,43,True
10738,0.8443,0.6856,0.5788,Someone_makes_a_waving_motion_with_their_left_arm,56,True
10739,0.8245,0.702,0.5788,An_individual_uses_their_left_arm_to_wave,84,True
10740,0.8222,0.7041,0.5789,Someone_makes_a_waving_motion_with_their_left_arm,54,True
10741,0.9015,0.6423,0.5791,A_person_positions_their_right_arm_to_touch_their_head,95,True
10742,0.8395,0.6901,0.5793,An_individual_raises_their_left_arm_to_wave,44,True
10743,0.8547,0.6779,0.5793,Someone_makes_a_waving_motion_with_their_left_arm,12,True
10744,0.8704,0.6665,0.5801,Someone_raises_their_right_arm_to_reach_their_head,44,True
10745,0.8576,0.6767,0.5803,Someone_makes_a_waving_motion_with_their_left_arm,70,True
10746,0.8905,0.6518,0.5804,Someone_lifts_their_right_arm_and_touches_their_head,31,True
10747,0.8126,0.7143,0.5805,An_individual_raises_their_left_arm_to_wave,80,True
10748,0.756,0.768,0.5806,A_person_jumps_very_high,93,True
10749,0.9147,0.6358,0.5816,Someone_waves_their_left_arm,87,True
10750,0.9014,0.6473,0.5834,A_person_moves_their_left_arm_in_a_waving_motion,85,True
10751,0.8517,0.6851,0.5835,A_person_moves_their_right_arm_to_touch_their_head,36,True
10752,0.8937,0.6535,0.5841,A_person_positions_their_right_arm_to_touch_their_head,60,True
10753,0.8878,0.658,0.5842,A_person_moves_their_left_arm_in_a_waving_motion,42,True
10754,0.8515,0.6863,0.5844,Someone_makes_a_waving_motion_with_their_left_arm,46,True
10755,0.8333,0.7016,0.5846,An_individual_raises_their_left_arm_to_wave,25,True
10756,0.8698,0.6722,0.5847,A_person_moves_their_left_arm_in_a_waving_motion,23,True
10757,0.8863,0.66,0.585,Someone_lifts_their_right_arm_and_touches_their_head,95,True
10758,0.8511,0.6883,0.5858,An_individual_raises_their_left_arm_to_wave,14,True
10759,0.7819,0.75,0.5864,A_person_lifts_their_left_arm_to_signal,25,True
10760,0.8514,0.6889,0.5865,A_person_jumps_straight_up,38,True
10761,0.8,0.7331,0.5865,An_individual_raises_their_left_arm_to_wave,4,True
10762,0.7955,0.7373,0.5865,A_person_jumps_straight_up,42,True
10763,0.9091,0.6452,0.5866,An_individual_extends_their_right_arm_to_their_head,91,True
10764,0.8701,0.6742,0.5866,A_person_moves_their_left_arm_in_a_waving_motion,96,True
10765,0.8979,0.6534,0.5867,A_person_positions_their_right_arm_to_touch_their_head,75,True
10766,0.7654,0.7667,0.5868,A_person_lifts_their_left_arm_to_signal,20,True
10767,0.7974,0.7368,0.5875,Someone_applauds_by_clapping,16,True
10768,0.8691,0.6766,0.588,An_individual_raises_their_left_arm_to_wave,26,True
10769,0.8209,0.7164,0.5881,An_individual_does_a_set_of_push-ups,17,True
10770,0.8557,0.6874,0.5882,Someone_makes_a_waving_motion_with_their_left_arm,23,True
10771,0.8603,0.6848,0.5891,A_person_positions_their_right_arm_to_touch_their_head,84,True
10772,0.7812,0.7541,0.5891,A_person_jumps_very_high,97,True
10773,0.8322,0.7082,0.5894,An_individual_uses_their_left_arm_to_wave,71,True
10774,0.8604,0.685,0.5894,A_person_moves_their_left_arm_in_a_waving_motion,55,True
10775,0.8784,0.6719,0.5902,Someone_moves_their_left_arm_to_greet,62,True
10776,0.8447,0.6987,0.5902,An_individual_raises_their_left_arm_to_wave,67,True
10777,0.8496,0.6949,0.5904,Someone_makes_a_waving_motion_with_their_left_arm,29,True
10778,0.8736,0.6775,0.5918,A_person_moves_their_left_arm_in_a_waving_motion,70,True
10779,0.8559,0.6916,0.592,A_person_moves_their_left_arm_in_a_waving_motion,45,True
10780,0.9145,0.6475,0.5922,An_individual_extends_their_right_arm_to_their_head,4,True
10781,0.8495,0.6974,0.5924,Someone_moves_their_left_arm_to_greet,6,True
10782,0.797,0.7443,0.5932,An_individual_jumps_up_into_the_air,56,True
10783,0.7718,0.7686,0.5933,A_person_lifts_their_left_arm_to_signal,95,True
10784,0.8706,0.6816,0.5934,A_person_moves_their_left_arm_in_a_waving_motion,44,True
10785,0.8218,0.7224,0.5936,An_individual_raises_their_left_arm_to_wave,61,True
10786,0.8364,0.7101,0.5939,Someone_makes_a_waving_motion_with_their_left_arm,58,True
10787,0.8642,0.6879,0.5944,Someone_moves_their_left_arm_to_greet,45,True
10788,0.8231,0.7224,0.5946,Someone_makes_a_waving_motion_with_their_left_arm,57,True
10789,0.8994,0.6611,0.5946,Someone_moves_their_left_arm_to_greet,53,True
10790,0.7737,0.7687,0.5947,An_individual_makes_a_high_jump,50,True
10791,0.8575,0.6946,0.5956,Someone_makes_a_waving_motion_with_their_left_arm,87,True
10792,0.9206,0.6475,0.5961,An_individual_brings_their_right_arm_up_to_their_head,91,True
10793,0.8361,0.7133,0.5964,A_person_moves_their_left_arm_in_a_waving_motion,63,True
10794,0.8494,0.7022,0.5964,An_individual_uses_their_left_arm_to_wave,51,True
10795,0.8406,0.7102,0.597,An_individual_raises_their_left_arm_to_wave,51,True
10796,0.8558,0.6979,0.5973,Someone_makes_a_waving_motion_with_their_left_arm,98,True
10797,0.8338,0.7163,0.5973,Someone_moves_their_left_arm_to_greet,49,True
10798,0.784,0.762,0.5974,A_person_lifts_their_left_arm_to_signal,55,True
10799,0.8359,0.7152,0.5978,Someone_moves_their_left_arm_to_greet,65,True
10800,0.8129,0.7355,0.5979,A_person_lifts_their_left_arm_to_signal,10,True
10801,0.8698,0.6878,0.5982,A_person_moves_their_left_arm_in_a_waving_motion,71,True
10802,0.8456,0.7074,0.5982,Someone_makes_a_waving_motion_with_their_left_arm,80,True
10803,0.7506,0.797,0.5982,A_person_lifts_their_left_arm_to_signal,35,True
10804,0.8762,0.6833,0.5987,A_person_moves_their_left_arm_in_a_waving_motion,3,True
10805,0.732,0.8188,0.5993,A_person_jumps_very_high,10,True
10806,0.9001,0.6659,0.5993,A_person_positions_their_right_arm_to_touch_their_head,94,True
10807,0.8353,0.7175,0.5994,Someone_makes_a_waving_motion_with_their_left_arm,7,True
10808,0.8068,0.7435,0.5998,A_person_lifts_their_left_arm_to_signal,78,True
10809,0.7722,0.7772,0.6001,A_person_lifts_their_left_arm_to_signal,26,True
10810,0.8552,0.7019,0.6002,Someone_makes_a_waving_motion_with_their_left_arm,21,True
10811,0.8682,0.6918,0.6006,An_individual_raises_their_left_arm_to_wave,74,True
10812,0.8894,0.6762,0.6014,A_person_moves_their_left_arm_in_a_waving_motion,59,True
10813,0.8303,0.7252,0.6021,An_individual_raises_their_left_arm_to_wave,43,True
10814,0.8349,0.7216,0.6024,A_person_moves_their_left_arm_in_a_waving_motion,18,True
10815,0.8853,0.6814,0.6032,A_person_raises_the_right_arm_to_touch_their_head,33,True
10816,0.7512,0.8036,0.6036,A_person_jumps_very_high,86,True
10817,0.8947,0.6748,0.6037,A_person_positions_their_right_arm_to_touch_their_head,97,True
10818,0.8295,0.7282,0.604,A_person_moves_their_left_arm_in_a_waving_motion,13,True
10819,0.8641,0.6998,0.6047,A_person_moves_their_left_arm_in_a_waving_motion,27,True
10820,0.9016,0.6713,0.6053,A_person_positions_their_right_arm_to_touch_their_head,40,True
10821,0.8699,0.6959,0.6054,A_person_moves_their_left_arm_in_a_waving_motion,51,True
10822,0.8741,0.6926,0.6054,A_person_moves_their_left_arm_in_a_waving_motion,38,True
10823,0.8793,0.6889,0.6057,A_person_moves_their_left_arm_in_a_waving_motion,98,True
10824,0.8567,0.7074,0.606,An_individual_raises_their_left_arm_to_wave,13,True
10825,0.8539,0.7099,0.6062,An_individual_raises_their_left_arm_to_wave,31,True
10826,0.8668,0.6993,0.6062,A_person_moves_their_left_arm_in_a_waving_motion,73,True
10827,0.8377,0.7261,0.6083,Someone_makes_a_waving_motion_with_their_left_arm,93,True
10828,0.8889,0.6851,0.609,Someone_moves_their_left_arm_to_greet,54,True
10829,0.873,0.6979,0.6092,A_person_moves_their_left_arm_in_a_waving_motion,25,True
10830,0.8673,0.7026,0.6093,Someone_makes_a_waving_motion_with_their_left_arm,97,True
10831,0.8205,0.7433,0.6099,A_person_lifts_their_left_arm_to_signal,7,True
10832,0.9107,0.6698,0.61,A_person_positions_their_right_arm_to_touch_their_head,36,True
10833,0.8958,0.6812,0.6102,Someone_makes_a_waving_motion_with_their_left_arm,33,True
10834,0.9182,0.6654,0.611,An_individual_extends_their_right_arm_to_their_head,40,True
10835,0.8889,0.6876,0.6112,Someone_makes_a_waving_motion_with_their_left_arm,31,True
10836,0.8761,0.6988,0.6122,An_individual_brings_their_knee_close_to_their_chest,56,True
10837,0.8765,0.6985,0.6123,An_individual_uses_their_left_arm_to_wave,61,True
10838,0.8393,0.7335,0.6156,Someone_makes_a_waving_motion_with_their_left_arm,28,True
10839,0.8891,0.6924,0.6157,A_person_moves_their_left_arm_in_a_waving_motion,79,True
10840,0.8287,0.7436,0.6162,Someone_makes_a_waving_motion_with_their_left_arm,25,True
10841,0.877,0.7034,0.6169,Someone_makes_a_waving_motion_with_their_left_arm,8,True
10842,0.8844,0.6991,0.6183,An_individual_raises_their_left_arm_to_wave,58,True
10843,0.8728,0.7094,0.6191,Someone_makes_a_waving_motion_with_their_left_arm,79,True
10844,0.846,0.7319,0.6191,An_individual_raises_their_left_arm_to_wave,87,True
10845,0.7931,0.7818,0.6201,A_person_lifts_their_left_arm_to_signal,61,True
10846,0.8467,0.7328,0.6204,A_person_moves_their_left_arm_in_a_waving_motion,6,True
10847,0.9047,0.6867,0.6213,A_person_positions_their_right_arm_to_touch_their_head,69,True
10848,0.8942,0.6951,0.6215,An_individual_raises_their_left_arm_to_wave,45,True
10849,0.8475,0.7336,0.6217,An_individual_raises_their_left_arm_to_wave,27,True
10850,0.8828,0.7043,0.6217,A_person_moves_their_left_arm_in_a_waving_motion,22,True
10851,0.8575,0.7261,0.6226,An_individual_raises_their_left_arm_to_wave,32,True
10852,0.8828,0.7053,0.6226,An_individual_raises_their_left_arm_to_wave,12,True
10853,0.8575,0.7265,0.623,Someone_makes_a_waving_motion_with_their_left_arm,65,True
10854,0.8447,0.7395,0.6247,Someone_makes_a_waving_motion_with_their_left_arm,90,True
10855,0.8707,0.7178,0.6251,An_individual_uses_their_left_arm_to_wave,40,True
10856,0.8729,0.7172,0.6261,A_person_moves_their_left_arm_in_a_waving_motion,40,True
10857,0.8429,0.744,0.6271,A_person_jumps_straight_up,95,True
10858,0.8621,0.7299,0.6292,An_individual_raises_their_left_arm_to_wave,30,True
10859,0.8311,0.7585,0.6304,An_individual_raises_their_left_arm_to_wave,96,True
10860,0.8711,0.7253,0.6318,Someone_makes_a_waving_motion_with_their_left_arm,62,True
10861,0.8649,0.7305,0.6318,A_person_moves_their_left_arm_in_a_waving_motion,5,True
10862,0.8875,0.7122,0.6321,An_individual_raises_their_left_arm_to_wave,78,True
10863,0.8415,0.7525,0.6332,A_person_jumps_straight_up,96,True
10864,0.8987,0.7047,0.6333,Someone_moves_their_left_arm_to_greet,16,True
10865,0.8866,0.7144,0.6334,Someone_moves_their_left_arm_to_greet,3,True
10866,0.872,0.7271,0.6341,A_person_does_a_forward_roll_and_gets_up,45,True
10867,0.8827,0.72,0.6355,An_individual_raises_their_left_arm_to_wave,85,True
10868,0.8143,0.782,0.6368,An_individual_makes_a_high_jump,96,True
10869,0.7816,0.8151,0.6371,A_person_lifts_their_left_arm_to_signal,57,True
10870,0.7858,0.8115,0.6377,A_person_lifts_their_left_arm_to_signal,58,True
10871,0.9038,0.7078,0.6397,A_person_positions_their_right_arm_to_touch_their_head,81,True
10872,0.8723,0.7351,0.6412,Someone_moves_their_left_arm_to_greet,15,True
10873,0.8749,0.7342,0.6424,A_person_moves_their_left_arm_in_a_waving_motion,88,True
10874,0.8787,0.7318,0.643,An_individual_raises_their_left_arm_to_wave,95,True
10875,0.8546,0.7535,0.6439,An_individual_raises_their_left_arm_to_wave,76,True
10876,0.8904,0.7315,0.6514,A_person_moves_their_left_arm_in_a_waving_motion,30,True
10877,0.8809,0.7397,0.6516,An_individual_raises_their_left_arm_to_wave,3,True
10878,0.8186,0.7988,0.6539,A_person_lifts_their_left_arm_to_signal,73,True
10879,0.915,0.7171,0.6561,A_person_moves_their_left_arm_in_a_waving_motion,66,True
10880,0.9005,0.7287,0.6562,A_person_moves_their_left_arm_in_a_waving_motion,12,True
10881,0.7729,0.8511,0.6578,A_person_lifts_their_left_arm_to_signal,86,True
10882,0.8813,0.7469,0.6582,Someone_makes_a_waving_motion_with_their_left_arm,42,True
10883,0.8745,0.7607,0.6652,Someone_makes_a_waving_motion_with_their_left_arm,99,True
10884,0.9038,0.7366,0.6657,A_person_moves_their_left_arm_in_a_waving_motion,16,True
10885,0.9228,0.7221,0.6663,A_person_positions_their_right_arm_to_touch_their_head,14,True
10886,0.8806,0.7602,0.6695,Someone_makes_a_waving_motion_with_their_left_arm,4,True
10887,0.8543,0.788,0.6732,A_person_jumps_straight_up,9,True
10888,0.8766,0.7683,0.6735,Someone_makes_a_waving_motion_with_their_left_arm,20,True
10889,0.9022,0.754,0.6803,A_person_positions_their_right_arm_to_touch_their_head,33,True
10890,0.9064,0.7523,0.6819,An_individual_raises_their_left_arm_to_wave,64,True
10891,0.8834,0.7743,0.684,An_individual_raises_their_left_arm_to_wave,8,True
10892,0.9114,0.7542,0.6874,An_individual_raises_their_left_arm_to_wave,39,True
10893,0.8965,0.7802,0.6995,Someone_makes_a_waving_motion_with_their_left_arm,71,True
10894,0.9302,0.7525,0.6999,A_person_moves_their_left_arm_in_a_waving_motion,87,True
10895,0.8649,0.8164,0.7061,A_person_jumps_straight_up,34,True
10896,0.9387,0.7542,0.708,An_individual_raises_their_left_arm_to_wave,70,True
10897,0.911,0.7828,0.7131,An_individual_raises_their_left_arm_to_wave,55,True
10898,0.9142,0.7809,0.7139,An_individual_raises_their_left_arm_to_wave,19,True
10899,0.8967,0.8206,0.7359,A_person_jumps_straight_up,10,True
